time,stock_open,stock_high,stock_low,stock_close,stock_volume,benchmark_close,USDVND,OIL,GOLD,SP500
2006-12-13,9.63,9.63,9.63,9.63,83530,741.0,15499.0,61.369998931884766,627.9000244140625,1413.2099609375
2006-12-14,10.11,10.11,10.11,10.11,280710,757.0,15459.0,62.5099983215332,626.5999755859375,1425.489990234375
2006-12-15,10.61,10.61,10.61,10.61,265300,776.0,15444.0,63.43000030517578,615.0,1427.0899658203125
2006-12-18,11.14,11.14,11.14,11.14,215790,780.0,15444.0,62.209999084472656,614.0,1422.47998046875
2006-12-19,11.7,11.7,11.7,11.7,137520,799.0,16062.0,63.150001525878906,621.5999755859375,1425.550048828125
2006-12-20,12.27,12.27,12.27,12.27,220120,810.0,15458.0,63.720001220703125,620.5999755859375,1423.530029296875
2006-12-21,12.06,12.06,11.67,11.67,156400,779.0,15415.0,62.65999984741211,618.2000122070312,1418.300048828125
2006-12-22,11.09,11.09,11.09,11.09,143500,744.0,15483.0,62.40999984741211,619.0999755859375,1410.760009765625
2006-12-25,10.54,10.54,10.54,10.54,22140,735.0,15483.0,62.40999984741211,619.0999755859375,1410.760009765625
2006-12-26,10.04,11.05,10.04,11.05,300150,748.0,16055.0,61.099998474121094,623.7000122070312,1416.9000244140625
2006-12-27,11.55,11.55,11.05,11.55,413230,755.0,15451.0,60.34000015258789,627.2000122070312,1426.8399658203125
2006-12-28,11.31,11.55,11.31,11.55,144840,754.0,15401.0,60.529998779296875,634.0999755859375,1424.72998046875
2006-12-29,11.19,11.19,11.07,11.07,69760,752.0,16035.0,61.04999923706055,635.2000122070312,1418.300048828125
2007-01-02,10.83,10.83,10.59,10.59,81170,741.0,15423.0,61.04999923706055,635.2000122070312,1418.300048828125
2007-01-03,10.59,10.83,10.59,10.83,74660,758.0,15476.0,58.31999969482422,627.0999755859375,1416.5999755859375
2007-01-04,11.36,11.36,11.36,11.36,148510,789.0,15419.0,55.59000015258789,623.9000244140625,1418.3399658203125
2007-01-05,11.91,11.91,11.91,11.91,377800,819.0,15507.0,56.310001373291016,604.9000244140625,1409.7099609375
2007-01-08,12.27,12.27,11.79,11.79,351470,825.0,15403.0,56.09000015258789,607.5,1412.8399658203125
2007-01-09,11.91,11.91,11.79,11.79,225270,845.0,15448.0,55.63999938964844,613.0999755859375,1412.1099853515625
2007-01-10,11.79,11.91,11.79,11.91,314250,866.0,15451.0,54.02000045776367,611.5999755859375,1414.8499755859375
2007-01-11,12.03,12.03,12.03,12.03,283920,885.0,15446.0,51.880001068115234,612.4000244140625,1423.8199462890625
2007-01-12,12.63,12.63,12.63,12.63,279710,915.0,15468.0,52.9900016784668,625.5,1430.72998046875
2007-01-15,12.88,13.26,12.88,13.26,274290,947.0,15387.0,52.9900016784668,625.5,1430.72998046875
2007-01-16,13.91,13.91,13.91,13.91,339760,984.0,15469.0,51.209999084472656,624.5999755859375,1431.9000244140625
2007-01-17,14.42,14.42,13.24,13.24,145870,965.0,15469.0,52.2400016784668,632.0999755859375,1430.6199951171875
2007-01-18,12.59,13.26,12.59,13.26,282430,983.0,15376.0,50.47999954223633,627.0999755859375,1426.3699951171875
2007-01-19,13.91,13.91,13.91,13.91,95290,1023.0,15406.0,51.9900016784668,635.5,1430.5
2007-01-22,14.58,14.58,14.44,14.44,461630,1028.0,15426.0,51.130001068115234,633.2999877929688,1422.949951171875
2007-01-23,14.44,14.49,14.44,14.49,243990,1041.0,15421.0,55.040000915527344,645.2000122070312,1427.989990234375
2007-01-24,14.49,14.49,13.96,13.96,156420,1016.0,15461.0,55.369998931884766,647.5999755859375,1440.1300048828125
2007-01-25,13.96,13.96,13.96,13.96,142420,989.0,15472.0,54.22999954223633,647.7999877929688,1423.9000244140625
2007-01-26,13.72,14.17,13.72,13.96,129240,975.0,15418.0,55.41999816894531,644.5,1422.1800537109375
2007-01-29,14.08,14.56,14.08,14.56,201310,996.0,15412.0,54.0099983215332,643.0999755859375,1420.6199951171875
2007-01-30,15.16,15.28,15.16,15.16,324420,1022.0,15381.0,56.970001220703125,644.2000122070312,1428.8199462890625
2007-01-31,15.35,15.52,15.35,15.52,310330,1041.0,15386.0,58.13999938964844,652.0,1438.239990234375
2007-02-01,15.57,15.57,14.92,14.92,114910,1049.0,15380.0,57.29999923706055,657.4000244140625,1445.93994140625
2007-02-02,15.16,15.16,15.16,15.16,79470,1075.0,15468.0,59.02000045776367,646.2000122070312,1448.3900146484375
2007-02-05,14.92,14.92,14.42,14.42,110440,1059.0,15360.0,58.7400016784668,650.9000244140625,1446.989990234375
2007-02-06,14.2,15.04,14.2,15.04,195540,1091.0,15356.0,58.880001068115234,653.5999755859375,1448.0
2007-02-07,14.58,15.28,14.58,15.28,116470,1096.0,15314.0,57.709999084472656,652.2999877929688,1450.02001953125
2007-02-08,14.54,14.54,14.54,14.54,103880,1053.0,15301.0,59.709999084472656,658.0,1448.31005859375
2007-02-09,13.81,13.81,13.81,13.81,194380,1031.0,15331.0,59.88999938964844,667.5,1438.06005859375
2007-02-12,14.49,14.49,14.49,14.49,60490,1054.0,15331.0,57.810001373291016,662.5999755859375,1433.3699951171875
2007-02-13,15.21,15.21,14.92,15.16,160600,1074.0,15313.0,59.060001373291016,663.9000244140625,1444.260009765625
2007-02-14,14.92,14.92,14.68,14.68,79810,1073.0,15297.0,58.0,667.4000244140625,1455.300048828125
2007-02-15,14.68,14.68,14.68,14.68,59720,1083.0,15329.0,57.9900016784668,667.2999877929688,1456.81005859375
2007-02-26,15.4,15.4,15.4,15.4,231310,1129.0,15305.0,61.38999938964844,686.5,1449.3699951171875
2007-02-27,16.17,16.17,16.0,16.0,289680,1167.0,15325.0,61.459999084472656,683.9000244140625,1399.0400390625
2007-02-28,16.0,16.0,15.21,15.21,69560,1138.0,15340.0,61.790000915527344,669.4000244140625,1406.8199462890625
2007-03-01,15.16,15.16,14.68,14.8,98850,1123.0,15415.0,62.0,662.2999877929688,1403.1700439453125
2007-03-02,15.09,15.52,15.09,15.52,163420,1148.0,15424.0,61.63999938964844,641.5,1387.1700439453125
2007-03-05,15.52,15.52,15.28,15.28,125170,1159.0,15360.0,60.06999969482422,636.7000122070312,1374.1199951171875
2007-03-06,14.57,14.57,14.55,14.55,200880,1133.0,15347.0,60.689998626708984,643.7999877929688,1395.4100341796875
2007-03-07,15.06,15.06,14.69,14.69,43980,1132.0,15351.0,61.81999969482422,650.5999755859375,1391.969970703125
2007-03-08,14.57,14.57,14.09,14.45,85390,1142.0,15377.0,61.63999938964844,653.4000244140625,1401.8900146484375
2007-03-09,14.94,14.94,14.45,14.45,56050,1156.0,15401.0,60.04999923706055,650.0,1402.8399658203125
2007-03-12,14.69,14.69,14.45,14.69,87310,1171.0,15402.0,58.90999984741211,648.4000244140625,1406.5999755859375
2007-03-13,14.74,14.74,14.02,14.69,74620,1158.0,15360.0,57.93000030517578,647.5999755859375,1377.949951171875
2007-03-14,14.57,14.57,13.97,13.97,57450,1114.0,15361.0,58.15999984741211,640.9000244140625,1387.1700439453125
2007-03-15,13.27,13.27,13.27,13.27,102590,1066.0,16016.0,57.54999923706055,645.7000122070312,1392.280029296875
2007-03-16,13.27,13.92,13.27,13.92,102100,1110.0,15387.0,57.11000061035156,652.5999755859375,1386.949951171875
2007-03-19,14.45,14.45,13.92,13.92,105730,1133.0,15379.0,56.59000015258789,653.0999755859375,1402.06005859375
2007-03-20,13.73,13.73,13.49,13.54,100430,1117.0,15373.0,56.72999954223633,657.9000244140625,1410.93994140625
2007-03-21,12.86,12.91,12.86,12.89,113940,1112.0,15352.0,59.61000061035156,659.0,1435.0400390625
2007-03-22,13.01,13.49,13.01,13.37,139830,1100.0,15365.0,61.689998626708984,663.4000244140625,1434.5400390625
2007-03-23,13.37,13.37,13.37,13.37,119530,1091.0,15402.0,62.279998779296875,656.7000122070312,1436.1099853515625
2007-03-26,13.01,13.01,12.77,13.01,107630,1072.0,15371.0,62.90999984741211,663.4000244140625,1437.5
2007-03-27,12.41,12.41,12.36,12.36,62970,1034.0,15362.0,62.93000030517578,662.0999755859375,1428.6099853515625
2007-03-28,11.76,12.36,11.76,12.36,126200,1032.0,15414.0,64.08000183105469,666.5,1417.22998046875
2007-03-29,12.36,12.96,12.36,12.96,117350,1069.0,15408.0,66.02999877929688,661.5,1422.530029296875
2007-03-30,13.2,13.25,13.03,13.03,90460,1071.0,15419.0,65.87000274658203,663.0,1420.8599853515625
2007-04-02,12.38,12.65,12.38,12.53,57570,1055.0,15386.0,65.94000244140625,665.7000122070312,1424.550048828125
2007-04-03,12.04,12.04,12.02,12.04,64900,1028.0,15425.0,64.63999938964844,664.0,1437.77001953125
2007-04-04,12.04,12.38,12.04,12.38,23700,1051.0,15418.0,64.37999725341797,672.0999755859375,1439.3699951171875
2007-04-05,12.38,12.48,12.38,12.41,50520,1049.0,15367.0,64.27999877929688,674.2000122070312,1443.760009765625
2007-04-06,12.12,12.29,12.12,12.29,38880,1034.0,15351.0,64.27999877929688,674.2000122070312,1443.760009765625
2007-04-09,12.29,12.41,12.29,12.41,48570,1041.0,16035.0,61.5099983215332,671.9000244140625,1444.6099853515625
2007-04-10,12.41,12.55,12.29,12.55,83330,1040.0,15381.0,61.88999938964844,676.5,1448.3900146484375
2007-04-11,12.55,12.65,12.55,12.65,44950,1035.0,15393.0,62.0099983215332,676.7999877929688,1438.8699951171875
2007-04-12,12.96,13.01,12.89,13.01,80100,1028.0,15385.0,63.849998474121094,675.0999755859375,1447.800048828125
2007-04-13,13.49,13.49,12.53,12.53,149170,1013.0,15441.0,63.630001068115234,685.4000244140625,1452.8499755859375
2007-04-16,12.84,12.84,12.65,12.65,102080,983.0,15426.0,63.61000061035156,690.0999755859375,1468.3299560546875
2007-04-17,12.53,12.53,12.41,12.41,31000,966.0,15409.0,63.099998474121094,688.2000122070312,1471.47998046875
2007-04-18,12.53,12.53,12.53,12.53,62980,1001.0,15415.0,63.130001068115234,689.0999755859375,1472.5
2007-04-19,12.53,12.53,12.16,12.16,74850,998.0,15414.0,61.83000183105469,684.2999877929688,1470.72998046875
2007-04-20,11.92,11.92,11.56,11.56,135750,969.0,15424.0,63.380001068115234,692.0,1484.3499755859375
2007-04-23,11.08,11.08,10.98,10.98,56560,931.0,15411.0,65.88999938964844,690.5999755859375,1480.9300537109375
2007-04-24,10.45,10.45,10.45,10.45,48470,906.0,15394.0,64.58000183105469,684.2000122070312,1480.4100341796875
2007-04-25,9.95,10.24,9.95,10.24,221550,924.0,15435.0,65.83999633789062,684.0999755859375,1495.4200439453125
2007-05-02,10.38,10.45,10.38,10.43,137200,935.0,15418.0,63.68000030517578,672.2999877929688,1495.9200439453125
2007-05-03,10.45,10.65,10.45,10.65,152480,937.0,15495.0,63.189998626708984,681.7999877929688,1502.3900146484375
2007-05-04,11.18,11.18,11.18,11.18,95960,947.0,15494.0,61.93000030517578,687.2000122070312,1505.6199951171875
2007-05-07,11.73,11.73,11.73,11.73,136260,984.0,15429.0,61.470001220703125,688.0,1509.47998046875
2007-05-08,12.04,12.04,12.0,12.04,152010,1015.0,15450.0,62.2599983215332,685.0999755859375,1507.719970703125
2007-05-09,12.04,12.04,12.04,12.04,104100,1020.0,15424.0,61.54999923706055,680.2999877929688,1512.5799560546875
2007-05-10,12.65,12.65,12.65,12.65,131160,1020.0,15489.0,61.810001373291016,665.0999755859375,1491.469970703125
2007-05-11,13.27,13.27,13.27,13.27,165950,1040.0,15493.0,62.369998931884766,670.5999755859375,1505.8499755859375
2007-05-14,13.92,13.92,13.92,13.92,190090,1066.0,15430.0,62.459999084472656,668.5,1503.1500244140625
2007-05-15,13.25,13.25,13.25,13.25,76860,1055.0,15430.0,63.16999816894531,673.0,1501.18994140625
2007-05-16,13.13,13.13,12.82,12.82,125520,1041.0,15504.0,62.54999923706055,660.2000122070312,1514.1400146484375
2007-05-17,12.65,13.42,12.65,13.42,153220,1060.0,16030.0,64.86000061035156,656.2000122070312,1512.75
2007-05-18,13.25,13.25,13.03,13.03,146660,1067.0,15433.0,64.94000244140625,661.0,1522.75
2007-05-21,13.66,13.66,13.44,13.44,283500,1085.0,15414.0,66.2699966430664,662.9000244140625,1525.0999755859375
2007-05-22,13.37,13.44,13.37,13.44,241370,1108.0,15418.0,64.97000122070312,659.0999755859375,1524.1199951171875
2007-05-23,13.44,13.44,13.37,13.37,274270,1113.0,15439.0,65.7699966430664,661.9000244140625,1522.280029296875
2007-05-24,13.19,13.19,13.01,13.01,173140,1085.0,15783.0,64.18000030517578,653.0,1507.510009765625
2007-05-25,12.83,12.97,12.83,12.94,203300,1090.0,15794.0,65.19999694824219,655.0999755859375,1515.72998046875
2007-05-28,12.86,12.9,12.86,12.9,176850,1099.0,15762.0,65.19999694824219,655.0999755859375,1515.72998046875
2007-05-29,12.65,12.65,12.54,12.54,186180,1094.0,15818.0,63.150001525878906,657.0999755859375,1518.1099853515625
2007-05-30,12.29,12.65,12.29,12.65,204950,1078.0,15786.0,63.4900016784668,653.0999755859375,1530.22998046875
2007-05-31,12.65,12.65,12.61,12.61,165090,1081.0,15782.0,64.01000213623047,661.0,1530.6199951171875
2007-06-01,12.57,12.57,12.47,12.47,92630,1077.0,15785.0,65.08000183105469,671.2000122070312,1536.3399658203125
2007-06-04,12.29,12.32,12.29,12.29,175240,1062.0,15769.0,66.20999908447266,670.7000122070312,1539.1800537109375
2007-06-05,11.92,11.92,11.67,11.67,200960,1040.0,15794.0,65.61000061035156,669.5999755859375,1530.949951171875
2007-06-06,11.67,11.92,11.67,11.92,166220,1045.0,15824.0,65.95999908447266,669.2999877929688,1517.3800048828125
2007-06-07,12.1,12.21,12.1,12.21,88290,1060.0,15858.0,66.93000030517578,660.0999755859375,1490.719970703125
2007-06-08,12.1,12.1,11.74,11.92,164370,1057.0,15959.0,64.76000213623047,645.5,1507.6700439453125
2007-06-11,11.56,11.56,11.56,11.56,147860,1041.0,15787.0,65.97000122070312,654.2999877929688,1509.1199951171875
2007-06-12,11.56,11.56,11.53,11.53,149160,1037.0,15855.0,65.3499984741211,648.5,1493.0
2007-06-13,11.13,11.13,11.06,11.06,426060,1039.0,15871.0,66.26000213623047,648.2000122070312,1515.6700439453125
2007-06-14,10.98,11.02,10.98,11.02,439470,1043.0,15816.0,67.6500015258789,651.5999755859375,1522.969970703125
2007-06-15,11.02,11.2,11.02,11.2,284560,1048.0,15812.0,68.0,654.5,1532.9100341796875
2007-06-18,11.38,11.38,11.06,11.06,276180,1044.0,15836.0,69.08999633789062,655.7999877929688,1531.050048828125
2007-06-19,10.95,11.06,10.95,11.06,299170,1050.0,15807.0,69.0999984741211,660.7000122070312,1533.699951171875
2007-06-20,11.02,11.13,11.02,11.06,202860,1045.0,15859.0,68.19000244140625,656.0999755859375,1512.8399658203125
2007-06-21,11.06,11.06,10.84,10.84,151020,1034.0,15873.0,68.6500015258789,650.5999755859375,1522.18994140625
2007-06-22,10.84,10.84,10.66,10.66,301720,1034.0,15816.0,69.13999938964844,653.5,1502.56005859375
2007-06-25,11.17,11.17,11.17,11.17,171530,1044.0,15838.0,69.18000030517578,651.2999877929688,1497.739990234375
2007-06-26,11.71,11.71,11.71,11.71,218550,1056.0,15832.0,67.7699966430664,642.0999755859375,1492.8900146484375
2007-06-27,12.1,12.1,11.24,11.24,476910,1033.0,15848.0,68.97000122070312,641.7000122070312,1506.3399658203125
2007-06-28,11.2,11.2,11.13,11.13,184710,1024.0,15835.0,69.56999969482422,647.5,1505.7099609375
2007-06-29,11.09,11.09,11.09,11.09,137240,1025.0,15865.0,70.68000030517578,648.0999755859375,1503.3499755859375
2007-07-02,10.84,10.91,10.84,10.91,294210,994.0,15840.0,71.08999633789062,656.5,1519.4300537109375
2007-07-03,10.95,10.95,10.95,10.95,219630,977.0,15838.0,71.41000366210938,652.9000244140625,1524.8699951171875
2007-07-04,11.2,11.27,11.2,11.27,164890,1014.0,15836.0,71.41000366210938,652.9000244140625,1524.8699951171875
2007-07-05,11.02,11.2,11.02,11.2,201110,1013.0,15900.0,71.80999755859375,648.4000244140625,1525.4000244140625
2007-07-06,11.09,11.13,11.09,11.13,57070,1011.0,15898.0,72.80999755859375,652.7000122070312,1530.43994140625
2007-07-09,11.02,11.13,11.02,11.13,136810,1010.0,15850.0,72.19000244140625,660.5,1531.8499755859375
2007-07-10,11.09,11.13,11.09,11.13,86160,1023.0,16130.0,72.80999755859375,662.5,1510.1199951171875
2007-07-11,11.2,11.2,11.13,11.13,73500,1030.0,15846.0,72.55999755859375,660.2999877929688,1518.760009765625
2007-07-12,11.13,11.13,11.06,11.06,79290,1018.0,15864.0,72.5,666.7000122070312,1547.699951171875
2007-07-13,10.84,10.84,10.8,10.8,957580,1016.0,15855.0,73.93000030517578,665.7999877929688,1552.5
2007-07-16,10.51,10.51,10.48,10.48,374810,996.0,15869.0,74.1500015258789,665.0,1549.52001953125
2007-07-17,10.48,10.48,10.48,10.48,464320,1000.0,15864.0,74.0199966430664,664.7000122070312,1549.3699951171875
2007-07-18,10.48,10.48,10.41,10.41,532830,995.0,15820.0,75.05000305175781,672.5999755859375,1546.1700439453125
2007-07-19,10.41,10.41,10.3,10.3,170180,984.0,15870.0,75.91999816894531,677.2000122070312,1553.0799560546875
2007-07-20,10.33,10.33,10.23,10.23,339690,981.0,15870.0,75.56999969482422,683.9000244140625,1534.0999755859375
2007-07-24,9.85,9.85,9.67,9.67,375620,982.0,15840.0,73.55999755859375,684.2000122070312,1511.0400390625
2007-07-25,9.42,9.42,9.23,9.23,411820,973.0,15859.0,75.87999725341797,673.2999877929688,1518.0899658203125
2007-07-26,9.05,9.05,9.05,9.05,393930,956.0,15866.0,74.94999694824219,662.5,1482.6600341796875
2007-07-27,9.05,9.05,9.05,9.05,373240,940.0,15853.0,77.0199966430664,660.0,1458.949951171875
2007-07-30,9.16,9.31,9.16,9.16,284820,925.0,15855.0,76.83000183105469,664.0999755859375,1473.9100341796875
2007-07-31,9.05,9.13,8.76,8.87,323490,908.0,15873.0,78.20999908447266,666.9000244140625,1455.27001953125
2007-08-01,8.69,8.87,8.62,8.69,448440,923.0,15893.0,76.52999877929688,663.5999755859375,1465.81005859375
2007-08-02,8.62,8.69,8.26,8.26,336310,911.0,15853.0,76.86000061035156,664.5999755859375,1472.199951171875
2007-08-03,7.86,7.97,7.86,7.86,591930,893.0,15821.0,75.4800033569336,672.5,1433.06005859375
2007-08-06,7.86,7.97,7.86,7.89,290560,884.0,15870.0,72.05999755859375,671.5,1467.6700439453125
2007-08-07,8.08,8.26,8.08,8.26,249130,897.0,15936.0,72.41999816894531,670.5999755859375,1476.7099609375
2007-08-08,8.33,8.65,8.33,8.65,542430,910.0,15924.0,72.1500015258789,674.5,1497.489990234375
2007-08-09,8.91,9.05,8.87,9.05,537810,938.0,15955.0,71.58999633789062,661.4000244140625,1453.0899658203125
2007-08-10,8.87,8.87,8.65,8.69,507630,936.0,15976.0,71.47000122070312,670.2999877929688,1453.6400146484375
2007-08-13,8.4,8.51,8.33,8.37,361290,909.0,15963.0,71.62000274658203,669.7000122070312,1452.9200439453125
2007-08-14,8.51,8.51,8.37,8.51,246630,923.0,15968.0,72.37999725341797,668.5999755859375,1426.5400390625
2007-08-15,8.47,9.2,7.53,8.33,192850,915.0,15997.0,73.33000183105469,668.9000244140625,1406.699951171875
2007-08-16,8.18,8.26,8.08,8.08,346180,900.0,16013.0,71.0,648.2999877929688,1411.27001953125
2007-08-17,11.08,11.08,9.13,7.97,484890,888.0,15905.0,71.9800033569336,656.9000244140625,1445.93994140625
2007-08-20,7.97,8.15,7.97,8.15,200790,890.0,15966.0,71.12000274658203,656.7000122070312,1445.550048828125
2007-08-21,8.22,8.33,8.22,8.22,216400,896.0,16001.0,69.47000122070312,656.7000122070312,1447.1199951171875
2007-08-22,8.29,8.37,8.22,8.29,309370,892.0,16002.0,69.26000213623047,659.0999755859375,1464.0699462890625
2007-08-23,8.15,8.29,8.15,8.15,225450,888.0,15973.0,69.83000183105469,658.9000244140625,1462.5
2007-08-24,8.22,8.33,8.15,8.33,334530,905.0,15973.0,71.08999633789062,668.0,1479.3699951171875
2007-08-27,8.18,8.33,8.11,8.18,220710,909.0,15969.0,71.97000122070312,666.7999877929688,1466.7900390625
2007-08-28,8.18,8.18,8.11,8.18,164380,903.0,16035.0,71.7300033569336,664.4000244140625,1432.3599853515625
2007-08-29,8.18,8.18,8.11,8.18,124920,901.0,16059.0,73.51000213623047,666.2999877929688,1463.760009765625
2007-08-30,8.15,8.18,8.11,8.15,261390,904.0,15922.0,73.36000061035156,665.0,1457.6400146484375
2007-08-31,8.15,8.22,8.11,8.15,229880,908.0,15979.0,74.04000091552734,673.0,1473.989990234375
2007-09-04,8.15,8.29,8.15,8.29,176260,930.0,15970.0,75.08000183105469,682.5,1489.4200439453125
2007-09-05,8.18,8.29,8.15,8.15,397330,926.0,15886.0,75.7300033569336,681.7000122070312,1472.2900390625
2007-09-06,8.15,8.22,8.15,8.15,128330,928.0,15913.0,76.30000305175781,695.5999755859375,1478.550048828125
2007-09-07,8.15,8.22,8.11,8.15,144790,934.0,15916.0,76.69999694824219,700.7999877929688,1453.550048828125
2007-09-10,8.11,8.15,8.04,8.08,147010,927.0,16235.0,77.48999786376953,703.2999877929688,1451.699951171875
2007-09-11,8.08,8.11,8.08,8.08,149540,920.0,16235.0,78.2300033569336,712.2000122070312,1471.489990234375
2007-09-12,8.08,8.08,8.0,8.08,165190,921.0,15910.0,79.91000366210938,711.9000244140625,1471.56005859375
2007-09-13,8.08,8.08,8.0,8.08,187850,921.0,15975.0,80.08999633789062,709.5,1483.949951171875
2007-09-14,8.08,8.15,8.04,8.15,216470,930.0,15965.0,79.0999984741211,709.5999755859375,1484.25
2007-09-17,8.08,8.15,8.04,8.11,202530,935.0,15962.0,80.56999969482422,715.7999877929688,1476.6500244140625
2007-09-18,8.04,8.08,8.04,8.04,141940,935.0,15957.0,81.51000213623047,715.7999877929688,1519.780029296875
2007-09-19,8.04,8.08,8.04,8.08,181030,946.0,15930.0,81.93000030517578,722.0,1529.030029296875
2007-09-20,8.08,8.18,8.08,8.15,199410,964.0,15922.0,83.31999969482422,732.4000244140625,1518.75
2007-09-21,8.22,8.26,8.18,8.26,285620,959.0,15880.0,81.62000274658203,731.4000244140625,1525.75
2007-09-24,8.44,8.65,8.4,8.65,309830,976.0,15901.0,80.94999694824219,732.0999755859375,1517.72998046875
2007-09-25,9.05,9.05,8.87,9.05,514880,1010.0,15915.0,79.52999877929688,731.5999755859375,1517.2099609375
2007-09-26,9.42,9.42,8.87,9.05,507520,1016.0,15816.0,80.30000305175781,728.2999877929688,1525.4200439453125
2007-09-27,9.05,9.42,9.02,9.42,471650,1014.0,15825.0,82.87999725341797,732.7000122070312,1531.3800048828125
2007-09-28,9.71,9.89,9.6,9.89,537020,1047.0,15805.0,81.66000366210938,742.7999877929688,1526.75
2007-10-01,10.36,10.36,10.25,10.36,488930,1084.0,15810.0,80.23999786376953,747.2000122070312,1547.0400390625
2007-10-02,10.86,10.86,10.5,10.72,882920,1099.0,15800.0,80.05000305175781,729.7999877929688,1546.6300048828125
2007-10-03,10.9,10.9,10.72,10.9,713370,1107.0,15860.0,79.94000244140625,729.2999877929688,1539.5899658203125
2007-10-04,10.68,10.79,10.68,10.68,401260,1088.0,15861.0,81.44000244140625,737.7999877929688,1542.8399658203125
2007-10-05,10.36,10.47,10.18,10.18,420620,1082.0,15774.0,81.22000122070312,741.2999877929688,1557.5899658203125
2007-10-08,10.21,10.25,9.99,9.99,358530,1085.0,15837.0,79.0199966430664,732.7999877929688,1552.5799560546875
2007-10-09,10.21,10.47,10.03,10.47,273910,1097.0,15845.0,80.26000213623047,737.4000244140625,1565.1500244140625
2007-10-10,10.47,10.54,10.43,10.47,227190,1105.0,15788.0,81.30000305175781,740.4000244140625,1562.469970703125
2007-10-11,10.39,10.43,10.25,10.25,179330,1099.0,15803.0,83.08000183105469,751.2999877929688,1554.4100341796875
2007-10-12,10.25,10.32,10.21,10.32,144790,1105.0,15815.0,83.69000244140625,748.7000122070312,1561.800048828125
2007-10-15,10.32,10.32,10.21,10.21,195120,1105.0,15839.0,86.12999725341797,757.0999755859375,1548.7099609375
2007-10-16,10.21,10.25,10.14,10.14,257970,1104.0,15850.0,87.61000061035156,757.0,1538.530029296875
2007-10-17,10.14,10.32,10.14,10.29,201640,1101.0,15782.0,87.4000015258789,757.5,1541.239990234375
2007-10-18,10.21,10.25,10.14,10.14,176410,1089.0,15768.0,89.47000122070312,764.0999755859375,1540.0799560546875
2007-10-19,9.92,10.03,9.88,10.03,220860,1097.0,15798.0,88.5999984741211,764.0,1500.6300048828125
2007-10-22,9.85,10.03,9.85,9.92,285680,1086.0,15839.0,87.55999755859375,755.7999877929688,1506.3299560546875
2007-10-23,9.85,9.88,9.77,9.88,526810,1075.0,15827.0,85.2699966430664,759.0,1519.5899658203125
2007-10-24,10.03,10.21,9.99,10.21,273700,1096.0,15766.0,87.0999984741211,761.5999755859375,1515.8800048828125
2007-10-25,10.21,10.29,10.1,10.1,292200,1096.0,15783.0,90.45999908447266,767.2999877929688,1514.4000244140625
2007-10-26,10.1,10.1,10.03,10.03,175290,1092.0,15782.0,91.86000061035156,783.9000244140625,1535.280029296875
2007-10-29,9.88,9.96,9.88,9.88,176680,1064.0,15813.0,93.52999877929688,789.0999755859375,1540.97998046875
2007-10-30,9.85,9.92,9.85,9.85,254640,1070.0,15809.0,90.37999725341797,784.2999877929688,1531.02001953125
2007-10-31,9.88,9.92,9.85,9.92,197030,1065.0,15798.0,94.52999877929688,792.0,1549.3800048828125
2007-11-01,9.92,9.92,9.81,9.85,232680,1076.0,15801.0,93.48999786376953,790.7000122070312,1508.43994140625
2007-11-02,9.67,9.85,9.63,9.63,244060,1067.0,15798.0,95.93000030517578,805.7000122070312,1509.6500244140625
2007-11-05,9.23,9.41,9.23,9.37,345680,1047.0,15801.0,93.9800033569336,808.0999755859375,1502.1700439453125
2007-11-06,9.12,9.19,9.01,9.01,361210,1032.0,15797.0,96.69999694824219,820.7999877929688,1520.27001953125
2007-11-07,8.86,9.01,8.86,8.9,355200,1031.0,15857.0,96.37000274658203,831.0,1475.6199951171875
2007-11-08,8.94,9.12,8.94,9.01,129370,1026.0,15800.0,95.45999908447266,835.2000122070312,1474.77001953125
2007-11-09,9.08,9.15,9.05,9.15,334340,1018.0,15813.0,96.31999969482422,832.5,1453.699951171875
2007-11-12,9.19,9.19,8.97,9.15,258730,1006.0,15818.0,94.62000274658203,805.7999877929688,1439.1800537109375
2007-11-13,9.12,9.12,8.75,8.75,207890,974.0,15775.0,91.16999816894531,797.2000122070312,1481.050048828125
2007-11-14,8.94,9.15,8.94,9.15,264240,994.0,15830.0,94.08999633789062,813.0,1470.5799560546875
2007-11-15,9.12,9.12,8.97,8.97,147180,1003.0,15807.0,93.43000030517578,785.9000244140625,1451.1500244140625
2007-11-16,8.86,9.08,8.86,9.08,157050,998.0,15799.0,95.0999984741211,785.7000122070312,1458.739990234375
2007-11-19,8.97,9.08,8.97,9.08,145600,999.0,15786.0,94.63999938964844,776.7999877929688,1433.27001953125
2007-11-20,9.08,9.08,8.94,8.97,255770,984.0,15776.0,98.02999877929688,790.2999877929688,1439.699951171875
2007-11-21,8.75,8.83,8.75,8.75,260450,971.0,15746.0,97.29000091552734,797.5999755859375,1416.77001953125
2007-11-22,8.94,9.01,8.9,8.97,158550,977.0,15758.0,97.29000091552734,797.5999755859375,1416.77001953125
2007-11-23,8.86,9.01,8.86,9.01,126520,976.0,15773.0,98.18000030517578,824.0,1440.699951171875
2007-11-26,8.97,9.01,8.97,9.01,171730,991.0,16045.0,97.69999694824219,826.0,1407.219970703125
2007-11-27,8.94,9.01,8.86,8.86,164250,988.0,15806.0,94.41999816894531,813.7000122070312,1428.22998046875
2007-11-28,8.79,8.86,8.79,8.79,140410,985.0,15804.0,90.62000274658203,800.0999755859375,1469.02001953125
2007-11-29,8.83,8.86,8.72,8.72,128960,980.0,15758.0,91.01000213623047,795.2999877929688,1469.719970703125
2007-11-30,8.72,8.75,8.68,8.68,149250,972.0,16037.0,88.70999908447266,782.2000122070312,1481.1400146484375
2007-12-03,8.68,8.75,8.68,8.72,187600,988.0,16042.0,89.30999755859375,788.2999877929688,1472.4200439453125
2007-12-04,8.72,8.72,8.61,8.61,334400,989.0,15761.0,88.31999969482422,801.2999877929688,1462.7900390625
2007-12-05,8.57,8.57,8.46,8.46,257280,976.0,16035.0,87.48999786376953,797.5,1485.010009765625
2007-12-06,8.35,8.39,8.32,8.39,350710,974.0,16033.0,90.2300033569336,801.2000122070312,1507.3399658203125
2007-12-07,8.39,8.57,8.39,8.46,203800,975.0,15777.0,88.27999877929688,794.4000244140625,1504.6600341796875
2007-12-10,8.39,8.46,8.32,8.32,301700,958.0,15769.0,87.86000061035156,807.7000122070312,1515.9599609375
2007-12-11,8.21,8.24,8.17,8.24,327840,941.0,15773.0,90.0199966430664,811.4000244140625,1477.6500244140625
2007-12-12,8.13,8.39,8.13,8.28,329220,946.0,15770.0,94.38999938964844,813.5,1486.5899658203125
2007-12-13,8.21,8.24,8.17,8.17,291570,930.0,15847.0,92.25,799.0,1488.4100341796875
2007-12-14,8.06,8.21,8.06,8.1,204820,922.0,15827.0,91.2699966430664,793.2999877929688,1467.949951171875
2007-12-17,8.13,8.13,8.06,8.06,203240,911.0,15829.0,90.62999725341797,794.7999877929688,1445.9000244140625
2007-12-18,8.32,8.32,8.1,8.17,264940,920.0,15753.0,90.48999786376953,803.0,1454.97998046875
2007-12-19,8.17,8.39,8.17,8.39,353490,947.0,15793.0,91.23999786376953,801.0999755859375,1453.0
2007-12-20,8.39,8.39,8.21,8.21,236310,930.0,15775.0,91.05999755859375,799.2000122070312,1460.1199951171875
2007-12-21,8.21,8.24,8.17,8.21,168200,935.0,15755.0,93.30999755859375,811.5999755859375,1484.4599609375
2007-12-24,8.21,8.21,8.13,8.13,123130,931.0,16028.0,94.12999725341797,812.7999877929688,1496.449951171875
2007-12-25,8.13,8.13,8.1,8.1,121320,918.0,15740.0,94.12999725341797,812.7999877929688,1496.449951171875
2007-12-26,8.13,8.17,8.1,8.13,211500,924.0,16020.0,95.97000122070312,826.0,1497.6600341796875
2007-12-27,8.13,8.13,8.1,8.1,227980,922.0,15755.0,96.62000274658203,828.5999755859375,1476.27001953125
2007-12-28,8.1,8.13,8.1,8.13,172550,927.0,15736.0,96.0,839.5999755859375,1478.489990234375
2008-01-02,8.06,8.1,7.99,7.99,113410,921.0,15990.0,99.62000274658203,857.0,1447.1600341796875
2008-01-03,7.88,7.91,7.84,7.84,211160,908.0,15751.0,99.18000030517578,866.4000244140625,1447.1600341796875
2008-01-04,7.73,7.77,7.7,7.73,180890,903.0,15754.0,97.91000366210938,863.0999755859375,1411.6300048828125
2008-01-07,7.66,7.66,7.48,7.51,232200,887.0,15724.0,95.08999633789062,859.5999755859375,1416.1800537109375
2008-01-08,7.62,7.62,7.59,7.59,214660,894.0,15724.0,96.33000183105469,878.0,1390.18994140625
2008-01-09,7.48,7.48,7.37,7.37,159580,878.0,15766.0,95.66999816894531,879.5,1409.1300048828125
2008-01-10,7.15,7.19,7.0,7.0,401090,850.0,15748.0,93.70999908447266,891.7000122070312,1420.3299560546875
2008-01-11,7.11,7.22,7.11,7.19,188290,861.0,15708.0,92.69000244140625,896.0999755859375,1401.02001953125
2008-01-14,7.19,7.19,7.04,7.04,239760,841.0,15749.0,94.19999694824219,901.5999755859375,1416.25
2008-01-15,6.93,6.97,6.89,6.89,337320,809.0,15806.0,91.9000015258789,901.0,1380.949951171875
2008-01-16,7.19,7.22,7.11,7.22,331740,846.0,15849.0,90.83999633789062,880.5999755859375,1373.199951171875
2008-01-17,7.55,7.55,7.15,7.26,387040,834.0,15730.0,90.12999725341797,879.5,1333.25
2008-01-18,7.11,7.48,7.11,7.37,152330,847.0,15975.0,90.56999969482422,880.7999877929688,1325.18994140625
2008-01-21,7.0,7.08,7.0,7.0,501440,834.0,15765.0,90.56999969482422,880.7999877929688,1325.18994140625
2008-01-22,6.67,6.67,6.67,6.67,202800,808.0,15779.0,89.8499984741211,889.5999755859375,1310.5
2008-01-23,6.35,6.35,6.35,6.35,92540,777.0,15648.0,86.98999786376953,882.5,1338.5999755859375
2008-01-24,6.64,6.64,6.2,6.2,430040,764.0,15671.0,89.41000366210938,905.5,1352.0699462890625
2008-01-25,6.2,6.49,6.2,6.49,292790,776.0,15747.0,90.70999908447266,910.5,1330.6099853515625
2008-01-28,6.46,6.64,6.46,6.64,190060,785.0,15722.0,90.98999786376953,927.0999755859375,1353.9599609375
2008-01-29,6.64,6.97,6.64,6.97,213390,812.0,15726.0,91.63999938964844,925.0999755859375,1362.300048828125
2008-01-30,7.29,7.29,7.19,7.29,352990,843.0,15658.0,92.33000183105469,920.5999755859375,1355.81005859375
2008-01-31,6.97,7.19,6.97,7.19,225620,844.0,15720.0,91.75,922.7000122070312,1378.550048828125
2008-02-01,7.19,7.22,7.15,7.22,204640,860.0,15960.0,88.95999908447266,908.7000122070312,1395.4200439453125
2008-02-12,7.22,7.22,7.0,7.04,76750,841.0,15734.0,92.77999877929688,907.4000244140625,1348.8599853515625
2008-02-13,6.82,6.89,6.71,6.71,206500,818.0,15701.0,93.2699966430664,906.5,1367.2099609375
2008-02-14,6.71,6.86,6.71,6.75,173150,823.0,15709.0,95.45999908447266,907.4000244140625,1348.8599853515625
2008-02-15,6.78,6.78,6.6,6.71,90890,816.0,15693.0,95.5,902.7999877929688,1349.989990234375
2008-02-18,6.49,6.49,6.38,6.42,262900,783.0,15679.0,95.5,902.7999877929688,1349.989990234375
2008-02-19,6.24,6.38,6.2,6.38,242480,777.0,15697.0,100.01000213623047,926.5999755859375,1348.780029296875
2008-02-20,6.24,6.24,6.09,6.09,312060,745.0,15698.0,100.73999786376953,934.5999755859375,1360.030029296875
2008-02-21,5.8,5.8,5.8,5.8,187680,710.0,15625.0,98.2300033569336,946.0999755859375,1342.530029296875
2008-02-22,5.54,5.54,5.54,5.54,287230,687.0,15688.0,98.80999755859375,944.7000122070312,1353.1099853515625
2008-02-25,5.65,5.8,5.65,5.8,301820,715.0,15682.0,99.2300033569336,937.5999755859375,1371.800048828125
2008-02-26,5.76,5.8,5.54,5.54,304670,693.0,15661.0,100.87999725341797,946.0999755859375,1381.2900390625
2008-02-27,5.51,5.69,5.51,5.51,156900,686.0,15672.0,99.63999938964844,958.2000122070312,1380.02001953125
2008-02-28,5.4,5.58,5.36,5.4,123600,678.0,15618.0,102.58999633789062,964.5,1367.6800537109375
2008-02-29,5.22,5.4,5.14,5.14,216820,663.0,15673.0,101.83999633789062,972.0999755859375,1330.6300048828125
2008-03-03,4.89,4.89,4.89,4.89,190060,635.0,15654.0,102.44999694824219,981.5,1331.3399658203125
2008-03-04,4.67,4.67,4.67,4.67,134790,609.0,15676.0,99.5199966430664,963.9000244140625,1326.75
2008-03-05,4.45,4.45,4.45,4.45,260000,583.0,15865.0,104.5199966430664,986.2000122070312,1333.699951171875
2008-03-06,4.67,4.67,4.67,4.67,150750,611.0,15657.0,105.47000122070312,975.0,1304.3399658203125
2008-03-07,4.89,4.89,4.89,4.89,66860,640.0,15655.0,105.1500015258789,972.2000122070312,1293.3699951171875
2008-03-10,5.11,5.11,5.11,5.11,749480,658.0,15633.0,107.9000015258789,969.9000244140625,1273.3699951171875
2008-03-11,4.89,5.03,4.85,4.89,438330,639.0,15745.0,108.75,974.2000122070312,1320.6500244140625
2008-03-12,4.89,5.11,4.89,5.0,326740,644.0,15727.0,109.91999816894531,978.7999877929688,1308.77001953125
2008-03-13,5.0,5.07,4.96,5.0,97870,648.0,15612.0,110.33000183105469,992.2999877929688,1315.47998046875
2008-03-14,4.96,5.0,4.92,5.0,229600,644.0,15603.0,110.20999908447266,998.2000122070312,1288.1400146484375
2008-03-17,4.78,4.85,4.78,4.78,118510,616.0,15800.0,105.68000030517578,1001.4000244140625,1276.5999755859375
2008-03-18,4.56,4.56,4.56,4.56,53240,588.0,15614.0,109.41999816894531,1003.2000122070312,1330.739990234375
2008-03-19,4.34,4.56,4.34,4.34,414330,573.0,15658.0,104.4800033569336,944.7000122070312,1298.4200439453125
2008-03-20,4.16,4.34,4.16,4.16,297440,565.0,15582.0,101.83999633789062,919.5999755859375,1329.510009765625
2008-03-21,3.98,4.01,3.98,3.98,225440,546.0,15591.0,101.83999633789062,919.5999755859375,1329.510009765625
2008-03-24,3.79,3.79,3.79,3.79,61590,521.0,15675.0,100.86000061035156,918.2999877929688,1349.8800048828125
2008-03-25,3.61,3.61,3.61,3.61,78260,497.0,15551.0,101.22000122070312,934.5999755859375,1352.989990234375
2008-03-26,3.45,3.45,3.45,3.45,491820,505.0,15575.0,105.9000015258789,949.0,1341.1300048828125
2008-03-27,3.46,3.46,3.45,3.46,564730,509.0,15841.0,107.58000183105469,948.7999877929688,1325.760009765625
2008-03-28,3.48,3.48,3.46,3.48,360310,513.0,15933.0,105.62000274658203,930.5999755859375,1315.219970703125
2008-03-31,3.5,3.5,3.5,3.5,281820,517.0,15914.0,101.58000183105469,916.2000122070312,1322.699951171875
2008-04-01,3.52,3.52,3.52,3.52,80650,521.0,16115.0,100.9800033569336,882.9000244140625,1370.1800537109375
2008-04-02,3.54,3.54,3.54,3.54,1820,525.0,15878.0,104.83000183105469,895.2000122070312,1367.530029296875
2008-04-03,3.56,3.56,3.56,3.56,7660,529.0,15836.0,103.83000183105469,905.0,1369.31005859375
2008-04-04,3.57,3.57,3.57,3.57,19260,533.0,15855.0,106.2300033569336,909.0,1370.4000244140625
2008-04-07,3.63,3.63,3.63,3.63,44420,542.0,15872.0,109.08999633789062,922.7000122070312,1372.5400390625
2008-04-08,3.68,3.68,3.57,3.59,658080,549.0,15884.0,108.5,914.0,1365.5400390625
2008-04-09,3.54,3.56,3.54,3.56,491500,552.0,15872.0,110.87000274658203,933.5999755859375,1354.489990234375
2008-04-10,3.5,3.5,3.5,3.5,100200,546.0,15996.0,110.11000061035156,928.2999877929688,1360.550048828125
2008-04-11,3.45,3.45,3.45,3.45,75550,539.0,15861.0,110.13999938964844,923.5999755859375,1332.8299560546875
2008-04-16,3.39,3.39,3.39,3.39,89940,531.0,15895.0,114.93000030517578,945.0999755859375,1364.7099609375
2008-04-17,3.34,3.45,3.34,3.43,502070,538.0,15893.0,114.86000061035156,939.7999877929688,1365.56005859375
2008-04-18,3.45,3.45,3.37,3.37,279560,537.0,15970.0,116.69000244140625,912.2000122070312,1390.3299560546875
2008-04-21,3.34,3.36,3.32,3.32,234320,535.0,15975.0,117.4800033569336,914.7000122070312,1388.1700439453125
2008-04-22,3.26,3.26,3.26,3.26,53530,531.0,15848.0,119.37000274658203,922.2999877929688,1375.93994140625
2008-04-23,3.21,3.21,3.21,3.21,8870,522.0,15965.0,118.30000305175781,906.2000122070312,1379.9300537109375
2008-04-24,3.15,3.15,3.15,3.15,53300,518.0,15945.0,116.05999755859375,886.7999877929688,1388.8199462890625
2008-04-25,3.1,3.1,3.1,3.1,43420,516.0,15928.0,118.5199966430664,887.2000122070312,1397.8399658203125
2008-04-28,3.04,3.1,3.04,3.04,458890,519.0,15886.0,118.75,892.9000244140625,1396.3699951171875
2008-04-29,2.99,3.02,2.99,2.99,335710,522.0,15876.0,115.62999725341797,874.2000122070312,1390.93994140625
2008-05-05,2.93,2.93,2.93,2.93,123490,521.0,15840.0,119.97000122070312,872.2999877929688,1407.489990234375
2008-05-06,2.88,2.88,2.88,2.88,69790,518.0,15846.0,121.83999633789062,876.0,1418.260009765625
2008-05-07,2.82,2.82,2.82,2.82,82390,515.0,15912.0,123.52999877929688,869.5999755859375,1392.5699462890625
2008-05-08,2.77,2.77,2.77,2.77,108670,508.0,15827.0,123.69000244140625,880.5999755859375,1397.6800537109375
2008-05-09,2.71,2.71,2.71,2.71,31710,500.0,15950.0,125.95999908447266,884.5,1388.280029296875
2008-05-12,2.67,2.67,2.67,2.67,45450,492.0,15950.0,124.2300033569336,883.7000122070312,1403.5799560546875
2008-05-13,2.64,2.64,2.64,2.64,8790,484.0,15891.0,125.80000305175781,868.5,1403.0400390625
2008-05-14,2.6,2.6,2.6,2.6,8580,476.0,15894.0,124.22000122070312,865.4000244140625,1408.6600341796875
2008-05-15,2.56,2.56,2.56,2.56,7980,467.0,15956.0,124.12000274658203,879.0,1423.5699462890625
2008-05-16,2.53,2.53,2.53,2.53,65920,460.0,15934.0,126.29000091552734,899.0,1425.3499755859375
2008-05-19,2.49,2.49,2.49,2.49,73740,456.0,15980.0,127.05000305175781,905.0,1426.6300048828125
2008-05-20,2.45,2.45,2.45,2.45,13570,449.0,15968.0,129.07000732421875,919.5,1413.4000244140625
2008-05-21,2.42,2.42,2.42,2.42,91850,442.0,15916.0,133.1699981689453,928.0,1390.7099609375
2008-05-22,2.38,2.38,2.38,2.38,3320,435.0,15959.0,130.80999755859375,917.9000244140625,1394.3499755859375
2008-05-23,2.34,2.34,2.34,2.34,42540,428.0,15950.0,132.19000244140625,925.5999755859375,1375.9300537109375
2008-05-26,2.3,2.3,2.3,2.3,8560,421.0,15946.0,132.19000244140625,925.5999755859375,1375.9300537109375
2008-05-30,2.27,2.27,2.27,2.27,20370,414.0,16025.0,127.3499984741211,887.2999877929688,1400.3800048828125
2008-06-02,2.23,2.23,2.23,2.23,7300,408.0,15986.0,127.76000213623047,892.9000244140625,1385.6700439453125
2008-06-03,2.19,2.19,2.19,2.19,10280,401.0,16157.0,124.30999755859375,881.5999755859375,1377.6500244140625
2008-06-04,2.16,2.16,2.16,2.16,3870,396.0,16050.0,122.30000305175781,879.9000244140625,1377.199951171875
2008-06-05,2.12,2.12,2.12,2.12,2430,390.0,15955.0,127.79000091552734,871.7999877929688,1404.050048828125
2008-06-06,2.08,2.08,2.08,2.08,6460,384.0,16005.0,138.5399932861328,895.4000244140625,1360.6800537109375
2008-06-09,2.05,2.05,2.05,2.05,22830,379.0,16185.0,134.35000610351562,894.7000122070312,1361.760009765625
2008-06-10,2.01,2.01,2.01,2.01,5040,373.0,16065.0,131.30999755859375,867.9000244140625,1358.43994140625
2008-06-11,1.97,1.97,1.97,1.97,12340,370.0,16050.0,136.3800048828125,879.7000122070312,1335.489990234375
2008-06-12,1.94,1.94,1.94,1.94,195590,371.0,16325.0,136.74000549316406,869.2000122070312,1339.8699951171875
2008-06-13,1.9,1.9,1.9,1.9,409120,373.0,16050.0,134.86000061035156,870.2999877929688,1360.030029296875
2008-06-16,1.86,1.94,1.86,1.94,639380,378.0,16349.0,134.61000061035156,883.5999755859375,1360.1400146484375
2008-06-17,1.97,1.97,1.97,1.97,227950,385.0,16354.0,134.00999450683594,884.2999877929688,1350.9300537109375
2008-06-18,1.99,1.99,1.94,1.94,645410,382.0,16304.0,136.67999267578125,890.9000244140625,1337.81005859375
2008-06-19,1.88,1.88,1.88,1.88,85410,373.0,16344.0,131.92999267578125,901.7000122070312,1342.8299560546875
2008-06-20,1.83,1.83,1.83,1.83,96710,366.0,16344.0,134.6199951171875,901.2999877929688,1317.9300537109375
2008-06-23,1.77,1.81,1.77,1.77,409550,369.0,16354.0,136.74000549316406,884.7999877929688,1318.0
2008-06-24,1.72,1.83,1.72,1.83,264130,376.0,16316.0,137.0,889.2000122070312,1314.2900390625
2008-06-25,1.86,1.86,1.84,1.86,282020,384.0,16271.0,134.5500030517578,880.0,1321.969970703125
2008-06-26,1.92,1.92,1.81,1.83,171900,386.0,16317.0,139.63999938964844,913.0999755859375,1283.1500244140625
2008-06-27,1.77,1.84,1.77,1.84,147910,393.0,16592.0,140.2100067138672,929.2999877929688,1278.3800048828125
2008-06-30,1.79,1.84,1.79,1.84,266050,399.0,16355.0,140.0,926.2000122070312,1280.0
2008-07-01,1.9,1.9,1.88,1.9,154180,410.0,16847.0,140.97000122070312,942.5,1284.9100341796875
2008-07-02,1.95,1.95,1.9,1.95,422440,419.0,16482.0,143.57000732421875,944.7999877929688,1261.52001953125
2008-07-03,2.01,2.01,2.01,2.01,41650,430.0,16793.0,145.2899932861328,931.9000244140625,1262.9000244140625
2008-07-04,2.06,2.06,2.06,2.06,114780,440.0,16791.0,145.2899932861328,931.9000244140625,1262.9000244140625
2008-07-07,2.12,2.12,2.01,2.01,638990,436.0,16529.0,141.3699951171875,927.2999877929688,1252.31005859375
2008-07-08,1.95,2.06,1.95,2.06,476680,437.0,16523.0,136.0399932861328,921.9000244140625,1273.699951171875
2008-07-09,2.12,2.12,2.08,2.12,321480,440.0,16500.0,136.0500030517578,927.2999877929688,1244.68994140625
2008-07-10,2.18,2.18,2.18,2.18,174910,447.0,16596.0,141.64999389648438,940.9000244140625,1253.3900146484375
2008-07-11,2.23,2.23,2.23,2.23,165300,457.0,16589.0,145.0800018310547,959.5,1239.489990234375
2008-07-14,2.29,2.29,2.29,2.29,102180,468.0,16542.0,145.17999267578125,972.7000122070312,1228.300048828125
2008-07-15,2.34,2.34,2.34,2.34,61500,480.0,16698.0,138.74000549316406,977.7000122070312,1214.9100341796875
2008-07-16,2.4,2.4,2.29,2.4,723350,487.0,16702.0,134.60000610351562,961.7999877929688,1245.3599853515625
2008-07-17,2.45,2.45,2.45,2.45,93730,490.0,16568.0,129.2899932861328,970.0,1260.3199462890625
2008-07-18,2.51,2.51,2.51,2.51,651860,483.0,16555.0,128.8800048828125,957.2999877929688,1260.6800537109375
2008-07-21,2.43,2.47,2.43,2.43,713850,471.0,16414.0,131.0399932861328,963.0999755859375,1260.0
2008-07-22,2.38,2.38,2.38,2.38,165620,458.0,16350.0,127.94999694824219,948.0,1277.0
2008-07-23,2.32,2.32,2.32,2.32,118350,446.0,16642.0,124.44000244140625,922.4000244140625,1282.18994140625
2008-07-24,2.32,2.38,2.27,2.27,1124720,436.0,16300.0,125.48999786376953,922.0,1252.5400390625
2008-07-25,2.25,2.29,2.21,2.29,290860,429.0,16554.0,123.26000213623047,926.5999755859375,1257.760009765625
2008-07-28,2.34,2.34,2.34,2.34,46620,435.0,16543.0,124.7300033569336,927.5999755859375,1234.3699951171875
2008-07-29,2.4,2.4,2.4,2.4,72740,444.0,16692.0,122.19000244140625,916.4000244140625,1263.199951171875
2008-07-30,2.45,2.45,2.36,2.45,610540,448.0,16535.0,126.7699966430664,902.9000244140625,1284.260009765625
2008-07-31,2.44,2.51,2.42,2.51,595720,451.0,16525.0,124.08000183105469,913.9000244140625,1267.3800048828125
2008-08-01,2.59,2.59,2.53,2.59,272140,447.0,16506.0,125.0999984741211,909.0,1260.31005859375
2008-08-04,2.51,2.59,2.51,2.51,461730,439.0,16534.0,121.41000366210938,900.0999755859375,1249.010009765625
2008-08-05,2.44,2.44,2.44,2.44,216280,430.0,16350.0,119.16999816894531,878.5999755859375,1284.8800048828125
2008-08-06,2.49,2.49,2.49,2.49,280690,437.0,16350.0,118.58000183105469,875.5999755859375,1289.18994140625
2008-08-07,2.55,2.55,2.49,2.55,283230,439.0,16480.0,120.0199966430664,870.7000122070312,1266.0699462890625
2008-08-08,2.62,2.62,2.55,2.62,600830,444.0,16353.0,115.19999694824219,857.7999877929688,1296.3199462890625
2008-08-11,2.7,2.7,2.7,2.7,51350,455.0,16150.0,114.44999694824219,821.5,1305.3199462890625
2008-08-12,2.77,2.77,2.77,2.77,118650,460.0,16296.0,113.01000213623047,808.2000122070312,1289.5899658203125
2008-08-13,2.85,2.85,2.85,2.85,221080,464.0,16296.0,116.0,825.0,1285.8299560546875
2008-08-14,2.92,2.92,2.92,2.92,36200,476.0,16403.0,115.01000213623047,808.2000122070312,1292.9300537109375
2008-08-15,3.0,3.0,3.0,3.0,16710,489.0,16353.0,113.7699966430664,786.0,1298.199951171875
2008-08-18,3.15,3.15,3.15,3.15,382720,508.05,16427.0,112.87000274658203,799.7000122070312,1278.5999755859375
2008-08-19,3.3,3.3,3.3,3.3,142630,512.0,16297.0,114.52999877929688,811.0999755859375,1266.68994140625
2008-08-20,3.45,3.45,3.45,3.45,871030,508.0,16329.0,114.9800033569336,810.2999877929688,1274.5400390625
2008-08-21,3.62,3.62,3.62,3.62,231990,526.0,16207.0,121.18000030517578,833.0,1277.719970703125
2008-08-22,3.79,3.79,3.79,3.79,87220,527.0,16364.0,114.58999633789062,827.4000244140625,1292.199951171875
2008-08-25,3.97,3.97,3.97,3.97,48110,548.0,16396.0,115.11000061035156,819.7999877929688,1266.8399658203125
2008-08-26,4.16,4.16,4.16,4.16,11570,562.0,16291.0,116.2699966430664,822.2000122070312,1271.510009765625
2008-08-27,4.35,4.35,4.35,4.35,51750,562.0,16367.0,118.1500015258789,828.0999755859375,1281.6600341796875
2008-08-28,4.53,4.53,4.35,4.53,1988360,548.0,16379.0,115.58999633789062,830.9000244140625,1300.6800537109375
2008-08-29,4.53,4.72,4.31,4.53,844880,539.0,16315.0,115.45999908447266,829.2999877929688,1282.8299560546875
2008-09-03,4.76,4.76,4.76,4.76,363820,555.0,16231.0,109.3499984741211,802.7000122070312,1274.97998046875
2008-09-04,4.98,4.98,4.76,4.98,788590,559.0,16563.0,107.88999938964844,797.9000244140625,1236.8299560546875
2008-09-05,5.13,5.13,4.76,4.76,581910,547.0,16234.0,106.2300033569336,797.5999755859375,1242.31005859375
2008-09-08,4.53,4.53,4.53,4.53,91770,533.0,16445.0,106.33999633789062,797.5,1267.7900390625
2008-09-09,4.31,4.61,4.31,4.31,550610,525.0,16391.0,103.26000213623047,787.0999755859375,1224.510009765625
2008-09-10,4.12,4.12,4.12,4.12,245500,514.0,16435.0,102.58000183105469,757.9000244140625,1232.0400390625
2008-09-11,3.93,3.93,3.93,3.93,125420,497.0,16458.0,100.87000274658203,741.2999877929688,1249.050048828125
2008-09-12,3.75,3.75,3.75,3.75,99390,476.0,16228.0,101.18000030517578,760.2999877929688,1251.699951171875
2008-09-15,3.58,3.93,3.56,3.58,845560,477.0,16313.0,95.70999908447266,783.0999755859375,1192.699951171875
2008-09-16,3.43,3.45,3.41,3.41,338380,456.0,16408.0,91.1500015258789,776.5,1213.5999755859375
2008-09-17,3.24,3.24,3.24,3.24,71390,437.0,16301.0,97.16000366210938,846.5999755859375,1156.3900146484375
2008-09-18,3.09,3.09,3.09,3.09,144600,419.0,16611.0,97.87999725341797,892.7000122070312,1206.510009765625
2008-09-19,3.24,3.24,3.22,3.24,757290,439.0,16693.0,104.55000305175781,860.5999755859375,1255.0799560546875
2008-09-22,3.39,3.39,3.39,3.39,326690,460.0,16191.0,120.91999816894531,903.9000244140625,1207.0899658203125
2008-09-23,3.41,3.56,3.26,3.52,1258580,466.0,16611.0,106.61000061035156,885.5,1188.219970703125
2008-09-24,3.52,3.52,3.39,3.39,278850,455.0,16374.0,105.7300033569336,889.0,1185.8699951171875
2008-09-25,3.49,3.56,3.43,3.56,502610,470.0,16393.0,108.0199966430664,877.7000122070312,1209.1800537109375
2008-09-26,3.73,3.73,3.56,3.73,545710,484.0,16302.0,106.88999938964844,882.9000244140625,1213.27001953125
2008-09-29,3.58,3.75,3.58,3.6,252860,479.0,16321.0,96.37000274658203,888.2000122070312,1106.4200439453125
2008-09-30,3.43,3.43,3.43,3.43,15530,457.0,16577.0,100.63999938964844,874.2000122070312,1166.3599853515625
2008-10-01,3.52,3.56,3.32,3.49,417070,454.0,16456.0,98.52999877929688,880.7000122070312,1161.06005859375
2008-10-02,3.64,3.64,3.45,3.56,250480,460.0,16545.0,93.97000122070312,839.0,1114.280029296875
2008-10-03,3.45,3.5,3.43,3.43,212730,452.0,16421.0,93.87999725341797,828.9000244140625,1099.22998046875
2008-10-06,3.28,3.3,3.26,3.26,385060,434.0,16383.0,87.80999755859375,862.7000122070312,1056.8900146484375
2008-10-07,3.11,3.11,3.11,3.11,138250,414.0,16369.0,90.05999755859375,878.4000244140625,996.22998046875
2008-10-08,2.96,2.96,2.96,2.96,181880,401.0,16463.0,88.94999694824219,903.0999755859375,984.9400024414062
2008-10-09,2.83,2.98,2.83,2.83,808160,398.0,16453.0,86.58999633789062,883.0999755859375,909.9199829101562
2008-10-10,2.7,2.7,2.7,2.7,221730,379.0,16469.0,77.69999694824219,855.4000244140625,899.219970703125
2008-10-13,2.7,2.77,2.57,2.57,445480,372.0,16309.0,81.19000244140625,838.9000244140625,1003.3499755859375
2008-10-14,2.68,2.68,2.68,2.68,42650,389.0,16420.0,78.62999725341797,836.2999877929688,998.010009765625
2008-10-15,2.81,2.81,2.7,2.81,620510,397.0,16599.0,74.54000091552734,835.5,907.8400268554688
2008-10-16,2.72,2.94,2.72,2.85,453110,385.0,16294.0,69.8499984741211,801.5,946.4299926757812
2008-10-17,2.98,2.98,2.89,2.92,380430,383.0,16266.0,71.8499984741211,785.0999755859375,940.5499877929688
2008-10-20,2.92,2.92,2.79,2.79,193520,371.0,16523.0,74.25,787.5999755859375,985.4000244140625
2008-10-21,2.92,2.92,2.79,2.92,413160,380.0,16720.0,70.88999938964844,766.0999755859375,955.0499877929688
2008-10-22,2.81,2.89,2.81,2.87,175620,375.0,16551.0,66.75,733.2999877929688,896.780029296875
2008-10-23,2.74,2.79,2.74,2.74,423180,360.0,16557.0,67.83999633789062,713.2999877929688,908.1099853515625
2008-10-24,2.64,2.66,2.6,2.6,398060,345.0,16471.0,64.1500015258789,729.0999755859375,876.77001953125
2008-10-27,2.49,2.49,2.49,2.49,390520,329.0,16525.0,63.220001220703125,741.7000122070312,848.9199829101562
2008-10-28,2.38,2.55,2.38,2.44,467380,323.0,16614.0,62.72999954223633,739.2999877929688,940.510009765625
2008-10-29,2.55,2.55,2.51,2.55,425290,332.0,16335.0,67.5,752.7999877929688,930.0900268554688
2008-10-30,2.62,2.66,2.55,2.66,275860,337.0,16838.0,65.95999908447266,737.2000122070312,954.0900268554688
2008-10-31,2.79,2.79,2.79,2.79,214790,347.0,16617.0,67.80999755859375,716.7999877929688,968.75
2008-11-03,2.92,2.92,2.79,2.92,720560,348.0,16812.0,63.90999984741211,725.4000244140625,966.2999877929688
2008-11-04,2.92,3.05,2.92,3.05,516940,361.0,16555.0,70.52999877929688,756.0,1005.75
2008-11-05,3.2,3.2,3.2,3.2,160580,378.0,16556.0,65.30000305175781,741.2999877929688,952.77001953125
2008-11-06,3.19,3.35,3.11,3.34,1300900,380.0,16505.0,60.77000045776367,731.2000122070312,904.8800048828125
2008-11-07,3.49,3.49,3.38,3.49,1095780,366.0,16734.0,61.040000915527344,733.2000122070312,930.989990234375
2008-11-10,3.66,3.66,3.61,3.66,435320,366.0,16854.0,62.40999984741211,745.5999755859375,919.2100219726562
2008-11-11,3.55,3.61,3.49,3.49,536910,352.0,16946.0,59.33000183105469,732.0,898.9500122070312
2008-11-12,3.32,3.32,3.32,3.32,246800,342.0,16807.0,56.15999984741211,717.7000122070312,852.2999877929688
2008-11-13,3.18,3.38,3.18,3.29,865170,346.0,16775.0,58.2400016784668,704.9000244140625,911.2899780273438
2008-11-14,3.43,3.43,3.35,3.43,597610,352.0,16825.0,57.040000915527344,742.4000244140625,873.2899780273438
2008-11-17,3.38,3.43,3.32,3.32,217640,345.0,16684.0,54.95000076293945,741.9000244140625,850.75
2008-11-18,3.26,3.29,3.21,3.23,198890,341.0,16641.0,54.38999938964844,732.5999755859375,859.1199951171875
2008-11-19,3.23,3.29,3.15,3.15,336540,337.0,16840.0,53.619998931884766,735.9000244140625,806.5800170898438
2008-11-20,3.01,3.06,3.01,3.01,475410,326.0,16753.0,49.619998931884766,748.5999755859375,752.4400024414062
2008-11-21,2.86,3.03,2.86,2.89,614730,319.0,16740.0,49.93000030517578,791.7000122070312,800.030029296875
2008-11-24,3.03,3.03,2.98,3.01,381600,317.0,16543.0,54.5,819.4000244140625,851.8099975585938
2008-11-25,3.06,3.15,3.03,3.06,388490,320.0,16496.0,50.77000045776367,818.4000244140625,857.3900146484375
2008-11-26,3.06,3.09,2.92,2.92,629240,312.0,16766.0,54.439998626708984,808.5,887.6799926757812
2008-11-27,2.92,2.92,2.78,2.78,712510,304.0,16725.0,54.439998626708984,808.5,887.6799926757812
2008-11-28,2.89,2.89,2.86,2.89,339130,315.0,16782.0,54.43000030517578,816.2000122070312,896.239990234375
2008-12-01,3.03,3.03,2.86,3.01,427260,315.0,16812.0,49.279998779296875,774.5999755859375,816.2100219726562
2008-12-02,2.92,2.95,2.86,2.86,352240,307.0,16824.0,46.959999084472656,781.2999877929688,848.8099975585938
2008-12-03,2.89,2.92,2.8,2.89,242200,306.0,16582.0,46.790000915527344,768.7999877929688,870.739990234375
2008-12-04,2.89,2.95,2.86,2.89,324230,309.0,16567.0,43.66999816894531,763.7999877929688,845.219970703125
2008-12-05,2.86,2.86,2.76,2.8,268230,300.0,16613.0,40.810001373291016,750.5,876.0700073242188
2008-12-08,2.69,2.69,2.66,2.66,365030,289.0,16583.0,43.709999084472656,767.4000244140625,909.7000122070312
2008-12-09,2.69,2.79,2.66,2.79,365650,293.0,16641.0,42.06999969482422,772.4000244140625,888.6699829101562
2008-12-10,2.7,2.74,2.7,2.71,207280,287.0,16582.0,43.52000045776367,807.0999755859375,899.239990234375
2008-12-11,2.66,2.78,2.66,2.76,181410,289.0,16564.0,47.97999954223633,824.9000244140625,873.5900268554688
2008-12-12,2.86,2.89,2.86,2.89,426360,300.0,16743.0,46.279998779296875,818.9000244140625,879.72998046875
2008-12-15,3.03,3.03,2.95,3.03,516920,308.0,16700.0,44.5099983215332,835.4000244140625,868.5700073242188
2008-12-16,3.01,3.01,2.89,2.89,493380,296.0,16470.0,43.599998474121094,841.7000122070312,913.1799926757812
2008-12-17,2.89,3.03,2.86,3.01,398150,301.0,16330.0,40.060001373291016,867.5,904.4199829101562
2008-12-18,2.98,3.06,2.92,3.01,214270,306.0,17105.0,36.220001220703125,859.5999755859375,885.280029296875
2008-12-19,2.95,3.03,2.95,3.01,373670,307.0,16798.0,33.869998931884766,836.4000244140625,887.8800048828125
2008-12-22,3.03,3.06,2.95,2.95,230890,310.0,16743.0,39.90999984741211,846.2000122070312,871.6300048828125
2008-12-23,2.83,2.86,2.83,2.84,302340,304.0,16783.0,38.97999954223633,837.2000122070312,863.1599731445312
2008-12-24,2.75,2.82,2.75,2.8,115550,304.0,16759.0,35.349998474121094,847.0999755859375,868.1500244140625
2008-12-25,2.8,2.83,2.8,2.8,163130,302.0,16676.0,35.349998474121094,847.0999755859375,868.1500244140625
2008-12-26,2.78,2.83,2.78,2.79,249810,304.0,16664.0,37.709999084472656,870.4000244140625,872.7999877929688
2008-12-29,2.78,2.83,2.78,2.78,199210,309.0,17179.0,40.02000045776367,874.5999755859375,869.4199829101562
2008-12-30,2.78,2.92,2.78,2.89,460650,316.0,17239.0,39.029998779296875,869.2999877929688,890.6400146484375
2008-12-31,2.95,2.98,2.86,2.86,426080,316.0,17204.0,44.599998474121094,883.5999755859375,903.25
2009-01-02,2.86,2.86,2.85,2.86,47170,313.34,17216.0,46.34000015258789,878.7999877929688,931.7999877929688
2009-01-05,2.86,2.86,2.81,2.86,163060,311.91,17226.0,48.810001373291016,857.2000122070312,927.4500122070312
2009-01-06,2.86,2.95,2.86,2.95,260030,314.04,16976.0,48.58000183105469,865.4000244140625,934.7000122070312
2009-01-07,3.01,3.09,3.01,3.03,764810,319.58,17143.0,42.630001068115234,841.0999755859375,906.6500244140625
2009-01-08,2.95,3.03,2.92,2.95,393810,314.15,17207.0,41.70000076293945,853.9000244140625,909.72998046875
2009-01-09,2.92,2.98,2.89,2.89,218970,313.4,17526.0,40.83000183105469,854.2999877929688,890.3499755859375
2009-01-12,2.89,2.92,2.86,2.89,115600,312.18,17268.0,37.59000015258789,820.2999877929688,870.260009765625
2009-01-13,2.86,2.89,2.84,2.86,247860,307.13,17313.0,37.779998779296875,820.0999755859375,871.7899780273438
2009-01-14,2.89,2.95,2.85,2.92,302370,307.98,17248.0,37.279998779296875,808.2000122070312,842.6199951171875
2009-01-15,2.86,2.89,2.86,2.86,249240,304.01,17231.0,35.400001525878906,806.7000122070312,843.739990234375
2009-01-16,2.92,2.92,2.86,2.89,188470,306.12,17174.0,36.5099983215332,839.2999877929688,850.1199951171875
2009-01-19,2.89,2.89,2.86,2.89,155140,304.98,17401.0,36.5099983215332,839.2999877929688,850.1199951171875
2009-01-20,2.86,2.86,2.84,2.86,224930,302.86,17309.0,38.7400016784668,854.5999755859375,805.219970703125
2009-01-21,2.85,2.86,2.84,2.84,135320,300.04,17052.0,43.54999923706055,849.5999755859375,840.239990234375
2009-01-22,2.83,2.89,2.83,2.89,151060,301.12,17154.0,43.66999816894531,858.2000122070312,827.5
2009-01-23,2.89,2.92,2.86,2.89,98740,303.21,16938.0,46.470001220703125,895.2999877929688,831.9500122070312
2009-02-02,2.78,2.86,2.78,2.78,234860,297.52,17204.0,40.08000183105469,906.7000122070312,825.4400024414062
2009-02-03,2.7,2.7,2.67,2.67,356020,288.69,17182.0,40.779998779296875,892.0,838.510009765625
2009-02-04,2.67,2.74,2.67,2.72,202740,286.11,16997.0,40.31999969482422,901.5999755859375,832.22998046875
2009-02-05,2.72,2.72,2.65,2.66,212960,277.81,17229.0,41.16999816894531,913.5999755859375,845.8499755859375
2009-02-06,2.69,2.72,2.66,2.72,133360,281.63,17276.0,40.16999816894531,913.9000244140625,868.5999755859375
2009-02-09,2.72,2.82,2.72,2.82,147690,287.57,17157.0,39.560001373291016,892.4000244140625,869.8900146484375
2009-02-10,2.72,2.79,2.72,2.75,100540,282.02,17323.0,37.54999923706055,913.7000122070312,827.1599731445312
2009-02-11,2.71,2.71,2.69,2.7,327510,276.22,17174.0,35.939998626708984,943.7999877929688,833.739990234375
2009-02-12,2.7,2.71,2.67,2.69,225260,276.09,16755.0,33.97999954223633,948.5,835.1900024414062
2009-02-13,2.67,2.68,2.66,2.67,168870,274.51,17101.0,37.5099983215332,941.5,826.8400268554688
2009-02-16,2.67,2.67,2.59,2.59,356930,272.31,17171.0,37.5099983215332,941.5,826.8400268554688
2009-02-17,2.49,2.57,2.47,2.47,420870,263.07,17276.0,34.93000030517578,967.0,789.1699829101562
2009-02-18,2.35,2.4,2.35,2.4,471730,255.09,17215.0,34.619998931884766,977.7000122070312,788.4199829101562
2009-02-19,2.46,2.47,2.4,2.4,309740,254.85,17206.0,39.47999954223633,976.0999755859375,778.9400024414062
2009-02-20,2.38,2.4,2.35,2.38,141830,252.57,16875.0,38.939998626708984,1001.7999877929688,770.0499877929688
2009-02-23,2.29,2.32,2.27,2.27,285480,244.02,17165.0,38.439998626708984,994.5999755859375,743.3300170898438
2009-02-24,2.16,2.16,2.16,2.16,276110,235.5,17326.0,39.959999084472656,969.0999755859375,773.1400146484375
2009-02-25,2.26,2.26,2.23,2.26,242810,244.33,17084.0,42.5,965.7000122070312,764.9000244140625
2009-02-26,2.26,2.35,2.18,2.35,438790,242.53,17224.0,45.220001220703125,941.7999877929688,752.8300170898438
2009-02-27,2.29,2.46,2.29,2.46,337150,245.74,16875.0,44.7599983215332,941.5,735.0900268554688
2009-03-02,2.38,2.51,2.38,2.5,242190,247.66,17183.0,40.150001525878906,939.0,700.8200073242188
2009-03-03,2.38,2.42,2.38,2.38,236910,241.46,16755.0,41.650001525878906,912.9000244140625,696.3300170898438
2009-03-04,2.38,2.4,2.35,2.4,181120,244.36,16750.0,45.380001068115234,906.0,712.8699951171875
2009-03-05,2.49,2.49,2.42,2.46,270690,246.68,17169.0,43.61000061035156,927.0,682.5499877929688
2009-03-06,2.4,2.47,2.4,2.47,199000,245.7,17157.0,45.52000045776367,942.0999755859375,683.3800048828125
2009-03-09,2.48,2.55,2.47,2.52,426240,247.85,17156.0,47.06999969482422,917.7000122070312,676.530029296875
2009-03-10,2.52,2.58,2.5,2.54,498320,251.88,17091.0,45.709999084472656,895.5999755859375,719.5999755859375
2009-03-11,2.63,2.63,2.55,2.58,445190,255.85,17161.0,42.33000183105469,910.4000244140625,721.3599853515625
2009-03-12,2.52,2.54,2.46,2.48,239390,251.01,16725.0,47.029998779296875,923.7000122070312,750.739990234375
2009-03-13,2.5,2.51,2.48,2.48,235750,251.44,16725.0,46.25,929.7999877929688,756.5499877929688
2009-03-16,2.51,2.52,2.48,2.52,230200,254.56,17256.0,47.349998474121094,921.5999755859375,753.8900146484375
2009-03-17,2.56,2.64,2.56,2.61,431190,263.2,16750.0,49.15999984741211,916.4000244140625,778.1199951171875
2009-03-18,2.72,2.74,2.69,2.74,907220,273.39,16755.0,48.13999938964844,888.7000122070312,794.3499755859375
2009-03-19,2.74,2.78,2.6,2.6,682010,267.04,16750.0,51.61000061035156,958.2999877929688,784.0399780273438
2009-03-20,2.6,2.69,2.55,2.6,243850,266.62,17188.0,51.060001373291016,955.7999877929688,768.5399780273438
2009-03-23,2.62,2.62,2.51,2.52,300350,260.16,16750.0,53.79999923706055,952.0999755859375,822.9199829101562
2009-03-24,2.64,2.64,2.63,2.64,240360,270.6,16755.0,53.97999954223633,923.2999877929688,806.1199951171875
2009-03-25,2.63,2.78,2.63,2.77,962740,277.6,17517.0,52.77000045776367,935.4000244140625,813.8800048828125
2009-03-26,2.85,2.86,2.79,2.86,838490,286.3,17520.0,54.34000015258789,939.5999755859375,832.8599853515625
2009-03-27,2.89,2.89,2.75,2.75,821740,287.41,17588.0,52.380001068115234,923.0,815.9400024414062
2009-03-30,2.64,2.71,2.62,2.62,1024320,282.38,17471.0,48.40999984741211,915.5,787.530029296875
2009-03-31,2.53,2.58,2.52,2.57,828860,280.7,17454.0,49.65999984741211,922.5999755859375,797.8699951171875
2009-04-01,2.68,2.7,2.63,2.7,311150,289.5,17633.0,48.38999938964844,926.0999755859375,811.0800170898438
2009-04-02,2.83,2.83,2.79,2.83,1114300,297.3,17482.0,52.63999938964844,907.4000244140625,834.3800048828125
2009-04-03,2.95,2.95,2.95,2.95,900770,310.3,17474.0,52.5099983215332,895.5999755859375,842.5
2009-04-07,2.95,3.09,2.92,3.09,1551610,322.4,17715.0,49.150001525878906,882.2000122070312,815.5499877929688
2009-04-08,3.06,3.23,2.95,2.98,1546630,313.8,17490.0,49.380001068115234,884.7999877929688,825.1599731445312
2009-04-09,2.95,3.06,2.92,2.98,1017260,311.7,17485.0,52.2400016784668,882.2000122070312,856.5599975585938
2009-04-10,3.12,3.12,3.12,3.12,249850,325.1,17691.0,52.2400016784668,882.2000122070312,856.5599975585938
2009-04-13,3.26,3.26,3.26,3.26,104360,340.01,17735.0,50.04999923706055,894.7000122070312,858.72998046875
2009-04-14,3.38,3.41,3.26,3.41,1910600,347.1,16825.0,49.40999984741211,890.9000244140625,841.5
2009-04-15,3.32,3.46,3.26,3.29,1695010,339.3,17473.0,49.25,892.7999877929688,852.0599975585938
2009-04-16,3.38,3.38,3.26,3.32,1140090,343.9,17552.0,49.97999954223633,879.2999877929688,865.2999877929688
2009-04-17,3.26,3.29,3.18,3.18,1117840,334.1,17474.0,50.33000183105469,867.4000244140625,869.5999755859375
2009-04-20,3.03,3.03,3.03,3.03,401840,318.9,17600.0,45.880001068115234,887.0,832.3900146484375
2009-04-21,2.89,2.98,2.89,2.95,1817720,312.8,16855.0,46.5099983215332,882.0999755859375,850.0800170898438
2009-04-22,3.09,3.09,2.98,3.09,971890,321.9,17491.0,48.849998474121094,891.7999877929688,843.5499877929688
2009-04-23,3.12,3.21,3.06,3.06,785730,315.2,17371.0,49.619998931884766,905.9000244140625,851.9199829101562
2009-04-24,3.06,3.09,2.98,3.09,627090,309.9,17472.0,51.54999923706055,913.5999755859375,866.22998046875
2009-04-27,3.18,3.21,3.09,3.15,742370,313.7,17450.0,50.13999938964844,907.4000244140625,857.510009765625
2009-04-28,3.15,3.21,3.12,3.15,507210,315.7,17454.0,49.91999816894531,892.7999877929688,855.1599731445312
2009-04-29,3.18,3.18,3.12,3.18,563360,321.6,17499.0,50.970001220703125,899.7999877929688,873.6400146484375
2009-05-04,3.32,3.32,3.32,3.32,223130,336.6,17477.0,54.470001220703125,901.5999755859375,907.239990234375
2009-05-05,3.46,3.46,3.46,3.46,227170,351.3,17460.0,53.84000015258789,903.7000122070312,903.7999877929688
2009-05-06,3.52,3.63,3.46,3.46,2626470,350.1,17486.0,56.34000015258789,910.5,919.530029296875
2009-05-07,3.63,3.63,3.61,3.63,1002450,363.9,17476.0,56.709999084472656,915.0,907.3900146484375
2009-05-08,3.72,3.81,3.63,3.66,1373780,366.2,16855.0,58.630001068115234,914.4000244140625,929.22998046875
2009-05-11,3.75,3.81,3.66,3.78,1265940,373.0,16880.0,58.5,913.0,909.239990234375
2009-05-12,3.78,3.89,3.69,3.89,829710,382.0,16885.0,58.849998474121094,923.5,908.3499755859375
2009-05-13,3.81,3.89,3.72,3.72,1640250,378.3,17551.0,58.02000045776367,925.5,883.9199829101562
2009-05-14,3.58,3.69,3.55,3.63,1708940,376.8,16880.0,58.619998931884766,928.0,893.0700073242188
2009-05-15,3.75,3.81,3.69,3.81,827290,390.2,16855.0,56.34000015258789,930.9000244140625,882.8800048828125
2009-05-18,3.78,3.89,3.75,3.81,605250,390.9,17486.0,59.029998779296875,921.2999877929688,909.7100219726562
2009-05-19,3.89,3.89,3.81,3.84,1014590,400.9,16850.0,59.650001525878906,926.2999877929688,908.1300048828125
2009-05-20,3.81,3.86,3.78,3.84,1376470,410.4,17501.0,62.040000915527344,937.0,903.469970703125
2009-05-21,3.75,3.84,3.75,3.75,774240,412.5,16855.0,61.04999923706055,950.7999877929688,888.3300170898438
2009-05-22,3.61,3.72,3.61,3.63,738560,404.6,17510.0,61.66999816894531,958.5,887.0
2009-05-25,3.66,3.81,3.66,3.81,717520,421.8,17501.0,61.66999816894531,958.5,887.0
2009-05-26,3.86,3.92,3.81,3.84,741030,425.0,16850.0,62.45000076293945,953.0999755859375,910.3300170898438
2009-05-27,3.89,3.89,3.72,3.84,658000,425.2,16855.0,63.45000076293945,953.2000122070312,893.0599975585938
2009-05-28,3.81,3.84,3.72,3.78,615880,415.5,16850.0,65.08000183105469,961.5,906.8300170898438
2009-05-29,3.81,3.81,3.69,3.78,563290,411.6,17462.0,66.30999755859375,978.7999877929688,919.1400146484375
2009-06-01,3.81,3.92,3.81,3.92,784740,426.4,16855.0,68.58000183105469,978.5999755859375,942.8699951171875
2009-06-02,4.09,4.09,4.01,4.01,1099910,440.6,16850.0,68.55000305175781,983.2000122070312,944.739990234375
2009-06-03,4.01,4.06,3.98,4.01,626920,444.8,17487.0,66.12000274658203,964.5,931.760009765625
2009-06-04,4.07,4.15,4.01,4.09,644940,458.2,17524.0,68.80999755859375,981.2000122070312,942.4600219726562
2009-06-05,4.3,4.3,4.24,4.3,769620,478.7,16850.0,68.44000244140625,961.7000122070312,940.0900268554688
2009-06-08,4.5,4.5,4.5,4.5,320260,501.5,16850.0,68.08999633789062,951.7000122070312,939.1400146484375
2009-06-09,4.41,4.53,4.41,4.47,758270,512.5,16855.0,70.01000213623047,954.0,942.4299926757812
2009-06-10,4.3,4.33,4.3,4.27,1249380,497.5,16855.0,71.33000183105469,954.0,939.1500244140625
2009-06-11,4.27,4.3,4.24,4.27,1109720,511.3,17518.0,72.68000030517578,961.2999877929688,944.8900146484375
2009-06-12,4.33,4.33,4.09,4.09,1008960,510.0,16850.0,72.04000091552734,940.0999755859375,946.2100219726562
2009-06-15,3.95,4.07,3.89,3.95,978250,493.5,16855.0,70.62000274658203,926.9000244140625,923.719970703125
2009-06-16,3.77,3.86,3.77,3.8,1319490,472.0,16850.0,70.47000122070312,931.5999755859375,911.969970703125
2009-06-17,3.8,3.98,3.8,3.98,947180,472.5,16855.0,71.02999877929688,935.4000244140625,910.7100219726562
2009-06-18,4.15,4.15,4.15,4.15,157690,479.3,16850.0,71.37000274658203,934.0,918.3699951171875
2009-06-19,4.36,4.36,4.27,4.36,1487800,475.2,17504.0,69.55000305175781,935.5999755859375,921.22998046875
2009-06-22,4.18,4.21,4.15,4.15,693990,458.1,16855.0,66.93000030517578,920.5999755859375,893.0399780273438
2009-06-23,3.95,4.01,3.95,3.98,1071590,438.6,16850.0,69.23999786376953,923.9000244140625,895.0999755859375
2009-06-24,4.15,4.15,4.15,4.15,234300,456.2,16850.0,68.66999816894531,934.0999755859375,900.9400024414062
2009-06-25,4.36,4.36,4.15,4.18,1056790,453.8,17511.0,70.2300033569336,939.0999755859375,920.260009765625
2009-06-26,4.18,4.3,4.18,4.27,549500,461.4,16855.0,69.16000366210938,940.7000122070312,918.9000244140625
2009-06-29,4.24,4.27,4.21,4.24,531410,460.4,17488.0,71.48999786376953,940.4000244140625,927.22998046875
2009-06-30,4.21,4.24,4.04,4.07,876180,448.3,16850.0,69.88999938964844,927.0999755859375,919.3200073242188
2009-07-01,3.89,3.95,3.86,3.89,659490,430.0,17516.0,69.30999755859375,941.0,923.3300170898438
2009-07-02,3.95,4.07,3.89,4.04,290660,433.8,17513.0,66.7300033569336,930.7000122070312,896.4199829101562
2009-07-03,3.92,4.09,3.92,4.09,342180,435.4,17512.0,66.7300033569336,930.7000122070312,896.4199829101562
2009-07-06,4.12,4.3,4.09,4.27,368720,454.3,17512.0,64.05000305175781,924.0,898.719970703125
2009-07-07,4.24,4.27,4.18,4.21,447350,447.6,17522.0,62.93000030517578,928.7999877929688,881.030029296875
2009-07-08,4.15,4.18,4.09,4.18,226360,446.8,17520.0,60.13999938964844,909.0,879.5599975585938
2009-07-09,4.12,4.21,4.12,4.12,216460,446.4,17515.0,60.40999984741211,915.9000244140625,882.6799926757812
2009-07-10,4.09,4.12,4.07,4.12,359970,438.8,17512.0,59.88999938964844,912.2000122070312,879.1300048828125
2009-07-13,4.12,4.12,4.07,4.12,336190,426.7,17485.0,59.689998626708984,922.2000122070312,901.0499877929688
2009-07-14,4.09,4.12,4.07,4.07,295060,418.6,17502.0,59.52000045776367,922.5,905.8400268554688
2009-07-15,4.12,4.18,4.12,4.15,143930,427.1,17523.0,61.540000915527344,939.0999755859375,932.6799926757812
2009-07-16,4.3,4.3,4.18,4.18,229170,433.5,17478.0,62.02000045776367,935.0999755859375,940.739990234375
2009-07-17,4.18,4.24,4.15,4.18,294310,428.7,17515.0,63.560001373291016,937.2000122070312,940.3800048828125
2009-07-20,4.15,4.15,4.09,4.09,302290,413.0,17524.0,63.97999954223633,948.5,951.1300048828125
2009-07-21,4.15,4.18,4.07,4.18,530220,416.0,16850.0,64.72000122070312,946.5999755859375,954.5800170898438
2009-07-22,4.24,4.24,4.15,4.18,342760,419.0,16855.0,65.4000015258789,953.0,954.0700073242188
2009-07-23,4.18,4.24,4.18,4.24,214440,434.0,16855.0,67.16000366210938,954.5,976.2899780273438
2009-07-24,4.44,4.44,4.41,4.44,421560,455.0,17529.0,68.05000305175781,952.7999877929688,979.260009765625
2009-07-27,4.59,4.59,4.41,4.47,470390,470.0,16850.0,68.37999725341797,953.2999877929688,982.1799926757812
2009-07-28,4.38,4.47,4.36,4.36,379050,463.0,16850.0,67.2300033569336,939.0,979.6199951171875
2009-07-29,4.41,4.41,4.36,4.36,147070,458.0,16855.0,63.349998474121094,927.2000122070312,975.1500244140625
2009-07-30,4.36,4.36,4.3,4.36,192600,452.0,16850.0,66.94000244140625,934.9000244140625,986.75
2009-07-31,4.44,4.47,4.41,4.44,333390,467.0,16865.0,69.44999694824219,953.7000122070312,987.47998046875
2009-08-03,4.38,4.47,4.38,4.44,192740,468.0,17525.0,71.58000183105469,956.5999755859375,1002.6300048828125
2009-08-04,4.53,4.53,4.47,4.5,313400,477.0,16860.0,71.41999816894531,967.5,1005.6500244140625
2009-08-05,4.47,4.5,4.47,4.5,219010,481.0,16850.0,71.97000122070312,964.2000122070312,1002.719970703125
2009-08-06,4.5,4.56,4.5,4.53,356890,481.0,17534.0,71.94000244140625,960.7000122070312,997.0800170898438
2009-08-07,4.53,4.56,4.5,4.53,139270,481.0,16855.0,70.93000030517578,957.2999877929688,1010.47998046875
2009-08-10,4.53,4.65,4.53,4.62,354770,491.0,16855.0,70.5999984741211,945.0,1007.0999755859375
2009-08-11,4.59,4.65,4.59,4.62,169070,494.0,16855.0,69.44999694824219,945.7999877929688,994.3499755859375
2009-08-12,4.62,4.67,4.62,4.65,352250,497.0,16850.0,70.16000366210938,950.7000122070312,1005.8099975585938
2009-08-13,4.7,4.7,4.65,4.67,354750,504.0,16855.0,70.5199966430664,954.7000122070312,1012.72998046875
2009-08-14,4.59,4.67,4.59,4.65,223410,507.0,16850.0,67.51000213623047,947.0,1004.0900268554688
2009-08-17,4.65,4.67,4.62,4.62,359380,500.0,16855.0,66.75,934.2999877929688,979.72998046875
2009-08-18,4.53,4.62,4.53,4.59,293950,500.0,17700.0,69.19000244140625,937.7000122070312,989.6699829101562
2009-08-19,4.62,4.65,4.62,4.65,350280,508.0,17700.0,72.41999816894531,943.2999877929688,996.4600219726562
2009-08-20,4.7,4.7,4.65,4.67,220510,514.0,17735.0,72.54000091552734,940.2999877929688,1007.3699951171875
2009-08-21,4.73,4.88,4.7,4.79,499440,519.0,17730.0,73.88999938964844,953.2000122070312,1026.1300048828125
2009-08-24,4.82,5.02,4.82,5.02,857000,528.0,17523.0,74.37000274658203,942.2999877929688,1025.5699462890625
2009-08-25,5.08,5.23,5.05,5.05,575740,528.9,17534.0,72.05000305175781,944.5,1028.0
2009-08-26,5.02,5.05,4.94,4.99,495630,526.0,17700.0,71.43000030517578,944.2999877929688,1028.1199951171875
2009-08-27,4.97,4.99,4.85,4.99,877910,527.0,17710.0,72.48999786376953,945.5,1030.97998046875
2009-08-28,4.99,5.05,4.94,5.05,418120,536.5,17605.0,72.73999786376953,957.0,1028.9300537109375
2009-08-31,5.17,5.17,5.11,5.17,380650,546.8,17725.0,69.95999908447266,951.7000122070312,1020.6199951171875
2009-09-01,5.08,5.14,5.05,5.08,411450,547.7,17700.0,68.05000305175781,954.7000122070312,998.0399780273438
2009-09-03,4.97,5.05,4.94,4.97,616240,540.8,17725.0,67.95999908447266,995.7999877929688,1003.239990234375
2009-09-04,4.88,4.99,4.88,4.88,669090,528.5,17725.0,68.0199966430664,994.9000244140625,1016.4000244140625
2009-09-07,4.76,4.76,4.65,4.76,594460,525.0,17543.0,68.0199966430664,994.9000244140625,1016.4000244140625
2009-09-08,4.82,4.85,4.76,4.82,269040,537.8,17700.0,71.0999984741211,997.9000244140625,1025.3900146484375
2009-09-09,4.88,4.91,4.76,4.88,361920,536.1,17725.0,71.30999755859375,995.2999877929688,1033.3699951171875
2009-09-10,4.91,4.91,4.7,4.91,333480,540.2,17506.0,71.94000244140625,995.4000244140625,1044.1400146484375
2009-09-11,4.91,4.94,4.88,4.88,451540,548.0,17700.0,69.29000091552734,1004.9000244140625,1042.72998046875
2009-09-14,5.05,5.11,5.02,5.11,1027940,556.6,17700.0,68.86000061035156,999.9000244140625,1049.3399658203125
2009-09-15,5.34,5.34,5.14,5.23,745520,556.8,17502.0,70.93000030517578,1005.0,1052.6300048828125
2009-09-16,5.23,5.23,5.02,5.05,931000,557.0,17800.0,72.51000213623047,1018.9000244140625,1068.760009765625
2009-09-17,5.11,5.26,4.99,5.23,973080,561.2,17543.0,72.47000122070312,1012.2999877929688,1065.489990234375
2009-09-18,5.11,5.23,5.11,5.23,607370,571.0,17558.0,72.04000091552734,1009.2000122070312,1068.300048828125
2009-09-21,5.28,5.31,5.23,5.23,314940,578.0,17534.0,69.70999908447266,1003.7000122070312,1064.6600341796875
2009-09-22,5.11,5.31,5.11,5.17,460640,582.9,17730.0,71.55000305175781,1014.2000122070312,1071.6600341796875
2009-09-23,5.2,5.23,5.11,5.11,831800,582.1,17700.0,68.97000122070312,1013.0,1060.8699951171875
2009-09-24,5.11,5.11,5.02,5.05,422860,574.8,17701.0,65.88999938964844,997.5,1050.780029296875
2009-09-25,5.05,5.08,5.02,5.05,643170,582.8,17578.0,66.0199966430664,990.2000122070312,1044.3800048828125
2009-09-28,5.05,5.11,5.02,5.05,889040,582.0,17578.0,66.83999633789062,992.5,1062.97998046875
2009-09-29,5.08,5.08,4.99,5.02,894270,582.6,17534.0,66.70999908447266,993.0999755859375,1060.6099853515625
2009-09-30,5.02,5.08,4.99,5.02,905310,580.9,17720.0,70.61000061035156,1008.0,1057.0799560546875
2009-10-01,5.02,5.02,4.94,4.94,620340,569.0,17576.0,70.81999969482422,999.5,1029.8499755859375
2009-10-02,4.73,4.85,4.7,4.79,686700,549.7,17500.0,69.94999694824219,1003.2000122070312,1025.2099609375
2009-10-05,4.82,4.88,4.73,4.79,774310,549.0,17615.0,70.41000366210938,1016.7000122070312,1040.4599609375
2009-10-06,4.88,4.94,4.79,4.82,339770,552.0,17615.0,70.87999725341797,1038.5999755859375,1054.719970703125
2009-10-07,4.94,5.05,4.91,5.02,336950,566.4,17580.0,69.56999969482422,1043.300048828125,1057.5799560546875
2009-10-08,5.05,5.05,4.97,5.02,246850,571.8,17800.0,71.69000244140625,1055.4000244140625,1065.47998046875
2009-10-09,5.05,5.08,4.99,5.02,562390,582.0,17615.0,71.7699966430664,1047.800048828125,1071.489990234375
2009-10-12,5.08,5.14,5.05,5.08,592020,594.3,17581.0,73.2699966430664,1056.699951171875,1076.18994140625
2009-10-13,5.08,5.11,5.05,5.08,466710,589.9,17546.0,74.1500015258789,1064.199951171875,1073.18994140625
2009-10-14,5.05,5.17,5.05,5.17,477770,605.7,17815.0,75.18000030517578,1063.9000244140625,1092.02001953125
2009-10-15,5.4,5.4,5.23,5.4,1027360,617.4,17800.0,77.58000183105469,1049.800048828125,1096.56005859375
2009-10-16,5.4,5.46,5.31,5.31,575620,609.5,17800.0,78.52999877929688,1050.699951171875,1087.6800537109375
2009-10-19,5.34,5.34,5.17,5.17,398520,607.1,17805.0,79.61000061035156,1057.300048828125,1097.9100341796875
2009-10-20,5.34,5.34,5.23,5.26,346720,616.6,17805.0,79.08999633789062,1057.800048828125,1091.06005859375
2009-10-21,5.26,5.26,5.17,5.17,316080,618.5,17805.0,81.37000274658203,1063.699951171875,1081.4000244140625
2009-10-22,5.17,5.28,5.14,5.26,376810,624.1,17805.0,81.19000244140625,1057.800048828125,1092.9100341796875
2009-10-23,5.34,5.34,5.2,5.2,408920,615.2,17815.0,80.5,1055.5999755859375,1079.5999755859375
2009-10-26,5.17,5.23,5.14,5.17,505350,609.3,17825.0,78.68000030517578,1042.0999755859375,1066.949951171875
2009-10-27,5.17,5.17,5.05,5.11,400590,596.8,17835.0,79.55000305175781,1034.699951171875,1063.4100341796875
2009-10-28,5.17,5.17,5.05,5.08,149230,599.9,17651.0,77.45999908447266,1029.9000244140625,1042.6300048828125
2009-10-29,4.97,5.05,4.88,4.94,327940,581.5,17840.0,79.87000274658203,1046.4000244140625,1066.1099853515625
2009-10-30,4.99,5.05,4.79,4.99,223510,587.1,17676.0,77.0,1039.699951171875,1036.18994140625
2009-11-02,4.79,4.85,4.76,4.76,612130,561.7,17840.0,78.12999725341797,1053.4000244140625,1042.8800048828125
2009-11-03,4.88,4.88,4.67,4.7,159800,539.7,17841.0,79.5999984741211,1084.300048828125,1045.4100341796875
2009-11-04,4.7,4.82,4.67,4.76,323670,537.5,17835.0,80.4000015258789,1086.699951171875,1046.5
2009-11-05,4.85,4.91,4.82,4.91,138140,555.5,17825.0,79.62000274658203,1088.699951171875,1066.6300048828125
2009-11-06,4.99,4.99,4.76,4.76,125400,554.9,17820.0,77.43000030517578,1095.0999755859375,1069.300048828125
2009-11-09,4.76,4.82,4.73,4.73,204280,534.1,17825.0,79.43000030517578,1100.800048828125,1093.0799560546875
2009-11-10,4.79,4.79,4.65,4.65,309780,524.4,17825.0,79.05000305175781,1101.9000244140625,1093.010009765625
2009-11-11,4.7,4.76,4.65,4.76,197380,537.6,17825.0,79.27999877929688,1114.0,1098.510009765625
2009-11-12,4.79,4.91,4.76,4.88,292170,546.0,17820.0,76.94000244140625,1106.0,1087.239990234375
2009-11-13,4.79,4.88,4.79,4.88,142040,548.2,17575.0,76.3499984741211,1116.0999755859375,1093.47998046875
2009-11-16,4.82,4.91,4.76,4.76,400690,545.7,17805.0,78.9000015258789,1138.5999755859375,1109.300048828125
2009-11-17,4.82,4.82,4.73,4.79,199100,547.1,17800.0,79.13999938964844,1138.800048828125,1110.3199462890625
2009-11-18,4.82,4.85,4.79,4.82,227080,553.8,17825.0,79.58000183105469,1140.699951171875,1109.800048828125
2009-11-19,4.82,4.88,4.82,4.88,136230,560.1,17800.0,77.45999908447266,1141.4000244140625,1094.9000244140625
2009-11-20,4.85,4.88,4.79,4.88,108760,556.0,17820.0,76.72000122070312,1146.4000244140625,1091.3800048828125
2009-11-23,4.88,4.88,4.67,4.76,240750,537.0,17800.0,77.55999755859375,1164.300048828125,1106.239990234375
2009-11-24,4.7,4.76,4.65,4.65,263770,527.1,17805.0,76.0199966430664,1165.5,1105.6500244140625
2009-11-25,4.59,4.65,4.41,4.41,500720,503.4,17800.0,77.95999908447266,1186.9000244140625,1110.6300048828125
2009-11-26,4.21,4.41,4.21,4.21,360310,482.6,18223.0,77.95999908447266,1186.9000244140625,1110.6300048828125
2009-11-27,4.01,4.41,4.01,4.41,381500,490.6,17800.0,76.05000305175781,1174.199951171875,1091.489990234375
2009-11-30,4.53,4.62,4.41,4.62,294120,504.1,18227.0,77.27999877929688,1181.0999755859375,1095.6300048828125
2009-12-01,4.65,4.73,4.62,4.62,188270,514.9,18099.0,78.37000274658203,1199.0999755859375,1108.8599853515625
2009-12-02,4.5,4.65,4.47,4.53,209760,499.1,18267.0,76.5999984741211,1212.0,1109.239990234375
2009-12-03,4.41,4.56,4.41,4.41,527820,494.8,18425.0,76.45999908447266,1217.4000244140625,1099.9200439453125
2009-12-04,4.53,4.53,4.38,4.41,224910,495.0,18420.0,75.47000122070312,1168.800048828125,1105.97998046875
2009-12-07,4.36,4.5,4.38,4.5,116970,499.0,18200.0,73.93000030517578,1163.4000244140625,1103.25
2009-12-08,4.44,4.5,4.41,4.44,101630,488.5,18584.0,72.62000274658203,1142.800048828125,1091.93994140625
2009-12-09,4.3,4.33,4.24,4.27,314220,470.6,18201.0,70.66999816894531,1120.4000244140625,1095.949951171875
2009-12-10,4.33,4.33,4.24,4.24,395690,458.7,18204.0,70.54000091552734,1125.699951171875,1102.3499755859375
2009-12-11,4.09,4.24,4.09,4.18,230670,444.2,18396.0,69.87000274658203,1119.4000244140625,1106.4100341796875
2009-12-14,4.27,4.39,4.27,4.39,158620,458.4,18200.0,69.51000213623047,1123.300048828125,1114.1099853515625
2009-12-15,4.36,4.45,4.36,4.42,143720,459.4,18420.0,70.69000244140625,1122.4000244140625,1107.9300537109375
2009-12-16,4.42,4.42,4.27,4.27,250450,442.1,18085.0,72.66000366210938,1135.5,1109.1800537109375
2009-12-17,4.09,4.21,4.09,4.15,239330,434.9,18188.0,72.6500015258789,1106.800048828125,1096.0799560546875
2009-12-18,4.15,4.36,3.97,3.97,533620,443.3,18193.0,73.36000061035156,1110.800048828125,1102.469970703125
2009-12-21,4.15,4.15,4.15,4.15,60410,461.0,18193.0,72.47000122070312,1095.4000244140625,1114.050048828125
2009-12-22,4.36,4.36,4.36,4.36,177150,465.2,18425.0,74.4000015258789,1086.0,1118.02001953125
2009-12-23,4.54,4.57,4.45,4.57,338470,470.8,18420.0,76.66999816894531,1093.300048828125,1120.5899658203125
2009-12-24,4.63,4.69,4.54,4.69,298960,479.1,18196.0,78.05000305175781,1104.0999755859375,1126.47998046875
2009-12-25,4.74,4.83,4.74,4.8,148480,495.1,18196.0,78.05000305175781,1104.0999755859375,1126.47998046875
2009-12-28,4.8,4.83,4.69,4.69,285790,492.6,18425.0,78.7699966430664,1107.199951171875,1127.780029296875
2009-12-29,4.69,4.69,4.54,4.57,178940,484.5,18420.0,78.87000274658203,1097.0,1126.199951171875
2009-12-30,4.6,4.66,4.57,4.63,102710,495.4,18405.0,79.27999877929688,1091.5,1126.4200439453125
2009-12-31,4.69,4.71,4.63,4.69,202760,494.8,18400.0,79.36000061035156,1095.199951171875,1115.0999755859375
2010-01-04,4.8,4.89,4.69,4.89,235620,517.1,18167.0,81.51000213623047,1117.699951171875,1132.989990234375
2010-01-05,5.07,5.07,4.89,4.89,200040,532.5,18415.0,81.7699966430664,1118.0999755859375,1136.52001953125
2010-01-06,4.89,4.95,4.71,4.8,94870,534.5,18425.0,83.18000030517578,1135.9000244140625,1137.1400146484375
2010-01-07,4.8,4.83,4.74,4.77,102720,533.3,18190.0,82.66000366210938,1133.0999755859375,1141.68994140625
2010-01-08,4.86,4.86,4.63,4.63,161560,520.9,18205.0,82.75,1138.199951171875,1144.97998046875
2010-01-11,4.71,4.71,4.54,4.6,126590,515.1,18198.0,82.5199966430664,1150.699951171875,1146.97998046875
2010-01-12,4.57,4.63,4.51,4.51,226250,498.3,18196.0,80.79000091552734,1128.9000244140625,1136.219970703125
2010-01-13,4.51,4.66,4.45,4.66,146230,508.6,18201.0,79.6500015258789,1136.4000244140625,1145.6800537109375
2010-01-14,4.74,4.74,4.63,4.69,124220,512.3,18207.0,79.38999938964844,1142.5999755859375,1148.4599609375
2010-01-15,4.69,4.69,4.6,4.6,81780,505.4,18198.0,78.0,1130.0999755859375,1136.030029296875
2010-01-18,4.57,4.57,4.51,4.51,142680,487.1,18202.0,78.0,1130.0999755859375,1136.030029296875
2010-01-19,4.63,4.66,4.54,4.6,125670,495.5,18190.0,79.0199966430664,1139.699951171875,1150.22998046875
2010-01-20,4.71,4.74,4.6,4.69,344660,489.5,18203.0,77.62000274658203,1112.300048828125,1138.0400390625
2010-01-21,4.63,4.69,4.6,4.63,226540,478.4,18187.0,76.08000183105469,1102.699951171875,1116.47998046875
2010-01-22,4.63,4.66,4.54,4.63,132330,477.6,18190.0,74.54000091552734,1089.199951171875,1091.760009765625
2010-01-25,4.63,4.66,4.63,4.66,44160,480.9,18218.0,75.26000213623047,1095.199951171875,1096.780029296875
2010-01-26,4.74,4.8,4.66,4.8,126830,497.9,18199.0,74.70999908447266,1097.9000244140625,1092.1700439453125
2010-01-27,4.8,4.8,4.63,4.63,125540,486.4,18184.0,73.66999816894531,1084.4000244140625,1097.5
2010-01-28,4.57,4.66,4.57,4.63,37340,481.8,18179.0,73.63999938964844,1083.5999755859375,1084.530029296875
2010-01-29,4.6,4.63,4.57,4.57,100130,482.0,18192.0,72.88999938964844,1083.0,1073.8699951171875
2010-02-01,4.54,4.69,4.54,4.63,122980,487.0,18410.0,74.43000030517578,1104.300048828125,1089.18994140625
2010-02-02,4.74,4.8,4.71,4.8,401340,487.9,18405.0,77.2300033569336,1117.4000244140625,1103.3199462890625
2010-02-03,4.95,5.01,4.86,5.01,688030,495.5,18440.0,76.9800033569336,1111.4000244140625,1097.280029296875
2010-02-04,4.98,5.04,4.95,5.01,417620,503.8,18425.0,73.13999938964844,1062.4000244140625,1063.1099853515625
2010-02-05,4.95,4.98,4.77,4.8,252750,493.0,18425.0,71.19000244140625,1052.199951171875,1066.18994140625
2010-02-08,4.77,4.92,4.77,4.92,165000,491.2,18415.0,71.88999938964844,1065.699951171875,1056.739990234375
2010-02-09,4.83,4.92,4.71,4.71,202980,482.9,18410.0,73.75,1076.699951171875,1070.52001953125
2010-02-10,4.83,4.86,4.83,4.86,68750,490.9,18405.0,74.5199966430664,1075.800048828125,1068.1300048828125
2010-02-11,4.92,4.95,4.86,4.95,142740,499.9,18400.0,75.27999877929688,1094.199951171875,1078.469970703125
2010-02-12,5.04,5.04,4.95,4.98,269440,507.0,18400.0,74.12999725341797,1089.5,1075.510009765625
2010-02-22,5.01,5.01,4.92,4.95,156270,510.0,18525.0,80.16000366210938,1112.5999755859375,1108.010009765625
2010-02-23,4.83,4.86,4.74,4.77,129220,496.3,18505.0,78.86000061035156,1102.699951171875,1094.5999755859375
2010-02-24,4.74,4.8,4.74,4.77,187720,494.6,18776.0,80.0,1096.5,1105.239990234375
2010-02-25,4.77,4.83,4.71,4.77,268610,495.0,18505.0,78.16999816894531,1107.800048828125,1102.93994140625
2010-02-26,4.74,4.74,4.63,4.63,685260,496.9,18800.0,79.66000366210938,1118.300048828125,1104.489990234375
2010-03-01,4.77,4.77,4.74,4.74,69350,503.0,19000.0,78.69999694824219,1117.800048828125,1115.7099609375
2010-03-02,4.74,4.74,4.71,4.74,194250,501.0,19025.0,79.68000030517578,1136.9000244140625,1118.31005859375
2010-03-03,4.8,4.8,4.77,4.8,208570,507.3,19005.0,80.87000274658203,1142.699951171875,1118.7900390625
2010-03-04,4.86,4.89,4.8,4.89,309130,511.9,19000.0,80.20999908447266,1132.5999755859375,1122.969970703125
2010-03-05,4.89,4.92,4.86,4.86,276710,513.4,19010.0,81.5,1134.800048828125,1138.699951171875
2010-03-08,4.86,4.92,4.86,4.89,291290,521.1,19000.0,81.87000274658203,1123.5999755859375,1138.5
2010-03-09,4.92,4.98,4.92,4.98,444180,527.3,19005.0,81.48999786376953,1122.0,1140.449951171875
2010-03-10,5.07,5.22,5.01,5.22,1193070,525.7,19050.0,82.08999633789062,1107.800048828125,1145.6099853515625
2010-03-11,5.31,5.34,5.22,5.28,241410,524.6,19050.0,82.11000061035156,1108.0,1150.239990234375
2010-03-12,5.31,5.31,5.22,5.28,337200,531.5,19050.0,81.23999786376953,1101.5,1149.989990234375
2010-03-15,5.28,5.28,5.16,5.22,238400,531.9,18603.0,79.80000305175781,1105.0999755859375,1150.510009765625
2010-03-16,5.1,5.13,4.98,4.98,642300,516.1,19055.0,81.69999694824219,1122.199951171875,1159.4599609375
2010-03-17,5.07,5.1,4.98,5.01,342500,510.9,19025.0,82.93000030517578,1124.0,1166.2099609375
2010-03-18,5.01,5.13,5.01,5.13,95600,519.7,19015.0,82.19999694824219,1127.4000244140625,1165.8299560546875
2010-03-19,5.16,5.16,5.07,5.1,194090,516.0,19025.0,80.68000030517578,1107.4000244140625,1159.9000244140625
2010-03-22,5.07,5.07,4.98,4.98,143010,511.6,19000.0,81.25,1099.300048828125,1165.81005859375
2010-03-23,4.98,5.04,4.89,4.92,128330,506.5,19005.0,81.91000366210938,1103.5,1174.1700439453125
2010-03-24,5.01,5.07,4.98,5.04,242280,512.1,18425.0,80.61000061035156,1088.5999755859375,1167.719970703125
2010-03-25,5.04,5.04,4.92,4.95,246000,503.4,19005.0,80.52999877929688,1092.699951171875,1165.72998046875
2010-03-26,4.95,4.95,4.86,4.92,152570,505.3,19010.0,80.0,1104.199951171875,1166.5899658203125
2010-03-29,4.98,5.04,4.95,5.01,89620,505.7,19025.0,82.16999816894531,1110.300048828125,1173.219970703125
2010-03-30,5.01,5.01,4.89,4.95,214750,500.7,19050.0,82.37000274658203,1104.5,1173.27001953125
2010-03-31,4.98,4.98,4.95,4.95,179890,499.2,19055.0,83.76000213623047,1113.300048828125,1169.4300537109375
2010-04-01,4.98,5.04,4.98,5.04,286770,508.2,19050.0,84.87000274658203,1125.0999755859375,1178.0999755859375
2010-04-02,5.1,5.13,5.04,5.1,306570,510.5,18727.0,84.87000274658203,1125.0999755859375,1178.0999755859375
2010-04-05,5.13,5.13,5.1,5.1,166840,514.8,19025.0,86.62000274658203,1132.9000244140625,1187.43994140625
2010-04-06,5.1,5.16,5.1,5.1,284520,515.3,19040.0,86.83999633789062,1135.0999755859375,1189.43994140625
2010-04-07,5.1,5.13,5.1,5.13,151090,515.8,19040.0,85.87999725341797,1152.300048828125,1182.449951171875
2010-04-08,5.1,5.16,5.1,5.1,136320,515.9,19030.0,85.38999938964844,1152.199951171875,1186.43994140625
2010-04-09,5.1,5.13,5.1,5.1,108170,517.4,18975.0,84.91999816894531,1161.0999755859375,1194.3699951171875
2010-04-12,5.16,5.16,5.13,5.16,189040,519.9,18960.0,84.33999633789062,1161.5999755859375,1196.47998046875
2010-04-13,5.16,5.19,5.13,5.16,264770,518.0,18965.0,84.05000305175781,1152.800048828125,1197.300048828125
2010-04-14,5.16,5.19,5.13,5.19,134900,516.2,18950.0,85.83999633789062,1159.0,1210.6500244140625
2010-04-15,5.22,5.22,5.16,5.19,204750,521.5,18945.0,85.51000213623047,1159.699951171875,1211.6700439453125
2010-04-16,5.22,5.22,5.16,5.16,100290,522.0,18719.0,83.23999786376953,1136.300048828125,1192.1300048828125
2010-04-19,5.16,5.16,5.1,5.1,254050,516.7,18699.0,81.44999694824219,1135.199951171875,1197.52001953125
2010-04-20,5.01,5.1,5.01,5.1,123340,515.2,18682.0,83.44999694824219,1138.5999755859375,1207.1700439453125
2010-04-21,5.1,5.13,5.07,5.1,154300,519.7,18686.0,83.68000030517578,1148.199951171875,1205.93994140625
2010-04-22,5.1,5.22,5.1,5.22,266820,529.3,18900.0,83.69999694824219,1142.300048828125,1208.6700439453125
2010-04-26,5.22,5.28,5.22,5.25,267720,531.2,18683.0,84.19999694824219,1153.5,1212.050048828125
2010-04-27,5.25,5.31,5.25,5.25,336330,535.7,18925.0,82.44000244140625,1161.699951171875,1183.7099609375
2010-04-28,5.22,5.25,5.19,5.25,156830,539.2,18900.0,83.22000122070312,1171.300048828125,1191.3599853515625
2010-04-29,5.28,5.28,5.22,5.22,461540,542.4,18890.0,85.16999816894531,1168.4000244140625,1206.780029296875
2010-05-04,5.37,5.37,5.25,5.25,101940,549.1,18900.0,82.73999786376953,1168.5999755859375,1173.5999755859375
2010-05-05,5.25,5.28,5.22,5.28,308760,548.0,18900.0,79.97000122070312,1174.5999755859375,1165.8699951171875
2010-05-06,5.22,5.28,5.19,5.19,299590,549.5,18900.0,77.11000061035156,1196.9000244140625,1128.1500244140625
2010-05-07,5.13,5.16,5.07,5.13,210840,542.0,18905.0,75.11000061035156,1210.0,1110.8800048828125
2010-05-10,5.13,5.13,4.98,5.07,335850,534.4,18731.0,76.80000305175781,1200.4000244140625,1159.72998046875
2010-05-11,5.26,5.3,5.06,5.06,155980,534.4,18945.0,76.37000274658203,1219.9000244140625,1155.7900390625
2010-05-12,5.06,5.1,4.94,4.94,93610,519.6,18920.0,75.6500015258789,1242.699951171875,1171.6700439453125
2010-05-13,5.06,5.06,4.9,5.02,91730,518.9,18940.0,74.4000015258789,1228.800048828125,1157.43994140625
2010-05-14,5.02,5.1,5.02,5.02,43580,520.7,18950.0,71.61000061035156,1227.4000244140625,1135.6800537109375
2010-05-17,5.02,5.02,4.82,4.82,136050,511.3,18582.0,70.08000183105469,1227.699951171875,1136.93994140625
2010-05-18,4.78,4.86,4.74,4.82,281790,508.3,18940.0,69.41000366210938,1214.300048828125,1120.800048828125
2010-05-19,4.67,4.74,4.67,4.7,281930,494.9,18461.0,69.87000274658203,1192.5999755859375,1115.050048828125
2010-05-20,4.59,4.86,4.59,4.86,89050,503.6,18935.0,68.01000213623047,1187.800048828125,1071.5899658203125
2010-05-21,4.7,4.82,4.67,4.67,272680,483.7,18940.0,70.04000091552734,1175.699951171875,1087.68994140625
2010-05-24,4.78,4.86,4.74,4.86,151520,486.2,18950.0,70.20999908447266,1193.800048828125,1073.6500244140625
2010-05-25,4.98,5.1,4.94,5.1,247320,486.3,18950.0,68.75,1197.800048828125,1074.030029296875
2010-05-26,5.22,5.22,5.06,5.1,250910,492.7,18960.0,71.51000213623047,1213.300048828125,1067.949951171875
2010-05-27,5.1,5.18,5.06,5.18,750690,497.2,18950.0,74.55000305175781,1211.9000244140625,1103.06005859375
2010-05-28,5.3,5.3,5.18,5.22,475090,513.0,18945.0,73.97000122070312,1212.199951171875,1089.4100341796875
2010-05-31,5.22,5.22,5.14,5.14,196760,507.4,18542.0,73.97000122070312,1212.199951171875,1089.4100341796875
2010-06-01,5.14,5.22,5.1,5.22,208590,508.7,18925.0,72.58000183105469,1224.800048828125,1070.7099609375
2010-06-02,5.18,5.26,5.18,5.22,292360,510.7,18940.0,72.86000061035156,1220.5999755859375,1098.3800048828125
2010-06-03,5.22,5.3,5.22,5.26,337580,511.2,18950.0,74.61000061035156,1208.300048828125,1102.8299560546875
2010-06-04,5.3,5.34,5.3,5.3,201460,510.4,18955.0,71.51000213623047,1216.199951171875,1064.8800048828125
2010-06-07,5.22,5.22,5.1,5.1,242030,496.9,18652.0,71.44000244140625,1239.300048828125,1050.469970703125
2010-06-08,5.1,5.14,5.1,5.14,201830,497.2,18940.0,71.98999786376953,1244.0,1062.0
2010-06-09,5.22,5.26,5.18,5.22,141270,497.6,18925.0,74.37999725341797,1228.5,1055.68994140625
2010-06-10,5.22,5.3,5.22,5.26,166990,500.5,18654.0,75.4800033569336,1220.800048828125,1086.8399658203125
2010-06-11,5.34,5.34,5.26,5.3,137070,504.3,18940.0,73.77999877929688,1228.9000244140625,1091.5999755859375
2010-06-14,5.38,5.42,5.38,5.42,222930,508.3,18925.0,75.12000274658203,1223.300048828125,1089.6300048828125
2010-06-15,5.3,5.34,5.26,5.26,133940,508.0,18920.0,76.94000244140625,1233.199951171875,1115.22998046875
2010-06-16,5.34,5.34,5.26,5.34,92920,510.7,18925.0,77.66999816894531,1229.300048828125,1114.6099853515625
2010-06-17,5.38,5.42,5.34,5.42,284160,510.8,18930.0,76.79000091552734,1247.5,1116.0400390625
2010-06-18,5.46,5.46,5.34,5.34,192690,511.2,18925.0,77.18000030517578,1257.199951171875,1117.510009765625
2010-06-21,5.46,5.46,5.38,5.46,190170,514.8,18920.0,77.81999969482422,1239.699951171875,1113.199951171875
2010-06-22,5.46,5.54,5.42,5.54,272670,512.6,18925.0,77.20999908447266,1239.9000244140625,1095.31005859375
2010-06-23,5.46,5.5,5.34,5.34,85850,512.8,18636.0,76.3499984741211,1234.0999755859375,1092.0400390625
2010-06-24,5.34,5.57,5.34,5.5,315930,511.7,18925.0,76.51000213623047,1245.5,1073.68994140625
2010-06-25,5.42,5.5,5.38,5.42,113780,505.1,18930.0,78.86000061035156,1255.800048828125,1076.760009765625
2010-06-28,5.38,5.42,5.38,5.38,53210,507.3,18955.0,78.25,1238.199951171875,1074.5699462890625
2010-06-29,5.46,5.54,5.42,5.5,481940,510.7,18742.0,75.94000244140625,1242.0,1041.239990234375
2010-06-30,5.5,5.5,5.34,5.46,104470,507.1,18950.0,75.62999725341797,1245.5,1030.7099609375
2010-07-01,5.38,5.54,5.38,5.54,276410,504.0,19000.0,72.94999694824219,1206.300048828125,1027.3699951171875
2010-07-02,5.46,5.46,5.34,5.38,133410,503.7,19000.0,72.13999938964844,1207.4000244140625,1022.5800170898438
2010-07-05,5.46,5.46,5.38,5.42,165700,506.5,18778.0,72.13999938964844,1207.4000244140625,1022.5800170898438
2010-07-06,5.46,5.46,5.34,5.38,256550,500.8,19025.0,71.9800033569336,1194.800048828125,1028.06005859375
2010-07-07,5.46,5.46,5.34,5.34,118100,496.9,19050.0,74.06999969482422,1198.5999755859375,1060.27001953125
2010-07-08,5.42,5.54,5.42,5.5,170440,498.6,18776.0,75.44000244140625,1195.800048828125,1070.25
2010-07-09,5.5,5.5,5.42,5.46,43130,499.5,18776.0,76.08999633789062,1209.5999755859375,1077.9599609375
2010-07-12,5.34,5.42,5.34,5.42,70640,499.9,18827.0,74.94999694824219,1198.5,1078.75
2010-07-13,5.54,5.54,5.46,5.5,480870,509.1,19055.0,77.1500015258789,1213.300048828125,1095.3399658203125
2010-07-14,5.5,5.5,5.42,5.42,78990,507.3,18715.0,77.04000091552734,1206.800048828125,1095.1700439453125
2010-07-15,5.38,5.5,5.38,5.5,155780,505.2,19050.0,76.62000274658203,1208.0999755859375,1096.47998046875
2010-07-16,5.5,5.5,5.46,5.5,56830,506.2,18757.0,76.01000213623047,1188.0,1064.8800048828125
2010-07-19,5.5,5.54,5.46,5.54,116500,506.8,19075.0,76.54000091552734,1181.699951171875,1071.25
2010-07-20,5.54,5.54,5.46,5.54,125270,506.6,19135.0,77.44000244140625,1191.5,1083.47998046875
2010-07-21,5.5,5.5,5.46,5.5,131970,505.4,18782.0,76.55999755859375,1191.5999755859375,1069.5899658203125
2010-07-22,5.54,5.57,5.5,5.54,398000,500.3,18788.0,79.30000305175781,1195.5,1093.6700439453125
2010-07-23,5.57,5.57,5.54,5.57,180270,500.3,19075.0,78.9800033569336,1187.699951171875,1102.6600341796875
2010-07-26,5.57,5.57,5.5,5.5,79350,498.1,19075.0,78.9800033569336,1183.0,1115.010009765625
2010-07-27,5.61,5.73,5.57,5.73,943920,497.7,18782.0,77.5,1158.0,1113.8399658203125
2010-07-28,5.61,5.73,5.57,5.61,164670,491.0,19050.0,76.98999786376953,1160.4000244140625,1106.1300048828125
2010-07-29,5.61,5.89,5.61,5.89,504800,491.1,19055.0,78.36000061035156,1168.4000244140625,1101.530029296875
2010-07-30,6.01,6.17,5.93,6.09,722770,493.9,19070.0,78.94999694824219,1181.699951171875,1101.5999755859375
2010-08-02,5.97,6.09,5.97,6.05,198490,491.6,18769.0,81.33999633789062,1183.4000244140625,1125.8599853515625
2010-08-03,6.17,6.33,6.13,6.17,431310,491.9,19050.0,82.55000305175781,1185.199951171875,1120.4599609375
2010-08-04,6.09,6.17,5.93,5.97,276520,486.7,19005.0,82.47000122070312,1193.699951171875,1127.239990234375
2010-08-05,6.17,6.25,6.09,6.25,303250,486.2,18795.0,82.01000213623047,1197.199951171875,1125.81005859375
2010-08-06,6.17,6.17,6.01,6.09,277060,482.8,19030.0,80.69999694824219,1203.4000244140625,1121.6400146484375
2010-08-09,6.01,6.01,5.89,5.93,240080,472.7,19050.0,81.4800033569336,1200.699951171875,1127.7900390625
2010-08-10,5.89,5.89,5.77,5.85,309210,461.7,19045.0,80.25,1196.199951171875,1121.06005859375
2010-08-11,6.01,6.01,5.93,5.93,33000,463.1,19050.0,78.0199966430664,1197.5,1089.469970703125
2010-08-12,5.89,5.89,5.69,5.69,208310,448.4,19045.0,75.73999786376953,1214.800048828125,1083.6099853515625
2010-08-13,5.61,5.73,5.57,5.69,173160,452.7,19050.0,75.38999938964844,1214.9000244140625,1079.25
2010-08-16,5.69,5.89,5.65,5.89,130520,464.8,18774.0,75.23999786376953,1224.5,1079.3800048828125
2010-08-17,5.97,6.01,5.85,6.01,146050,463.5,18793.0,75.7699966430664,1226.5999755859375,1092.5400390625
2010-08-18,5.93,5.93,5.81,5.81,61810,455.5,19147.0,75.41999816894531,1229.699951171875,1094.1600341796875
2010-08-19,5.73,5.81,5.73,5.77,100200,452.2,19182.0,74.43000030517578,1233.800048828125,1075.6300048828125
2010-08-20,5.77,6.01,5.65,6.01,142640,454.8,19154.0,73.45999908447266,1227.199951171875,1071.68994140625
2010-08-23,5.93,5.93,5.85,5.85,106720,447.9,19152.0,73.0999984741211,1226.9000244140625,1067.3599853515625
2010-08-24,5.77,5.77,5.61,5.61,244030,434.4,19167.0,71.62999725341797,1231.800048828125,1051.8699951171875
2010-08-25,5.65,5.65,5.41,5.57,260880,423.89,19177.0,72.5199966430664,1239.5,1055.3299560546875
2010-08-26,5.49,5.69,5.49,5.61,210480,427.1,19141.0,73.36000061035156,1235.4000244140625,1047.219970703125
2010-08-27,5.53,5.65,5.53,5.61,92270,429.1,19161.0,75.16999816894531,1236.0,1064.5899658203125
2010-08-30,5.77,5.89,5.73,5.77,192440,444.6,19194.0,74.69999694824219,1237.0999755859375,1048.9200439453125
2010-08-31,5.77,6.01,5.77,6.01,590670,455.1,19180.0,71.91999816894531,1248.300048828125,1049.3299560546875
2010-09-01,5.93,5.97,5.73,5.97,350890,458.8,19450.0,73.91000366210938,1246.300048828125,1080.2900390625
2010-09-06,6.05,6.21,5.93,5.93,471980,466.0,19183.0,74.5999984741211,1249.199951171875,1104.510009765625
2010-09-07,5.93,5.93,5.85,5.85,286140,460.6,19450.0,74.08999633789062,1257.300048828125,1091.8399658203125
2010-09-08,5.77,5.85,5.77,5.81,174600,458.4,19159.0,74.66999816894531,1255.5999755859375,1098.8699951171875
2010-09-09,5.89,5.89,5.85,5.89,107640,463.7,19176.0,74.25,1248.9000244140625,1104.1800537109375
2010-09-10,5.89,5.93,5.81,5.81,146040,451.4,19175.0,76.44999694824219,1244.5,1109.550048828125
2010-09-13,5.97,5.97,5.77,5.85,88930,447.3,19455.0,77.19000244140625,1245.0999755859375,1121.9000244140625
2010-09-14,5.85,5.89,5.77,5.85,44550,449.0,19475.0,76.80000305175781,1269.699951171875,1121.0999755859375
2010-09-15,5.89,5.89,5.77,5.85,102130,448.7,19475.0,76.0199966430664,1266.699951171875,1125.0699462890625
2010-09-16,5.85,5.89,5.77,5.77,107460,449.5,19450.0,74.56999969482422,1271.9000244140625,1124.6600341796875
2010-09-17,5.77,5.89,5.77,5.89,168110,457.6,19455.0,73.66000366210938,1275.5999755859375,1125.5899658203125
2010-09-20,5.81,5.89,5.77,5.85,70030,457.9,19450.0,74.86000061035156,1279.0,1142.7099609375
2010-09-21,5.89,5.89,5.77,5.77,190750,453.3,19455.0,73.5199966430664,1272.4000244140625,1139.780029296875
2010-09-22,5.69,5.77,5.69,5.73,220980,453.9,19163.0,74.70999908447266,1290.199951171875,1134.280029296875
2010-09-23,5.69,5.77,5.65,5.73,273630,450.8,19169.0,75.18000030517578,1294.300048828125,1124.8299560546875
2010-09-24,5.65,5.73,5.61,5.65,212270,449.7,19192.0,76.48999786376953,1296.0,1148.6700439453125
2010-09-27,5.69,5.69,5.61,5.61,133920,450.2,19179.0,76.5199966430664,1296.699951171875,1142.1600341796875
2010-09-28,5.65,5.69,5.61,5.69,193510,455.1,19475.0,76.18000030517578,1306.5999755859375,1147.699951171875
2010-09-29,5.69,5.69,5.61,5.65,223820,452.9,19470.0,77.86000061035156,1308.5,1144.72998046875
2010-09-30,5.69,5.73,5.69,5.69,271620,454.5,19172.0,79.97000122070312,1307.800048828125,1141.199951171875
2010-10-01,5.77,5.77,5.65,5.69,186980,451.7,19475.0,81.58000183105469,1316.0999755859375,1146.239990234375
2010-10-04,5.69,5.69,5.61,5.69,231740,445.8,19470.0,81.47000122070312,1315.4000244140625,1137.030029296875
2010-10-05,5.61,5.77,5.61,5.77,307630,451.0,19475.0,82.81999969482422,1338.9000244140625,1160.75
2010-10-06,5.77,5.81,5.73,5.81,243910,460.7,19460.0,83.2300033569336,1346.4000244140625,1159.969970703125
2010-10-07,5.69,5.93,5.69,5.89,449790,462.1,19465.0,81.66999816894531,1333.9000244140625,1158.06005859375
2010-10-08,5.89,5.89,5.85,5.85,209350,459.3,19460.0,82.66000366210938,1344.199951171875,1165.1500244140625
2010-10-11,5.73,5.81,5.73,5.77,120700,459.3,19265.0,82.20999908447266,1353.300048828125,1165.3199462890625
2010-10-12,5.73,5.77,5.69,5.73,97840,454.3,19465.0,81.66999816894531,1345.699951171875,1169.77001953125
2010-10-13,5.73,5.81,5.69,5.81,299390,457.7,19465.0,83.01000213623047,1369.5,1178.0999755859375
2010-10-14,5.81,5.85,5.77,5.85,191890,458.7,19215.0,82.69000244140625,1376.699951171875,1173.81005859375
2010-10-15,5.77,5.81,5.69,5.73,345600,458.4,19470.0,81.25,1371.0999755859375,1176.18994140625
2010-10-18,5.77,5.77,5.73,5.73,136180,457.6,19114.0,83.08000183105469,1371.199951171875,1184.7099609375
2010-10-19,5.77,5.77,5.73,5.73,257230,454.3,19460.0,79.48999786376953,1335.0999755859375,1165.9000244140625
2010-10-20,5.73,5.73,5.61,5.65,176310,442.2,16465.0,81.7699966430664,1343.300048828125,1178.1700439453125
2010-10-21,5.61,5.65,5.57,5.57,211180,445.1,19470.0,80.55999755859375,1324.699951171875,1180.260009765625
2010-10-22,5.57,5.57,5.53,5.57,155560,445.2,19465.0,81.69000244140625,1324.4000244140625,1183.0799560546875
2010-10-25,5.57,5.61,5.49,5.57,292180,448.6,19460.0,82.5199966430664,1338.300048828125,1185.6199951171875
2010-10-26,5.57,5.77,5.57,5.73,360540,455.1,19465.0,82.55000305175781,1338.0,1185.6400146484375
2010-10-27,5.77,5.89,5.77,5.81,563730,450.0,19455.0,81.94000244140625,1322.199951171875,1182.449951171875
2010-10-28,5.77,5.89,5.77,5.89,487350,450.1,19211.0,82.18000030517578,1342.0999755859375,1183.780029296875
2010-10-29,5.93,6.17,5.93,6.13,767340,452.6,19450.0,81.43000030517578,1357.0999755859375,1183.260009765625
2010-11-01,6.13,6.13,5.93,5.97,252080,451.1,19440.0,82.94999694824219,1350.199951171875,1184.3800048828125
2010-11-02,5.93,5.97,5.85,5.85,126370,446.3,19445.0,83.9000015258789,1356.4000244140625,1193.5699462890625
2010-11-03,5.93,5.93,5.77,5.85,123750,444.2,19209.0,84.69000244140625,1337.0999755859375,1197.9599609375
2010-11-04,5.81,5.89,5.81,5.89,48220,449.0,19182.0,86.48999786376953,1382.699951171875,1221.06005859375
2010-11-05,5.93,6.09,5.85,6.09,519640,457.3,19465.0,86.8499984741211,1397.300048828125,1225.8499755859375
2010-11-08,6.09,6.09,5.81,5.81,248250,457.1,19470.0,87.05999755859375,1402.800048828125,1223.25
2010-11-09,5.93,5.93,5.81,5.85,320870,449.4,19465.0,86.72000122070312,1409.800048828125,1213.4000244140625
2010-11-10,5.89,5.93,5.85,5.93,251370,451.3,19470.0,87.80999755859375,1399.0999755859375,1218.7099609375
2010-11-11,5.81,5.93,5.81,5.81,72750,446.7,19465.0,87.80999755859375,1403.0999755859375,1213.5400390625
2010-11-12,5.77,5.77,5.65,5.77,263630,441.6,19460.0,84.87999725341797,1365.4000244140625,1199.2099609375
2010-11-15,5.69,5.77,5.57,5.61,198760,433.5,19465.0,84.86000061035156,1368.4000244140625,1197.75
2010-11-16,5.61,5.61,5.53,5.57,274720,426.9,19201.0,82.33999633789062,1338.300048828125,1178.3399658203125
2010-11-17,5.61,5.65,5.49,5.49,331060,425.5,19198.0,80.44000244140625,1336.800048828125,1178.5899658203125
2010-11-18,5.61,5.61,5.49,5.53,177040,430.7,19460.0,81.8499984741211,1352.9000244140625,1196.68994140625
2010-11-19,5.65,5.65,5.45,5.45,282930,426.5,19455.0,81.51000213623047,1352.199951171875,1199.72998046875
2010-11-22,5.33,5.53,5.33,5.53,153690,426.2,19450.0,81.73999786376953,1357.699951171875,1197.8399658203125
2010-11-23,5.53,5.65,5.53,5.61,165780,430.8,19455.0,81.25,1377.5,1180.72998046875
2010-11-24,5.61,5.69,5.53,5.69,95090,434.5,19460.0,83.86000061035156,1372.9000244140625,1198.3499755859375
2010-11-25,5.65,5.69,5.61,5.61,75870,439.9,19197.0,83.86000061035156,1372.9000244140625,1198.3499755859375
2010-11-26,5.65,5.65,5.49,5.49,123150,439.9,19460.0,83.76000213623047,1362.300048828125,1189.4000244140625
2010-11-29,5.53,5.65,5.53,5.65,162860,446.4,19460.0,85.7300033569336,1366.0,1187.760009765625
2010-11-30,5.89,5.89,5.61,5.61,243360,451.6,19465.0,84.11000061035156,1385.0,1180.550048828125
2010-12-01,5.65,5.65,5.49,5.49,691780,449.9,19465.0,86.75,1387.300048828125,1206.0699462890625
2010-12-02,5.57,5.61,5.49,5.53,177920,457.4,19460.0,88.0,1388.5,1221.530029296875
2010-12-03,5.65,5.65,5.53,5.53,229420,464.4,19465.0,89.19000244140625,1405.4000244140625,1224.7099609375
2010-12-06,5.53,5.53,5.41,5.49,617980,465.6,19460.0,89.37999725341797,1415.300048828125,1223.1199951171875
2010-12-07,5.45,5.49,5.41,5.41,341380,460.8,19460.0,88.69000244140625,1408.300048828125,1223.75
2010-12-08,5.45,5.45,5.37,5.37,144930,452.8,19460.0,88.27999877929688,1382.5,1228.280029296875
2010-12-09,5.41,5.49,5.37,5.45,161060,460.5,19465.0,88.37000274658203,1392.0999755859375,1233.0
2010-12-10,5.49,5.49,5.41,5.49,419620,473.1,19460.0,87.79000091552734,1384.300048828125,1240.4000244140625
2010-12-13,5.49,5.61,5.49,5.57,383130,490.2,19465.0,88.61000061035156,1397.300048828125,1240.4599609375
2010-12-14,5.57,5.57,5.45,5.53,383570,489.7,19465.0,88.27999877929688,1403.5999755859375,1241.5899658203125
2010-12-15,5.49,5.53,5.41,5.41,429720,493.5,19460.0,88.62000274658203,1385.5,1235.22998046875
2010-12-16,5.33,5.41,5.25,5.25,453340,480.2,19465.0,87.69999694824219,1370.4000244140625,1242.8699951171875
2010-12-17,5.29,5.33,5.25,5.29,416970,485.3,19465.0,88.0199966430664,1378.5999755859375,1243.9100341796875
2010-12-20,5.29,5.37,5.17,5.29,412040,478.3,19460.0,88.80999755859375,1385.5,1247.0799560546875
2010-12-21,5.21,5.29,5.17,5.21,487160,481.8,19460.0,89.81999969482422,1388.199951171875,1254.5999755859375
2010-12-22,5.21,5.25,5.17,5.17,251060,481.5,19460.0,90.4800033569336,1386.800048828125,1258.8399658203125
2010-12-23,5.13,5.21,5.13,5.21,347800,475.4,19465.0,91.51000213623047,1380.0,1256.77001953125
2010-12-24,5.21,5.25,5.13,5.17,231970,472.8,19460.0,91.51000213623047,1380.0,1256.77001953125
2010-12-27,5.21,5.21,5.13,5.17,256120,473.1,19465.0,91.0,1382.4000244140625,1257.5400390625
2010-12-28,5.21,5.21,5.13,5.21,285250,479.3,19460.0,91.48999786376953,1405.199951171875,1258.510009765625
2010-12-29,5.21,5.21,5.09,5.17,326940,478.8,19465.0,91.12000274658203,1413.0999755859375,1259.780029296875
2010-12-30,5.09,5.17,5.09,5.09,536960,481.4,19450.0,89.83999633789062,1405.5999755859375,1257.8800048828125
2010-12-31,5.09,5.17,5.09,5.17,291090,484.7,19460.0,91.37999725341797,1421.0999755859375,1257.6400146484375
2011-01-04,5.21,5.21,5.09,5.09,253340,486.0,19465.0,89.37999725341797,1378.5,1270.199951171875
2011-01-05,5.13,5.13,4.97,5.01,319330,481.9,19460.0,90.30000305175781,1373.4000244140625,1276.56005859375
2011-01-06,4.97,5.05,4.97,5.01,133570,482.3,19460.0,88.37999725341797,1371.4000244140625,1273.8499755859375
2011-01-07,4.97,5.01,4.97,4.97,482230,481.9,19465.0,88.02999877929688,1368.5,1271.5
2011-01-10,4.97,5.09,4.97,5.01,389750,481.9,19460.0,89.25,1373.699951171875,1269.75
2011-01-11,5.01,5.05,4.93,5.01,248270,477.4,19142.0,91.11000061035156,1384.0,1274.47998046875
2011-01-12,5.05,5.05,4.89,4.89,365320,478.5,19465.0,91.86000061035156,1385.699951171875,1285.9599609375
2011-01-13,4.85,4.93,4.85,4.85,207110,484.1,19460.0,91.4000015258789,1386.9000244140625,1283.760009765625
2011-01-14,5.01,5.09,5.01,5.09,185040,489.2,19460.0,91.54000091552734,1360.4000244140625,1293.239990234375
2011-01-17,5.33,5.33,5.21,5.21,590470,495.2,19465.0,91.54000091552734,1360.4000244140625,1293.239990234375
2011-01-18,5.21,5.29,5.17,5.21,346590,497.4,19460.0,91.37999725341797,1368.0999755859375,1295.02001953125
2011-01-19,5.29,5.29,5.17,5.17,244690,505.9,19465.0,90.86000061035156,1370.199951171875,1281.9200439453125
2011-01-20,5.13,5.17,5.09,5.09,140760,512.0,19245.0,88.86000061035156,1346.5,1280.260009765625
2011-01-21,5.21,5.21,5.13,5.13,285390,519.5,19063.0,89.11000061035156,1341.0,1283.3499755859375
2011-01-24,5.13,5.13,5.05,5.05,370470,509.9,19460.0,87.87000274658203,1344.5,1290.8399658203125
2011-01-25,5.01,5.09,5.01,5.01,437760,502.0,19465.0,86.19000244140625,1332.300048828125,1291.1800537109375
2011-01-26,4.97,5.01,4.93,4.97,348000,501.3,19231.0,87.33000183105469,1333.0,1296.6300048828125
2011-01-27,4.93,5.21,4.93,5.21,386830,502.7,19208.0,85.63999938964844,1318.4000244140625,1299.5400390625
2011-01-28,5.25,5.25,5.05,5.05,408070,510.6,19193.0,89.33999633789062,1340.699951171875,1276.3399658203125
2011-02-08,5.09,5.29,5.09,5.09,480160,520.7,19465.0,86.94000244140625,1363.4000244140625,1324.5699462890625
2011-02-09,5.21,5.21,5.05,5.05,211100,522.6,19460.0,86.70999908447266,1364.800048828125,1320.8800048828125
2011-02-10,5.05,5.09,5.01,5.01,393200,520.2,19460.0,86.7300033569336,1361.9000244140625,1321.8699951171875
2011-02-11,5.01,5.01,4.93,4.97,576950,520.0,19465.0,85.58000183105469,1359.9000244140625,1329.1500244140625
2011-02-14,5.05,5.05,4.89,4.93,290810,514.1,19460.0,84.80999755859375,1364.5999755859375,1332.3199462890625
2011-02-15,4.93,4.93,4.89,4.93,266520,517.9,19460.0,84.31999969482422,1373.5999755859375,1328.010009765625
2011-02-16,4.93,4.97,4.89,4.89,179170,513.0,19460.0,84.98999786376953,1374.699951171875,1336.3199462890625
2011-02-17,4.89,4.89,4.81,4.89,182910,509.8,19465.0,86.36000061035156,1384.699951171875,1340.4300537109375
2011-02-18,4.81,4.89,4.65,4.65,674860,503.9,19465.0,86.19999694824219,1388.199951171875,1343.010009765625
2011-02-21,4.57,4.57,4.45,4.45,349210,483.7,19460.0,86.19999694824219,1388.199951171875,1343.010009765625
2011-02-22,4.29,4.45,4.25,4.33,654500,470.0,19460.0,93.56999969482422,1400.5,1315.43994140625
2011-02-23,4.29,4.45,4.29,4.29,379950,470.7,19460.0,98.0999984741211,1413.4000244140625,1307.4000244140625
2011-02-24,4.17,4.25,4.09,4.25,591360,461.3,19460.0,97.27999877929688,1415.300048828125,1306.0999755859375
2011-02-25,4.25,4.45,4.21,4.45,365920,467.0,19460.0,97.87999725341797,1408.699951171875,1319.8800048828125
2011-02-28,4.41,4.53,4.33,4.33,466550,461.4,19465.0,96.97000122070312,1409.300048828125,1327.219970703125
2011-03-01,4.33,4.37,4.29,4.37,223800,466.1,19465.0,99.62999725341797,1430.699951171875,1306.3299560546875
2011-03-02,4.37,4.37,4.17,4.33,428290,457.8,19465.0,102.2300033569336,1437.199951171875,1308.43994140625
2011-03-03,4.21,4.37,4.21,4.33,243550,452.3,19460.0,101.91000366210938,1416.0,1330.969970703125
2011-03-04,4.41,4.41,4.33,4.33,260440,459.2,19460.0,104.41999816894531,1428.199951171875,1321.1500244140625
2011-03-07,4.33,4.37,4.33,4.33,132760,468.2,19465.0,105.44000244140625,1434.0999755859375,1310.1300048828125
2011-03-08,4.33,4.41,4.33,4.41,233450,475.4,19465.0,105.0199966430664,1426.9000244140625,1321.8199462890625
2011-03-09,4.41,4.41,4.21,4.33,176060,470.5,20860.0,104.37999725341797,1429.300048828125,1320.02001953125
2011-03-10,4.29,4.37,4.29,4.37,301530,482.5,20850.0,102.69999694824219,1412.199951171875,1295.1099853515625
2011-03-11,4.41,4.41,4.33,4.33,288970,495.1,20855.0,101.16000366210938,1421.5,1304.280029296875
2011-03-14,4.25,4.33,4.25,4.25,179190,479.9,20850.0,101.19000244140625,1424.5999755859375,1296.3900146484375
2011-03-15,4.21,4.25,4.21,4.21,190180,468.7,20850.0,97.18000030517578,1392.5999755859375,1281.8699951171875
2011-03-16,4.25,4.25,4.17,4.21,246180,463.6,20855.0,97.9800033569336,1396.0,1256.8800048828125
2011-03-17,4.21,4.25,4.17,4.17,118750,460.5,20850.0,101.41999816894531,1404.0,1273.719970703125
2011-03-18,4.17,4.25,4.13,4.25,412110,461.1,20855.0,101.06999969482422,1415.9000244140625,1279.2099609375
2011-03-21,4.29,4.29,4.25,4.25,229180,468.3,20540.0,102.33000183105469,1426.199951171875,1298.3800048828125
2011-03-22,4.25,4.29,4.21,4.25,214610,464.8,20855.0,104.0,1427.5,1293.77001953125
2011-03-23,4.25,4.29,4.25,4.29,101550,467.6,20865.0,105.75,1437.9000244140625,1297.5400390625
2011-03-24,4.25,4.29,4.21,4.25,52750,461.3,20870.0,105.5999984741211,1434.800048828125,1309.6600341796875
2011-03-25,4.21,4.21,4.17,4.21,99110,457.7,20595.0,105.4000015258789,1426.0999755859375,1313.800048828125
2011-03-28,4.25,4.25,4.13,4.17,67550,459.5,20614.0,103.9800033569336,1419.800048828125,1310.18994140625
2011-03-29,4.17,4.17,4.13,4.13,35290,457.9,20875.0,104.79000091552734,1416.0,1319.43994140625
2011-03-30,4.09,4.13,4.05,4.09,196660,460.0,20870.0,104.2699966430664,1423.800048828125,1328.260009765625
2011-03-31,4.09,4.13,4.05,4.09,58030,461.1,20880.0,106.72000122070312,1438.9000244140625,1325.8299560546875
2011-04-01,4.09,4.09,3.98,4.0,122770,459.2,20885.0,107.94000244140625,1428.0999755859375,1332.4100341796875
2011-04-04,4.17,4.17,4.17,4.17,131820,457.3,20585.0,108.47000122070312,1432.199951171875,1332.8699951171875
2011-04-05,4.37,4.37,4.37,4.37,122720,457.2,20875.0,108.33999633789062,1451.800048828125,1332.6300048828125
2011-04-06,4.57,4.57,4.57,4.57,324410,464.9,20880.0,108.83000183105469,1457.699951171875,1335.5400390625
2011-04-07,4.77,4.77,4.57,4.61,1194250,463.5,20875.0,110.30000305175781,1458.5,1333.510009765625
2011-04-08,4.57,4.61,4.53,4.61,215430,464.3,20546.0,112.79000091552734,1473.4000244140625,1328.1700439453125
2011-04-13,4.61,4.61,4.41,4.41,184160,461.0,20900.0,107.11000061035156,1454.9000244140625,1314.4100341796875
2011-04-14,4.29,4.41,4.25,4.25,143580,460.6,20895.0,108.11000061035156,1471.699951171875,1314.52001953125
2011-04-15,4.25,4.29,4.21,4.25,268920,461.0,20895.0,109.66000366210938,1485.300048828125,1319.6800537109375
2011-04-18,4.13,4.25,4.13,4.13,119010,455.5,20899.0,107.12000274658203,1492.300048828125,1305.1400146484375
2011-04-19,4.05,4.17,4.05,4.09,121670,453.7,20901.0,108.1500015258789,1494.5,1312.6199951171875
2011-04-20,4.13,4.13,4.05,4.05,288500,458.5,20900.0,111.44999694824219,1498.300048828125,1330.3599853515625
2011-04-21,4.05,4.09,4.01,4.05,125940,460.3,20900.0,112.29000091552734,1503.199951171875,1337.3800048828125
2011-04-22,4.13,4.13,4.0,4.0,108710,456.5,20900.0,112.29000091552734,1503.199951171875,1337.3800048828125
2011-04-25,4.01,4.17,4.01,4.17,104440,465.6,20790.0,112.27999877929688,1508.5999755859375,1335.25
2011-04-26,4.17,4.21,4.09,4.09,142470,461.9,20680.0,112.20999908447266,1503.0,1347.239990234375
2011-04-27,4.17,4.17,4.0,4.09,283140,469.3,20660.0,112.76000213623047,1516.699951171875,1355.6600341796875
2011-04-28,4.09,4.09,4.01,4.05,106310,472.9,20550.0,112.86000061035156,1530.800048828125,1360.47998046875
2011-04-29,4.05,4.17,4.05,4.09,198900,480.1,20475.0,113.93000030517578,1556.0,1363.6099853515625
2011-05-04,4.05,4.17,4.05,4.13,116010,486.6,20388.0,109.23999786376953,1514.9000244140625,1347.3199462890625
2011-05-05,4.17,4.17,4.13,4.17,99170,479.3,20342.0,99.80000305175781,1480.9000244140625,1335.0999755859375
2011-05-06,4.17,4.29,4.17,4.21,173370,472.7,20550.0,97.18000030517578,1491.199951171875,1340.199951171875
2011-05-09,4.29,4.29,4.21,4.29,169860,477.5,20540.0,102.55000305175781,1502.9000244140625,1346.2900390625
2011-05-10,4.29,4.33,4.29,4.29,184360,481.3,20530.0,103.87999725341797,1516.5999755859375,1357.1600341796875
2011-05-11,4.21,4.29,4.21,4.25,296850,483.2,20550.0,98.20999908447266,1501.0999755859375,1342.0799560546875
2011-05-12,4.17,4.25,4.17,4.25,101770,482.1,20293.0,98.97000122070312,1506.5999755859375,1348.6500244140625
2011-05-13,4.25,4.29,4.25,4.25,206020,479.7,20500.0,99.6500015258789,1493.4000244140625,1337.77001953125
2011-05-16,4.25,4.29,4.17,4.17,153430,471.5,20361.0,97.37000274658203,1490.4000244140625,1329.469970703125
2011-05-17,4.13,4.21,4.13,4.17,103050,464.4,20431.0,96.91000366210938,1479.800048828125,1328.97998046875
2011-05-18,4.05,4.13,4.05,4.13,121770,454.9,20675.0,100.0999984741211,1495.5999755859375,1340.6800537109375
2011-05-19,4.17,4.21,4.13,4.17,103090,444.9,20655.0,98.44000244140625,1492.199951171875,1343.5999755859375
2011-05-20,4.17,4.17,4.03,4.09,222500,432.9,20675.0,99.48999786376953,1508.800048828125,1333.27001953125
2011-05-23,4.05,4.05,3.89,3.89,207850,417.8,20650.0,97.69999694824219,1515.300048828125,1317.3699951171875
2011-05-24,3.76,3.77,3.69,3.69,245690,402.6,20351.0,99.58999633789062,1523.199951171875,1316.280029296875
2011-05-25,3.52,3.53,3.51,3.51,311790,386.4,20550.0,101.31999969482422,1526.5999755859375,1320.469970703125
2011-05-26,3.34,3.68,3.34,3.68,253150,398.0,20500.0,100.2300033569336,1522.800048828125,1325.68994140625
2011-05-27,3.85,3.85,3.67,3.69,329390,410.8,20490.0,100.58999633789062,1536.300048828125,1331.0999755859375
2011-05-30,3.71,3.71,3.67,3.67,207990,412.1,20278.0,100.58999633789062,1536.300048828125,1331.0999755859375
2011-05-31,3.67,3.67,3.64,3.67,122910,421.4,20270.0,102.69999694824219,1535.9000244140625,1345.199951171875
2011-06-01,3.52,3.84,3.52,3.84,410760,435.7,20500.0,100.29000091552734,1542.4000244140625,1314.550048828125
2011-06-02,3.96,4.03,3.94,4.03,342390,450.6,20475.0,100.4000015258789,1532.0,1312.93994140625
2011-06-03,4.13,4.13,4.02,4.09,410090,443.4,20500.0,100.22000122070312,1541.699951171875,1300.1600341796875
2011-06-06,4.05,4.09,4.01,4.05,274460,433.8,20313.0,99.01000213623047,1546.5,1286.1700439453125
2011-06-07,3.97,4.21,3.97,4.21,283800,443.7,20500.0,99.08999633789062,1543.300048828125,1284.93994140625
2011-06-08,4.37,4.37,4.13,4.13,267390,439.6,20550.0,100.73999786376953,1538.0999755859375,1279.56005859375
2011-06-09,4.05,4.13,4.05,4.13,23780,444.0,20500.0,101.93000030517578,1542.0999755859375,1289.0
2011-06-10,4.13,4.17,4.09,4.09,126840,445.0,20500.0,99.29000091552734,1528.5999755859375,1270.97998046875
2011-06-13,4.05,4.09,4.05,4.09,127810,442.7,20500.0,97.30000305175781,1515.0,1271.8299560546875
2011-06-14,4.05,4.25,4.05,4.05,236750,441.5,20293.0,99.37000274658203,1523.800048828125,1287.8699951171875
2011-06-15,4.05,4.09,4.04,4.05,388950,441.5,20283.0,94.80999755859375,1525.5999755859375,1265.4200439453125
2011-06-16,4.01,4.13,4.01,4.09,69510,445.2,20351.0,94.94999694824219,1529.300048828125,1267.6400146484375
2011-06-17,4.13,4.17,4.05,4.05,471410,438.9,20675.0,93.01000213623047,1538.5999755859375,1271.5
2011-06-20,4.05,4.09,4.01,4.01,98350,431.6,20600.0,93.26000213623047,1541.5,1278.3599853515625
2011-06-21,4.04,4.09,4.01,4.05,109460,442.7,20600.0,93.4000015258789,1546.0,1295.52001953125
2011-06-22,4.05,4.09,4.04,4.09,154350,439.6,20560.0,95.41000366210938,1552.9000244140625,1287.1400146484375
2011-06-23,4.05,4.09,4.02,4.02,114290,434.8,20555.0,91.0199966430664,1520.0999755859375,1283.5
2011-06-24,4.02,4.05,4.01,4.01,153920,433.4,20316.0,91.16000366210938,1500.5,1268.449951171875
2011-06-27,4.05,4.05,3.93,3.93,118410,434.3,20520.0,90.61000061035156,1496.0,1280.0999755859375
2011-06-28,3.93,3.97,3.93,3.97,83480,432.3,20550.0,92.88999938964844,1499.699951171875,1296.6700439453125
2011-06-29,3.92,3.97,3.89,3.89,154190,434.6,20540.0,94.7699966430664,1509.9000244140625,1307.4100341796875
2011-06-30,3.97,3.97,3.88,3.89,124130,432.5,20250.0,95.41999816894531,1502.300048828125,1320.6400146484375
2011-07-01,3.89,3.93,3.77,3.77,138900,425.3,20555.0,94.94000244140625,1482.300048828125,1339.6700439453125
2011-07-04,3.77,3.8,3.72,3.72,338130,425.4,20326.0,94.94000244140625,1482.300048828125,1339.6700439453125
2011-07-05,3.72,3.8,3.72,3.72,258620,431.0,20550.0,96.88999938964844,1512.300048828125,1337.8800048828125
2011-07-06,3.72,3.78,3.72,3.78,98560,428.3,20540.0,96.6500015258789,1528.699951171875,1339.219970703125
2011-07-07,3.78,3.8,3.76,3.77,91950,430.0,20530.0,98.66999816894531,1530.199951171875,1353.219970703125
2011-07-08,3.77,3.96,3.77,3.93,174530,430.3,20535.0,96.19999694824219,1541.199951171875,1343.800048828125
2011-07-11,3.93,3.99,3.89,3.93,146840,425.1,20530.0,95.1500015258789,1548.800048828125,1319.489990234375
2011-07-12,3.93,4.0,3.93,3.99,292020,417.3,20540.0,97.43000030517578,1561.9000244140625,1313.6400146484375
2011-07-13,4.05,4.05,4.01,4.05,289890,418.2,20545.0,98.05000305175781,1585.199951171875,1317.719970703125
2011-07-14,4.05,4.05,4.01,4.04,135280,418.9,20540.0,95.69000244140625,1589.0,1308.8699951171875
2011-07-15,4.01,4.01,3.97,3.99,104220,414.7,20545.0,97.23999786376953,1589.800048828125,1316.1400146484375
2011-07-18,3.97,4.0,3.97,4.0,89710,415.8,20540.0,95.93000030517578,1602.0999755859375,1305.43994140625
2011-07-19,3.99,4.03,3.99,4.03,121960,410.1,20535.0,97.5,1600.9000244140625,1326.72998046875
2011-07-20,4.04,4.21,4.04,4.21,366650,416.8,20525.0,98.13999938964844,1596.699951171875,1325.8399658203125
2011-07-21,4.21,4.21,4.09,4.13,158820,413.1,20530.0,99.12999725341797,1586.800048828125,1343.800048828125
2011-07-22,4.13,4.17,4.09,4.13,146550,409.2,20530.0,99.87000274658203,1601.300048828125,1345.02001953125
2011-07-25,4.09,4.17,4.09,4.17,142370,409.36,20525.0,99.19999694824219,1612.0,1337.4300537109375
2011-07-26,4.17,4.29,4.17,4.25,243710,409.4,20530.0,99.58999633789062,1616.5999755859375,1331.93994140625
2011-07-27,4.29,4.45,4.29,4.45,425270,409.4,20545.0,97.4000015258789,1615.0,1304.8900146484375
2011-07-28,4.53,4.61,4.53,4.61,537770,408.4,20540.0,97.44000244140625,1613.4000244140625,1300.6700439453125
2011-07-29,4.69,4.69,4.57,4.65,1074930,405.7,20540.0,95.69999694824219,1628.300048828125,1292.280029296875
2011-08-01,4.57,4.61,4.45,4.49,551710,401.95,20333.0,94.88999938964844,1619.0,1286.93994140625
2011-08-02,4.33,4.49,4.33,4.33,165510,396.55,20249.0,93.79000091552734,1641.9000244140625,1254.050048828125
2011-08-03,4.29,4.41,4.29,4.41,120250,391.47,20284.0,91.93000030517578,1663.4000244140625,1260.3399658203125
2011-08-04,4.41,4.57,4.41,4.49,126230,396.05,20464.0,86.62999725341797,1656.199951171875,1200.0699462890625
2011-08-05,4.45,4.49,4.45,4.45,111610,397.66,20302.0,86.87999725341797,1648.800048828125,1199.3800048828125
2011-08-08,4.37,4.45,4.33,4.33,358070,396.4,20328.0,81.30999755859375,1710.199951171875,1119.4599609375
2011-08-09,4.21,4.33,4.17,4.17,424290,387.7,20533.0,79.30000305175781,1740.0,1172.530029296875
2011-08-10,4.21,4.33,4.21,4.25,488660,386.0,20533.0,82.88999938964844,1781.300048828125,1120.760009765625
2011-08-11,4.25,4.37,4.21,4.37,316140,384.4,20556.0,85.72000122070312,1748.800048828125,1172.6400146484375
2011-08-12,4.37,4.37,4.33,4.37,154110,383.92,20556.0,85.37999725341797,1740.199951171875,1178.81005859375
2011-08-15,4.37,4.37,4.29,4.37,206230,384.32,20330.0,87.87999725341797,1755.5,1204.489990234375
2011-08-16,4.33,4.41,4.33,4.37,94410,386.48,20481.0,86.6500015258789,1782.4000244140625,1192.760009765625
2011-08-17,4.41,4.41,4.37,4.41,127240,393.46,20532.0,87.58000183105469,1791.199951171875,1193.8900146484375
2011-08-18,4.53,4.53,4.41,4.45,81300,402.89,20539.0,82.37999725341797,1818.9000244140625,1140.6500244140625
2011-08-19,4.49,4.49,4.37,4.37,65190,400.76,20800.0,82.26000213623047,1848.9000244140625,1123.530029296875
2011-08-22,4.37,4.45,4.37,4.41,161650,406.03,20780.0,84.12000274658203,1888.699951171875,1123.8199462890625
2011-08-23,4.37,4.45,4.37,4.41,170910,401.28,20785.0,85.44000244140625,1858.300048828125,1162.3499755859375
2011-08-24,4.41,4.45,4.37,4.41,166310,396.68,20800.0,85.16000366210938,1754.0999755859375,1177.5999755859375
2011-08-25,4.49,4.49,4.37,4.41,94480,401.65,20790.0,85.30000305175781,1759.800048828125,1159.27001953125
2011-08-26,4.45,4.45,4.41,4.45,140950,404.4,20760.0,85.37000274658203,1794.0999755859375,1176.800048828125
2011-08-29,4.53,4.53,4.41,4.49,113040,413.37,20800.0,87.2699966430664,1788.4000244140625,1210.0799560546875
2011-08-30,4.53,4.53,4.49,4.53,284400,419.26,20795.0,88.9000015258789,1826.699951171875,1212.9200439453125
2011-08-31,4.53,4.53,4.49,4.49,516820,425.43,20800.0,88.80999755859375,1828.5,1218.8900146484375
2011-09-01,4.53,4.57,4.49,4.53,242150,435.29,20800.0,88.93000030517578,1826.0,1204.4200439453125
2011-09-05,4.57,4.57,4.49,4.53,179960,435.73,20555.0,86.44999694824219,1873.699951171875,1173.969970703125
2011-09-06,4.53,4.53,4.45,4.53,189880,436.16,20810.0,86.0199966430664,1869.9000244140625,1165.239990234375
2011-09-07,4.53,4.53,4.45,4.49,214520,443.99,20805.0,89.33999633789062,1814.199951171875,1198.6199951171875
2011-09-08,4.53,4.57,4.49,4.53,173880,453.26,20800.0,89.05000305175781,1854.4000244140625,1185.9000244140625
2011-09-09,4.53,4.53,4.41,4.45,305190,459.92,20805.0,87.23999786376953,1856.4000244140625,1154.22998046875
2011-09-12,4.37,4.41,4.29,4.33,255610,462.93,20800.0,88.19000244140625,1809.9000244140625,1162.27001953125
2011-09-13,4.41,4.41,4.25,4.25,848190,469.4,20532.0,90.20999908447266,1826.800048828125,1172.8699951171875
2011-09-14,4.21,4.21,4.09,4.09,600240,466.99,20800.0,88.91000366210938,1823.5,1188.6800537109375
2011-09-15,4.25,4.29,4.21,4.29,1158780,470.67,20805.0,89.4000015258789,1778.5,1209.1099853515625
2011-09-16,4.29,4.49,4.17,4.17,1394610,457.11,20800.0,87.95999908447266,1812.0999755859375,1216.010009765625
2011-09-19,4.17,4.37,4.17,4.37,330060,461.68,20537.0,85.69999694824219,1776.4000244140625,1204.0899658203125
2011-09-20,4.29,4.41,4.29,4.29,539860,454.37,20790.0,86.88999938964844,1806.5999755859375,1202.0899658203125
2011-09-21,4.33,4.37,4.29,4.33,521700,447.57,20800.0,85.91999816894531,1805.5,1166.760009765625
2011-09-22,4.29,4.37,4.25,4.33,242400,449.26,20517.0,80.51000213623047,1739.199951171875,1129.56005859375
2011-09-23,4.25,4.29,4.21,4.25,156500,440.3,20590.0,79.8499984741211,1637.5,1136.4300537109375
2011-09-26,4.21,4.25,4.17,4.17,293270,434.43,20815.0,80.23999786376953,1592.5,1162.949951171875
2011-09-27,4.25,4.29,4.21,4.21,297060,437.47,20810.0,84.44999694824219,1650.5999755859375,1175.3800048828125
2011-09-28,4.25,4.29,4.21,4.25,122420,433.97,20810.0,81.20999908447266,1616.300048828125,1151.06005859375
2011-09-29,4.25,4.29,4.21,4.25,171900,428.08,20541.0,82.13999938964844,1615.5,1160.4000244140625
2011-09-30,4.25,4.29,4.21,4.25,302940,427.6,20815.0,79.19999694824219,1620.4000244140625,1131.4200439453125
2011-10-03,4.25,4.25,4.21,4.21,175530,422.12,20805.0,77.61000061035156,1656.0,1099.22998046875
2011-10-04,4.13,4.21,4.13,4.21,183950,418.18,20266.0,75.66999816894531,1614.699951171875,1123.949951171875
2011-10-05,4.21,4.21,4.13,4.17,617080,417.21,20810.0,79.68000030517578,1640.300048828125,1144.030029296875
2011-10-06,4.13,4.17,4.09,4.13,543870,421.3,20815.0,82.58999633789062,1651.9000244140625,1164.969970703125
2011-10-07,4.12,4.12,4.07,4.09,334910,417.96,20810.0,82.9800033569336,1634.5,1155.4599609375
2011-10-10,4.01,4.05,4.01,4.04,241020,419.66,20566.0,85.41000366210938,1669.5999755859375,1194.8900146484375
2011-10-11,4.04,4.09,4.04,4.05,148310,417.73,20514.0,85.80999755859375,1659.699951171875,1195.5400390625
2011-10-12,4.04,4.05,4.03,4.04,223900,410.91,20810.0,85.56999969482422,1681.300048828125,1207.25
2011-10-13,4.01,4.08,4.01,4.08,182530,412.59,20805.0,84.2300033569336,1667.300048828125,1203.6600341796875
2011-10-14,4.09,4.13,4.09,4.13,157850,414.49,20870.0,86.80000305175781,1681.800048828125,1224.5799560546875
2011-10-17,4.08,4.1,4.07,4.07,305380,410.84,20885.0,86.37999725341797,1675.5,1200.8599853515625
2011-10-18,4.05,4.06,4.04,4.04,158590,404.32,20880.0,88.33999633789062,1651.699951171875,1225.3800048828125
2011-10-19,4.05,4.05,4.02,4.03,278000,401.15,20920.0,86.11000061035156,1646.0,1209.8800048828125
2011-10-20,4.0,4.04,4.0,4.02,185230,403.73,20682.0,85.30000305175781,1611.9000244140625,1215.3900146484375
2011-10-21,4.01,4.09,4.0,4.09,438200,411.03,20920.0,87.4000015258789,1635.0999755859375,1238.25
2011-10-24,4.09,4.09,3.99,3.99,221630,414.46,20925.0,91.2699966430664,1651.5,1254.18994140625
2011-10-25,3.97,3.98,3.94,3.94,242580,409.38,20940.0,93.16999816894531,1699.5999755859375,1229.050048828125
2011-10-26,3.92,4.07,3.92,4.0,275300,412.1,20651.0,90.19999694824219,1722.699951171875,1242.0
2011-10-27,3.96,4.01,3.96,4.0,241780,414.75,20965.0,93.95999908447266,1746.699951171875,1284.5899658203125
2011-10-28,4.04,4.13,4.0,4.13,295130,422.07,20980.0,93.31999969482422,1746.199951171875,1285.0899658203125
2011-10-31,4.21,4.21,4.09,4.09,409820,420.81,20729.0,93.19000244140625,1724.199951171875,1253.300048828125
2011-11-01,4.09,4.09,4.05,4.05,174910,413.82,20731.0,92.19000244140625,1711.0,1218.280029296875
2011-11-02,4.05,4.12,4.04,4.1,310510,407.79,20720.0,92.51000213623047,1728.699951171875,1237.9000244140625
2011-11-03,4.1,4.1,4.04,4.07,235790,408.44,20697.0,94.06999969482422,1764.199951171875,1261.1500244140625
2011-11-04,4.07,4.13,4.07,4.12,359090,410.57,21000.0,94.26000213623047,1755.300048828125,1253.22998046875
2011-11-07,4.12,4.13,4.09,4.11,302770,410.52,20990.0,95.5199966430664,1790.300048828125,1261.1199951171875
2011-11-08,4.11,4.11,4.03,4.04,107750,408.6,20990.0,96.80000305175781,1798.4000244140625,1275.9200439453125
2011-11-09,4.08,4.08,4.03,4.03,112570,405.19,20730.0,95.73999786376953,1790.9000244140625,1229.0999755859375
2011-11-10,4.01,4.03,4.0,4.03,172320,401.03,20985.0,97.77999877929688,1758.9000244140625,1239.699951171875
2011-11-11,4.02,4.04,4.01,4.01,225640,396.3,20980.0,98.98999786376953,1787.5,1263.8499755859375
2011-11-14,3.95,4.0,3.95,3.96,119260,391.74,20723.0,98.13999938964844,1777.800048828125,1251.780029296875
2011-11-15,3.92,3.97,3.92,3.92,273560,387.87,20707.0,99.37000274658203,1781.699951171875,1257.81005859375
2011-11-16,3.9,3.96,3.9,3.96,175510,390.89,20702.0,102.58999633789062,1773.800048828125,1236.9100341796875
2011-11-17,3.96,3.98,3.94,3.98,238160,385.86,20745.0,98.81999969482422,1719.800048828125,1216.1300048828125
2011-11-18,4.0,4.0,3.95,3.98,73630,379.62,20741.0,97.41000366210938,1724.699951171875,1215.6500244140625
2011-11-21,3.95,3.98,3.95,3.98,94000,379.14,20716.0,96.91999816894531,1678.300048828125,1192.97998046875
2011-11-22,3.97,4.03,3.96,4.01,181280,381.76,20726.0,98.01000213623047,1702.199951171875,1188.0400390625
2011-11-23,3.99,4.05,3.99,4.05,293890,388.57,20709.0,96.16999816894531,1695.699951171875,1161.7900390625
2011-11-24,3.99,4.06,3.99,4.05,190630,381.78,20720.0,96.16999816894531,1695.699951171875,1161.7900390625
2011-11-25,4.04,4.05,4.02,4.04,218740,383.35,20698.0,96.7699966430664,1685.5,1158.6700439453125
2011-11-28,4.04,4.04,4.03,4.03,139210,383.31,20801.0,98.20999908447266,1710.800048828125,1192.550048828125
2011-11-29,4.04,4.04,4.02,4.03,170570,382.9,20769.0,99.79000091552734,1713.4000244140625,1195.18994140625
2011-11-30,4.03,4.06,4.03,4.05,346600,380.69,20985.0,100.36000061035156,1745.5,1246.9599609375
2011-12-01,4.0,4.06,4.0,4.06,146480,380.1,20739.0,100.19999694824219,1735.300048828125,1244.5799560546875
2011-12-02,4.06,4.1,4.05,4.07,428220,383.88,20985.0,100.95999908447266,1747.0,1244.280029296875
2011-12-05,4.08,4.13,4.07,4.13,425860,391.19,20980.0,100.98999786376953,1730.699951171875,1257.0799560546875
2011-12-06,4.17,4.17,4.09,4.13,285080,390.2,20975.0,101.27999877929688,1727.9000244140625,1258.469970703125
2011-12-07,4.13,4.17,4.11,4.13,227000,387.21,20975.0,100.48999786376953,1740.9000244140625,1261.010009765625
2011-12-08,4.13,4.17,4.11,4.11,44930,381.63,20970.0,98.33999633789062,1709.800048828125,1234.3499755859375
2011-12-09,4.17,4.17,4.09,4.09,73460,377.16,20975.0,99.41000366210938,1712.800048828125,1255.18994140625
2011-12-12,4.06,4.1,4.06,4.09,232810,375.3,20827.0,97.7699966430664,1664.199951171875,1236.469970703125
2011-12-13,4.06,4.09,4.06,4.08,242460,371.75,20920.0,100.13999938964844,1659.9000244140625,1225.72998046875
2011-12-14,4.06,4.08,4.04,4.04,215210,367.55,20980.0,94.94999694824219,1584.300048828125,1211.8199462890625
2011-12-15,4.01,4.04,4.0,4.01,93070,364.48,20985.0,93.87000274658203,1574.5999755859375,1215.75
2011-12-16,3.98,4.09,3.98,4.04,170350,366.03,20980.0,93.52999877929688,1595.5999755859375,1219.6600341796875
2011-12-19,4.04,4.09,4.04,4.09,134470,367.4,20990.0,93.87999725341797,1594.4000244140625,1205.3499755859375
2011-12-20,3.96,4.09,3.96,4.09,163100,365.67,21000.0,97.22000122070312,1615.5999755859375,1241.300048828125
2011-12-21,4.09,4.09,4.07,4.09,88790,367.72,20710.0,98.66999816894531,1611.9000244140625,1243.719970703125
2011-12-22,4.09,4.1,4.04,4.09,195010,360.37,20990.0,99.52999877929688,1608.9000244140625,1254.0
2011-12-23,4.01,4.04,4.01,4.04,24820,356.21,20995.0,99.68000030517578,1604.699951171875,1265.3299560546875
2011-12-26,4.06,4.06,4.0,4.04,108960,352.68,21033.0,99.68000030517578,1604.699951171875,1265.3299560546875
2011-12-27,4.04,4.04,4.0,4.01,139750,347.8,21000.0,101.33999633789062,1594.199951171875,1265.4300537109375
2011-12-28,4.03,4.03,4.0,4.02,97800,350.66,21000.0,99.36000061035156,1562.9000244140625,1249.6400146484375
2011-12-29,4.04,4.09,3.98,4.09,140960,350.51,21000.0,99.6500015258789,1539.9000244140625,1263.02001953125
2011-12-30,4.12,4.12,4.04,4.1,163170,351.55,20995.0,98.83000183105469,1565.800048828125,1257.5999755859375
2012-01-03,3.92,4.08,3.92,4.06,74810,350.0,20726.0,102.95999908447266,1599.699951171875,1277.06005859375
2012-01-04,4.07,4.07,4.05,4.06,29710,348.84,20718.0,103.22000122070312,1611.9000244140625,1277.300048828125
2012-01-05,3.99,4.04,3.97,3.98,64890,340.94,21000.0,101.80999755859375,1619.4000244140625,1281.06005859375
2012-01-06,4.0,4.01,3.99,4.01,66090,336.73,19205.0,101.55999755859375,1616.0999755859375,1277.81005859375
2012-01-09,4.01,4.03,3.98,4.03,46080,339.32,21005.0,101.30999755859375,1607.5,1280.699951171875
2012-01-10,4.0,4.09,4.0,4.09,200350,344.68,21000.0,102.23999786376953,1631.0,1292.0799560546875
2012-01-11,4.09,4.09,4.04,4.09,155570,347.43,21005.0,100.87000274658203,1639.199951171875,1292.47998046875
2012-01-12,4.03,4.09,4.03,4.05,46310,348.11,21010.0,99.0999984741211,1647.300048828125,1295.5
2012-01-13,4.04,4.13,4.04,4.13,152630,354.33,21005.0,98.69999694824219,1630.4000244140625,1289.0899658203125
2012-01-16,4.13,4.25,4.13,4.21,456650,357.87,20699.0,98.69999694824219,1630.4000244140625,1289.0899658203125
2012-01-17,4.17,4.21,4.09,4.09,74440,358.86,21005.0,100.70999908447266,1655.199951171875,1293.6700439453125
2012-01-18,4.17,4.17,4.09,4.09,50280,362.66,21010.0,100.58999633789062,1659.5,1308.0400390625
2012-01-19,4.17,4.17,4.09,4.1,87760,373.43,20493.0,100.38999938964844,1654.0999755859375,1314.5
2012-01-20,4.12,4.12,4.09,4.1,71050,373.0,21005.0,98.45999908447266,1663.699951171875,1315.3800048828125
2012-01-30,4.13,4.13,4.1,4.13,32540,384.94,20633.0,98.77999877929688,1731.0,1313.010009765625
2012-01-31,4.13,4.21,4.1,4.1,41940,387.97,21020.0,98.4800033569336,1737.800048828125,1312.4100341796875
2012-02-01,4.21,4.21,4.11,4.17,44510,390.67,21010.0,97.61000061035156,1747.0999755859375,1324.0899658203125
2012-02-02,4.13,4.21,4.13,4.21,83390,401.61,21010.0,96.36000061035156,1756.800048828125,1325.5400390625
2012-02-03,4.21,4.21,4.17,4.17,182230,401.74,20940.0,97.83999633789062,1737.9000244140625,1344.9000244140625
2012-02-06,4.17,4.21,4.13,4.17,40770,399.73,20905.0,96.91000366210938,1722.800048828125,1344.3299560546875
2012-02-07,4.17,4.21,4.13,4.17,74910,401.08,20880.0,98.41000366210938,1746.4000244140625,1347.050048828125
2012-02-08,4.21,4.25,4.17,4.25,168150,409.53,20671.0,98.70999908447266,1729.300048828125,1349.9599609375
2012-02-09,4.25,4.29,4.21,4.29,153780,411.39,20910.0,99.83999633789062,1739.0,1351.949951171875
2012-02-10,4.29,4.29,4.25,4.25,195060,405.02,20895.0,98.66999816894531,1723.300048828125,1342.6400146484375
2012-02-13,4.29,4.29,4.21,4.21,113870,395.54,20825.0,100.91000366210938,1723.0,1351.77001953125
2012-02-14,4.21,4.25,4.17,4.21,121790,400.26,20815.0,100.73999786376953,1715.9000244140625,1350.5
2012-02-15,4.25,4.25,4.21,4.21,149520,397.41,20800.0,101.80000305175781,1726.300048828125,1343.22998046875
2012-02-16,4.17,4.29,4.17,4.25,94590,396.51,20527.0,102.30999755859375,1726.800048828125,1358.0400390625
2012-02-17,4.21,4.29,4.21,4.29,102740,403.3,20805.0,103.23999786376953,1724.5,1361.22998046875
2012-02-20,4.29,4.46,4.29,4.46,283860,413.98,20576.0,103.23999786376953,1724.5,1361.22998046875
2012-02-21,4.46,4.5,4.42,4.46,328510,410.91,20800.0,105.83999633789062,1757.0999755859375,1362.2099609375
2012-02-22,4.5,4.54,4.46,4.5,155470,418.41,20805.0,106.27999877929688,1770.0,1357.6600341796875
2012-02-23,4.46,4.54,4.46,4.5,172180,423.89,20790.0,107.83000183105469,1784.9000244140625,1363.4599609375
2012-02-24,4.58,4.58,4.5,4.5,147980,423.43,20539.0,109.7699966430664,1775.0999755859375,1365.739990234375
2012-02-27,4.46,4.54,4.46,4.54,141080,428.41,20800.0,108.55999755859375,1773.5999755859375,1367.5899658203125
2012-02-28,4.46,4.54,4.46,4.5,172050,422.22,20800.0,106.55000305175781,1787.0,1372.1800537109375
2012-02-29,4.5,4.54,4.46,4.54,152530,423.64,20805.0,107.06999969482422,1709.9000244140625,1365.6800537109375
2012-03-01,4.54,4.54,4.5,4.54,91140,427.95,20800.0,108.83999633789062,1721.0999755859375,1374.0899658203125
2012-03-02,4.54,4.58,4.5,4.58,166410,439.6,20810.0,106.69999694824219,1708.800048828125,1369.6300048828125
2012-03-05,4.62,4.79,4.62,4.79,427300,457.21,20808.0,106.72000122070312,1703.0,1364.3299560546875
2012-03-06,4.95,4.95,4.62,4.62,291610,445.0,20805.0,104.69999694824219,1671.4000244140625,1343.3599853515625
2012-03-07,4.62,4.75,4.58,4.75,190770,444.02,20785.0,106.16000366210938,1683.300048828125,1352.6300048828125
2012-03-08,4.7,4.75,4.58,4.66,319980,431.66,20805.0,106.58000183105469,1698.0999755859375,1365.9100341796875
2012-03-09,4.62,4.75,4.62,4.66,188640,432.11,20800.0,107.4000015258789,1710.9000244140625,1370.8699951171875
2012-03-12,4.62,4.66,4.62,4.66,152560,428.02,20810.0,106.33999633789062,1699.199951171875,1371.0899658203125
2012-03-13,4.66,4.7,4.66,4.7,103290,429.39,20820.0,106.70999908447266,1693.699951171875,1395.949951171875
2012-03-14,4.7,4.75,4.66,4.7,136140,433.86,20805.0,105.43000030517578,1642.5,1394.280029296875
2012-03-15,4.7,4.87,4.7,4.87,431230,441.85,20805.0,105.11000061035156,1659.0999755859375,1402.5999755859375
2012-03-16,4.91,4.95,4.87,4.87,287960,438.52,20805.0,107.05999755859375,1655.5,1404.1700439453125
2012-03-19,4.79,4.87,4.75,4.87,91380,438.07,20810.0,108.08999633789062,1666.9000244140625,1409.75
2012-03-20,4.87,4.87,4.83,4.83,94310,440.29,20805.0,105.61000061035156,1646.699951171875,1405.52001953125
2012-03-21,4.83,4.87,4.79,4.83,145260,445.77,20805.0,107.2699966430664,1650.0,1402.8900146484375
2012-03-22,4.83,4.83,4.75,4.75,90050,445.67,20805.0,105.3499984741211,1642.300048828125,1392.780029296875
2012-03-23,4.79,4.79,4.75,4.79,71320,454.1,20822.0,106.87000274658203,1662.300048828125,1397.1099853515625
2012-03-26,4.79,4.79,4.75,4.79,112360,459.26,20820.0,107.02999877929688,1685.5,1416.510009765625
2012-03-27,4.7,4.79,4.7,4.75,185140,445.9,20810.0,107.33000183105469,1684.800048828125,1412.52001953125
2012-03-28,4.66,4.79,4.66,4.79,227840,446.32,20810.0,105.41000366210938,1657.9000244140625,1405.5400390625
2012-03-29,4.79,4.83,4.75,4.79,188180,439.63,20780.0,102.77999877929688,1652.199951171875,1403.280029296875
2012-03-30,4.83,4.87,4.75,4.79,227480,441.03,20785.0,103.0199966430664,1669.300048828125,1408.469970703125
2012-04-03,4.79,4.83,4.79,4.79,77770,445.77,20785.0,104.01000213623047,1670.0,1413.3800048828125
2012-04-04,4.83,4.87,4.79,4.79,229600,439.77,20785.0,101.47000122070312,1612.300048828125,1398.9599609375
2012-04-05,4.83,4.99,4.79,4.91,522960,444.93,20800.0,103.30999755859375,1628.5,1398.0799560546875
2012-04-06,4.95,4.95,4.91,4.91,46820,447.44,20805.0,103.30999755859375,1628.5,1398.0799560546875
2012-04-09,4.99,4.99,4.91,4.95,86600,450.73,20800.0,102.45999908447266,1642.5,1382.199951171875
2012-04-10,4.99,4.99,4.91,4.95,97870,450.85,20800.0,101.0199966430664,1659.5,1358.5899658203125
2012-04-11,4.99,5.16,4.95,5.16,401940,458.74,20810.0,102.69999694824219,1659.0,1368.7099609375
2012-04-12,5.2,5.24,5.16,5.2,181420,465.26,20800.0,103.63999938964844,1679.5,1387.5699462890625
2012-04-13,5.2,5.2,5.04,5.04,129430,462.52,20810.0,102.83000183105469,1659.0999755859375,1370.260009765625
2012-04-16,5.12,5.2,5.08,5.12,128380,468.26,20800.0,102.93000030517578,1648.699951171875,1369.5699462890625
2012-04-17,5.2,5.2,5.08,5.16,123760,472.84,20800.0,104.19999694824219,1650.300048828125,1390.780029296875
2012-04-18,5.2,5.2,5.12,5.12,113720,472.16,20805.0,102.66999816894531,1638.800048828125,1385.1400146484375
2012-04-19,5.12,5.16,4.91,4.91,301330,467.08,20805.0,102.2699966430664,1640.5999755859375,1376.9200439453125
2012-04-20,4.95,5.08,4.87,4.87,240320,465.72,20810.0,103.05000305175781,1642.0999755859375,1378.530029296875
2012-04-23,4.91,5.04,4.83,4.83,139090,465.17,20805.0,103.11000061035156,1631.9000244140625,1366.93994140625
2012-04-24,4.91,4.95,4.87,4.95,81550,465.65,20800.0,103.55000305175781,1643.0,1371.969970703125
2012-04-25,5.08,5.08,4.95,4.99,79440,472.87,20810.0,104.12000274658203,1641.4000244140625,1390.68994140625
2012-04-26,5.08,5.08,4.91,4.91,180500,470.21,20601.0,104.55000305175781,1659.5999755859375,1399.97998046875
2012-04-27,4.95,4.99,4.91,4.91,108790,473.77,20815.0,104.93000030517578,1664.0,1403.3599853515625
2012-05-02,5.12,5.12,5.08,5.12,425310,472.46,20815.0,105.22000122070312,1653.4000244140625,1402.31005859375
2012-05-03,5.37,5.37,5.28,5.37,550510,468.8,20805.0,102.54000091552734,1634.199951171875,1391.5699462890625
2012-05-04,5.37,5.49,5.37,5.45,388650,476.32,20810.0,98.48999786376953,1644.699951171875,1369.0999755859375
2012-05-07,5.49,5.53,5.41,5.53,284350,486.31,20800.0,97.94000244140625,1638.5999755859375,1369.5799560546875
2012-05-08,5.53,5.57,5.45,5.49,311770,488.07,20539.0,97.01000213623047,1604.0,1363.719970703125
2012-05-09,5.45,5.49,5.41,5.45,264470,487.62,20805.0,96.80999755859375,1593.699951171875,1354.5799560546875
2012-05-10,5.49,5.49,5.41,5.41,290000,486.07,20805.0,97.08000183105469,1595.0999755859375,1357.989990234375
2012-05-11,5.49,5.49,5.32,5.32,284390,480.1,20810.0,96.12999725341797,1583.5999755859375,1353.3900146484375
2012-05-14,5.37,5.41,5.28,5.28,213220,469.69,20805.0,94.77999877929688,1560.5999755859375,1338.3499755859375
2012-05-15,5.45,5.45,5.18,5.19,350530,455.65,20810.0,93.9800033569336,1556.800048828125,1330.6600341796875
2012-05-16,5.23,5.24,5.17,5.17,110580,449.91,20810.0,92.80999755859375,1536.199951171875,1324.800048828125
2012-05-17,5.19,5.24,5.19,5.22,160230,442.58,20540.0,92.55999755859375,1574.5,1304.8599853515625
2012-05-18,5.22,5.22,5.03,5.08,264100,434.95,20800.0,91.4800033569336,1591.5999755859375,1295.219970703125
2012-05-21,5.24,5.29,5.14,5.29,167520,448.02,20810.0,92.56999969482422,1588.4000244140625,1315.989990234375
2012-05-22,5.35,5.35,5.21,5.22,89520,447.94,20656.0,91.66000366210938,1576.300048828125,1316.6300048828125
2012-05-23,5.19,5.22,5.08,5.12,127830,436.75,20658.0,89.9000015258789,1548.0999755859375,1318.8599853515625
2012-05-24,5.12,5.14,5.09,5.09,99980,426.92,20604.0,90.66000366210938,1557.300048828125,1320.6800537109375
2012-05-25,5.2,5.2,5.14,5.2,103830,437.38,20638.0,90.86000061035156,1568.800048828125,1317.8199462890625
2012-05-28,5.19,5.24,5.19,5.2,124200,435.48,20614.0,90.86000061035156,1568.800048828125,1317.8199462890625
2012-05-29,5.19,5.2,5.16,5.19,64910,431.44,20608.0,90.76000213623047,1548.5999755859375,1332.4200439453125
2012-05-30,5.24,5.24,5.17,5.2,65430,435.34,20654.0,87.81999969482422,1563.4000244140625,1313.3199462890625
2012-05-31,5.17,5.19,5.17,5.18,140030,429.2,20605.0,86.52999877929688,1562.5999755859375,1310.3299560546875
2012-06-01,5.18,5.19,5.17,5.17,38050,428.8,20362.0,83.2300033569336,1620.5,1278.0400390625
2012-06-04,5.17,5.17,5.14,5.14,99040,416.65,20502.0,83.9800033569336,1612.199951171875,1278.1800537109375
2012-06-05,5.1,5.15,5.1,5.14,146830,421.02,20599.0,84.29000091552734,1615.199951171875,1285.5
2012-06-06,5.18,5.18,5.13,5.17,53290,426.39,20561.0,85.0199966430664,1632.800048828125,1315.1300048828125
2012-06-07,5.2,5.2,5.17,5.17,32200,434.41,20740.0,84.81999969482422,1586.5999755859375,1314.989990234375
2012-06-08,5.19,5.24,5.14,5.14,82110,432.9,20940.0,84.0999984741211,1590.0999755859375,1325.6600341796875
2012-06-11,5.18,5.18,5.1,5.15,41690,432.5,20822.0,82.69999694824219,1595.5,1308.9300537109375
2012-06-12,5.14,5.16,5.13,5.14,85420,428.16,20585.0,83.31999969482422,1612.699951171875,1324.1800537109375
2012-06-13,5.16,5.16,5.13,5.14,71920,427.61,20584.0,82.62000274658203,1618.0999755859375,1314.8800048828125
2012-06-14,5.16,5.16,5.1,5.12,70750,425.28,20542.0,83.91000366210938,1618.4000244140625,1329.0999755859375
2012-06-15,5.15,5.15,5.12,5.13,108970,433.09,20910.0,84.02999877929688,1627.0,1342.8399658203125
2012-06-18,5.2,5.2,5.13,5.15,34490,435.59,20925.0,83.2699966430664,1625.699951171875,1344.780029296875
2012-06-19,5.14,5.16,5.13,5.15,103760,431.08,20521.0,84.02999877929688,1622.199951171875,1357.97998046875
2012-06-20,5.19,5.19,5.15,5.17,89720,432.89,20598.0,81.80000305175781,1614.800048828125,1355.68994140625
2012-06-21,5.16,5.17,5.14,5.16,50360,431.14,20809.0,78.19999694824219,1564.5,1325.510009765625
2012-06-22,5.15,5.16,5.14,5.14,67350,427.17,20910.0,79.76000213623047,1566.0,1335.02001953125
2012-06-25,5.13,5.17,5.13,5.14,42840,424.12,20890.0,79.20999908447266,1587.5,1313.719970703125
2012-06-26,5.09,5.12,5.09,5.09,31110,419.19,20606.0,79.36000061035156,1574.0,1319.989990234375
2012-06-27,5.14,5.14,5.09,5.09,73780,418.04,20890.0,80.20999908447266,1577.5,1331.8499755859375
2012-06-28,5.1,5.1,4.94,4.94,36470,418.16,20850.0,77.69000244140625,1549.699951171875,1329.0400390625
2012-06-29,4.98,5.02,4.94,4.94,4970,422.37,20449.0,84.95999908447266,1603.5,1362.1600341796875
2012-07-02,5.0,5.07,4.93,4.94,131390,419.3,20640.0,83.75,1597.199951171875,1365.510009765625
2012-07-03,5.01,5.01,4.93,4.93,12120,413.09,20820.0,87.66000366210938,1621.300048828125,1374.02001953125
2012-07-04,4.98,4.98,4.93,4.95,18440,410.73,20629.0,87.66000366210938,1621.300048828125,1374.02001953125
2012-07-05,4.98,4.99,4.95,4.98,35790,413.83,20768.0,87.22000122070312,1608.9000244140625,1367.5799560546875
2012-07-06,4.98,5.01,4.98,4.98,26770,415.44,20713.0,84.44999694824219,1578.4000244140625,1354.6800537109375
2012-07-09,4.87,4.98,4.87,4.94,14410,408.12,20532.0,85.98999786376953,1588.5999755859375,1352.4599609375
2012-07-10,4.93,4.95,4.93,4.93,27540,405.39,20652.0,83.91000366210938,1579.300048828125,1341.469970703125
2012-07-11,4.93,4.94,4.91,4.94,40600,407.28,20629.0,85.80999755859375,1575.199951171875,1341.449951171875
2012-07-12,4.93,4.94,4.93,4.94,20870,408.72,20522.0,86.08000183105469,1564.9000244140625,1334.760009765625
2012-07-13,4.95,5.03,4.93,5.01,30930,416.98,20830.0,87.0999984741211,1591.5999755859375,1356.780029296875
2012-07-16,5.06,5.06,4.95,4.96,23050,413.98,20388.0,88.43000030517578,1591.199951171875,1353.6400146484375
2012-07-17,4.95,4.96,4.93,4.96,38870,417.55,20820.0,89.22000122070312,1589.0999755859375,1363.6700439453125
2012-07-18,4.97,4.97,4.93,4.94,54300,418.83,20445.0,89.87000274658203,1570.4000244140625,1372.780029296875
2012-07-19,4.93,4.95,4.91,4.95,62810,428.38,20825.0,92.66000366210938,1580.0999755859375,1376.510009765625
2012-07-20,5.0,5.02,4.94,4.94,83160,424.47,20647.0,91.44000244140625,1582.5,1362.6600341796875
2012-07-23,4.94,4.94,4.92,4.94,61190,421.99,20805.0,88.13999938964844,1577.0999755859375,1350.52001953125
2012-07-24,4.94,5.18,4.94,5.16,297120,415.63,20599.0,88.5,1576.0,1338.31005859375
2012-07-25,5.14,5.14,4.98,4.98,178060,412.91,20810.0,88.97000122070312,1608.0,1337.8900146484375
2012-07-26,4.95,5.01,4.95,5.01,88280,414.8,20820.0,89.38999938964844,1615.0,1360.02001953125
2012-07-27,5.05,5.05,5.01,5.03,116650,413.16,20820.0,90.12999725341797,1617.9000244140625,1385.969970703125
2012-07-30,5.03,5.14,5.03,5.1,188880,415.0,20550.0,89.77999877929688,1619.699951171875,1385.300048828125
2012-07-31,4.98,5.03,4.98,4.99,142000,414.48,20830.0,88.05999755859375,1610.5,1379.3199462890625
2012-08-01,4.96,4.98,4.94,4.95,134550,412.55,20672.0,88.91000366210938,1603.699951171875,1375.3199462890625
2012-08-02,4.93,4.99,4.93,4.95,89910,416.1,20686.0,87.12999725341797,1587.4000244140625,1365.0
2012-08-03,4.93,4.96,4.93,4.96,159240,418.21,20375.0,91.4000015258789,1606.0,1390.989990234375
2012-08-06,4.93,4.98,4.93,4.95,148440,423.16,20462.0,92.19999694824219,1612.9000244140625,1394.22998046875
2012-08-07,4.94,4.96,4.93,4.95,144950,422.5,20572.0,93.66999816894531,1609.699951171875,1401.3499755859375
2012-08-08,4.94,4.95,4.93,4.94,71270,423.57,20527.0,93.3499984741211,1612.9000244140625,1402.219970703125
2012-08-09,4.94,4.96,4.88,4.92,324860,426.98,20820.0,93.36000061035156,1617.0999755859375,1402.800048828125
2012-08-10,4.94,4.94,4.8,4.8,461230,425.56,20496.0,92.87000274658203,1619.699951171875,1405.8699951171875
2012-08-13,4.94,4.94,4.81,4.87,155720,426.17,20536.0,92.7300033569336,1609.5999755859375,1404.1099853515625
2012-08-14,4.8,4.92,4.8,4.85,223310,429.47,20679.0,93.43000030517578,1599.4000244140625,1403.9300537109375
2012-08-15,4.83,4.86,4.82,4.83,398780,430.77,20522.0,94.33000183105469,1603.699951171875,1405.530029296875
2012-08-16,4.86,4.91,4.8,4.8,324050,430.83,20391.0,95.5999984741211,1616.0999755859375,1415.510009765625
2012-08-17,4.72,4.82,4.72,4.77,219300,433.45,20571.0,96.01000213623047,1616.300048828125,1418.1600341796875
2012-08-20,4.82,4.84,4.77,4.83,87130,437.28,20480.0,95.97000122070312,1620.0999755859375,1418.1300048828125
2012-08-21,4.82,4.82,4.6,4.61,424710,416.84,20480.0,96.68000030517578,1639.9000244140625,1413.1700439453125
2012-08-22,4.61,4.72,4.59,4.61,175470,410.23,20406.0,97.26000213623047,1637.4000244140625,1413.489990234375
2012-08-23,4.61,4.61,4.38,4.38,306220,392.82,20555.0,96.2699966430664,1669.5999755859375,1402.0799560546875
2012-08-24,4.19,4.51,4.18,4.41,166690,399.72,20558.0,96.1500015258789,1669.800048828125,1411.1300048828125
2012-08-27,4.52,4.52,4.2,4.2,327330,386.19,20592.0,95.47000122070312,1672.4000244140625,1410.43994140625
2012-08-28,4.21,4.29,4.07,4.09,387150,385.78,20520.0,96.33000183105469,1666.5,1409.300048828125
2012-08-29,4.19,4.19,4.08,4.1,516890,393.06,20590.0,95.48999786376953,1659.800048828125,1410.489990234375
2012-08-30,4.1,4.13,4.08,4.1,556380,397.25,20597.0,94.62000274658203,1653.5,1399.47998046875
2012-08-31,4.1,4.31,4.09,4.31,490150,396.02,20533.0,96.47000122070312,1684.5999755859375,1406.5799560546875
2012-09-04,4.5,4.52,4.36,4.49,196570,402.08,20570.0,95.30000305175781,1692.9000244140625,1404.93994140625
2012-09-05,4.49,4.5,4.35,4.35,172150,398.92,20451.0,95.36000061035156,1690.800048828125,1403.43994140625
2012-09-06,4.29,4.35,4.2,4.23,146150,393.41,20507.0,95.52999877929688,1702.5999755859375,1432.1199951171875
2012-09-07,4.23,4.24,4.19,4.22,105620,397.51,20331.0,96.41999816894531,1737.5,1437.9200439453125
2012-09-10,4.23,4.23,4.09,4.12,94970,388.88,20597.0,96.54000091552734,1728.699951171875,1429.0799560546875
2012-09-11,3.99,4.16,3.99,4.13,91990,386.62,20448.0,97.16999816894531,1731.800048828125,1433.56005859375
2012-09-12,4.12,4.21,4.12,4.16,55010,388.35,20567.0,97.01000213623047,1730.5999755859375,1436.56005859375
2012-09-13,4.18,4.18,4.11,4.16,142710,391.36,20430.0,98.30999755859375,1769.0999755859375,1459.989990234375
2012-09-14,4.21,4.21,4.16,4.16,143660,398.87,20513.0,99.0,1769.800048828125,1465.77001953125
2012-09-17,4.16,4.17,4.11,4.14,98290,401.75,20558.0,96.62000274658203,1767.699951171875,1461.18994140625
2012-09-18,4.12,4.14,4.06,4.06,168920,394.51,20574.0,95.29000091552734,1768.4000244140625,1459.3199462890625
2012-09-19,3.94,4.03,3.91,3.94,486130,394.55,20497.0,91.9800033569336,1769.0,1461.050048828125
2012-09-20,3.95,3.99,3.92,3.94,138350,389.28,20548.0,91.87000274658203,1767.699951171875,1460.260009765625
2012-09-21,3.96,3.99,3.94,3.95,49890,395.48,20594.0,92.88999938964844,1775.5,1460.1500244140625
2012-09-24,3.95,3.95,3.92,3.93,104050,390.37,20521.0,91.93000030517578,1762.0999755859375,1456.8900146484375
2012-09-25,3.95,3.95,3.92,3.93,126430,391.77,20550.0,91.37000274658203,1763.800048828125,1441.5899658203125
2012-09-26,3.95,3.98,3.92,3.97,129510,395.12,20549.0,89.9800033569336,1750.5999755859375,1433.3199462890625
2012-09-27,4.0,4.17,3.98,4.08,254170,393.34,20494.0,91.8499984741211,1777.5999755859375,1447.1500244140625
2012-09-28,4.08,4.12,4.06,4.07,94180,392.57,20679.0,92.19000244140625,1771.0999755859375,1440.6700439453125
2012-10-01,4.02,4.04,3.94,3.96,74140,386.55,20840.0,92.4800033569336,1780.5,1444.489990234375
2012-10-02,3.96,3.98,3.94,3.96,110610,384.32,20576.0,91.88999938964844,1772.699951171875,1445.75
2012-10-03,3.96,3.99,3.96,3.96,65800,385.37,20580.0,88.13999938964844,1777.300048828125,1450.989990234375
2012-10-04,3.96,3.98,3.95,3.95,93060,384.51,20470.0,91.70999908447266,1794.0999755859375,1461.4000244140625
2012-10-05,3.97,3.97,3.95,3.95,46100,388.16,20840.0,89.87999725341797,1778.5999755859375,1460.9300537109375
2012-10-08,3.93,3.98,3.93,3.96,64880,393.45,20554.0,89.33000183105469,1773.5,1455.8800048828125
2012-10-09,3.97,4.08,3.96,3.99,143640,393.67,20639.0,92.38999938964844,1763.0,1441.47998046875
2012-10-10,4.03,4.03,4.0,4.03,42760,394.66,20539.0,91.25,1763.199951171875,1432.56005859375
2012-10-11,4.06,4.06,4.02,4.02,160130,394.19,20527.0,92.06999969482422,1768.800048828125,1432.8399658203125
2012-10-12,4.02,4.04,3.98,3.98,45680,392.54,20566.0,91.86000061035156,1758.0,1428.5899658203125
2012-10-15,3.97,3.99,3.96,3.96,63990,391.56,20565.0,91.8499984741211,1736.0,1440.1300048828125
2012-10-16,3.95,3.99,3.95,3.98,67270,399.22,20422.0,92.08999633789062,1744.699951171875,1454.9200439453125
2012-10-17,3.97,4.0,3.97,3.98,26680,397.02,20553.0,92.12000274658203,1751.5,1460.9100341796875
2012-10-18,3.98,3.98,3.94,3.94,60410,398.51,20608.0,92.0999984741211,1743.300048828125,1457.3399658203125
2012-10-19,3.97,3.97,3.91,3.93,60110,398.23,20806.0,90.05000305175781,1722.800048828125,1433.18994140625
2012-10-22,3.96,3.96,3.92,3.92,57430,397.0,20554.0,88.7300033569336,1725.0999755859375,1433.8199462890625
2012-10-23,3.92,3.93,3.91,3.92,76660,397.71,20800.0,86.66999816894531,1708.300048828125,1413.1099853515625
2012-10-24,3.92,3.93,3.92,3.92,81980,395.45,20810.0,85.7300033569336,1700.5,1408.75
2012-10-25,3.89,3.92,3.89,3.92,61750,389.92,20634.0,86.05000305175781,1712.0,1412.969970703125
2012-10-26,3.92,3.92,3.89,3.91,31920,391.7,20462.0,86.27999877929688,1710.9000244140625,1411.93994140625
2012-10-29,3.89,3.91,3.89,3.9,47580,391.36,20529.0,86.27999877929688,1710.9000244140625,1411.93994140625
2012-10-30,3.85,3.89,3.85,3.85,94430,389.86,20506.0,86.27999877929688,1710.9000244140625,1411.93994140625
2012-10-31,3.85,3.87,3.84,3.84,91490,388.42,20623.0,86.23999786376953,1717.5,1412.1600341796875
2012-11-01,3.8,3.87,3.8,3.84,70110,387.95,20577.0,87.08999633789062,1714.0999755859375,1427.5899658203125
2012-11-02,3.68,3.72,3.66,3.66,96810,375.26,20613.0,84.86000061035156,1674.0999755859375,1414.199951171875
2012-11-05,3.5,3.66,3.49,3.64,97960,377.27,20525.0,85.6500015258789,1682.199951171875,1417.260009765625
2012-11-06,3.69,3.69,3.6,3.6,44860,376.95,20530.0,88.70999908447266,1714.0999755859375,1428.3900146484375
2012-11-07,3.64,3.67,3.62,3.65,44590,380.9,20800.0,84.44000244140625,1713.199951171875,1394.530029296875
2012-11-08,3.67,3.67,3.63,3.65,36430,385.6,20527.0,85.08999633789062,1725.4000244140625,1377.510009765625
2012-11-09,3.65,3.66,3.63,3.65,23200,386.71,20530.0,86.06999969482422,1730.300048828125,1379.8499755859375
2012-11-12,3.68,3.78,3.68,3.76,99430,388.62,20539.0,85.56999969482422,1730.300048828125,1380.030029296875
2012-11-13,3.77,3.78,3.75,3.75,31120,385.22,20557.0,85.37999725341797,1724.199951171875,1374.530029296875
2012-11-14,3.77,3.77,3.74,3.76,31510,387.71,20546.0,86.31999969482422,1729.5,1355.489990234375
2012-11-15,3.76,3.76,3.73,3.73,45690,386.91,20815.0,85.44999694824219,1713.300048828125,1353.3299560546875
2012-11-16,3.75,3.75,3.7,3.7,17580,385.71,20534.0,86.66999816894531,1714.300048828125,1359.8800048828125
2012-11-19,3.74,3.74,3.65,3.65,32930,383.32,20542.0,89.27999877929688,1734.0,1386.8900146484375
2012-11-20,3.62,3.66,3.62,3.65,22050,385.1,20536.0,86.75,1723.199951171875,1387.81005859375
2012-11-21,3.68,3.68,3.64,3.64,20910,383.87,20500.0,87.37999725341797,1727.9000244140625,1391.030029296875
2012-11-22,3.65,3.65,3.63,3.64,39450,383.22,20545.0,87.37999725341797,1727.9000244140625,1391.030029296875
2012-11-23,3.66,3.66,3.64,3.64,31930,381.71,20439.0,88.27999877929688,1751.300048828125,1409.1500244140625
2012-11-26,3.65,3.65,3.62,3.62,38540,377.9,20495.0,87.73999786376953,1749.5,1406.2900390625
2012-11-27,3.62,3.63,3.59,3.59,49420,376.89,20815.0,87.18000030517578,1742.199951171875,1398.93994140625
2012-11-28,3.6,3.6,3.54,3.54,44390,375.79,20438.0,86.48999786376953,1716.5,1409.9300537109375
2012-11-29,3.54,3.55,3.5,3.5,73740,378.2,20558.0,88.06999969482422,1727.199951171875,1415.949951171875
2012-11-30,3.51,3.52,3.5,3.51,44430,377.82,20573.0,88.91000366210938,1710.9000244140625,1416.1800537109375
2012-12-03,3.51,3.51,3.48,3.49,54360,379.27,20775.0,89.08999633789062,1719.5999755859375,1409.4599609375
2012-12-04,3.46,3.52,3.45,3.52,93650,382.1,20524.0,88.5,1694.4000244140625,1407.050048828125
2012-12-05,3.63,3.68,3.58,3.62,107150,385.69,20790.0,87.87999725341797,1692.4000244140625,1409.280029296875
2012-12-06,3.59,3.62,3.59,3.6,66360,385.69,20692.0,86.26000213623047,1700.300048828125,1413.93994140625
2012-12-07,3.58,3.61,3.57,3.58,40580,383.8,20805.0,85.93000030517578,1704.0,1418.0699462890625
2012-12-10,3.6,3.62,3.59,3.62,37500,386.69,20480.0,85.55999755859375,1713.0,1418.550048828125
2012-12-11,3.6,3.62,3.6,3.6,41280,389.37,20524.0,85.79000091552734,1708.199951171875,1427.8399658203125
2012-12-12,3.6,3.71,3.6,3.65,144700,391.08,20459.0,86.7699966430664,1716.5999755859375,1428.47998046875
2012-12-13,3.67,3.7,3.64,3.68,139170,391.19,20511.0,85.88999938964844,1695.5999755859375,1419.449951171875
2012-12-14,3.67,3.71,3.65,3.65,61370,392.21,20422.0,86.7300033569336,1695.800048828125,1413.5799560546875
2012-12-17,3.65,3.7,3.63,3.64,89860,393.63,20524.0,87.19999694824219,1697.0,1430.3599853515625
2012-12-18,3.6,3.64,3.59,3.59,95270,393.39,20465.0,87.93000030517578,1669.5,1446.7900390625
2012-12-19,3.64,3.73,3.61,3.69,151080,398.59,20655.0,89.51000213623047,1666.5,1435.81005859375
2012-12-20,3.71,3.71,3.63,3.63,71260,399.68,20810.0,90.12999725341797,1644.9000244140625,1443.68994140625
2012-12-21,3.63,3.65,3.58,3.61,202750,396.78,20805.0,88.66000366210938,1659.0999755859375,1430.1500244140625
2012-12-24,3.62,3.69,3.62,3.68,156090,399.71,20601.0,88.61000061035156,1658.5999755859375,1426.6600341796875
2012-12-25,3.68,3.69,3.65,3.68,189040,401.34,20604.0,88.61000061035156,1658.5999755859375,1426.6600341796875
2012-12-26,3.67,3.8,3.65,3.8,274620,406.1,20805.0,90.9800033569336,1659.800048828125,1419.8299560546875
2012-12-27,3.82,3.96,3.82,3.93,346980,409.97,20570.0,90.87000274658203,1662.5999755859375,1418.0999755859375
2012-12-28,3.93,3.93,3.89,3.9,152500,413.73,20478.0,90.80000305175781,1654.9000244140625,1402.4300537109375
2013-01-02,3.91,4.05,3.91,4.03,380320,418.35,20637.0,93.12000274658203,1687.9000244140625,1462.4200439453125
2013-01-03,4.03,4.05,3.91,3.98,366960,419.27,20805.0,92.91999816894531,1673.699951171875,1459.3699951171875
2013-01-04,3.95,4.03,3.94,4.03,278020,426.06,20432.0,93.08999633789062,1648.0999755859375,1466.469970703125
2013-01-07,4.01,4.04,3.99,4.01,204570,434.19,20399.0,93.19000244140625,1645.5,1461.8900146484375
2013-01-08,4.02,4.21,4.01,4.21,535860,447.16,20600.0,93.1500015258789,1661.5,1457.1500244140625
2013-01-09,4.42,4.42,4.26,4.32,1588500,448.77,20523.0,93.0999984741211,1654.800048828125,1461.02001953125
2013-01-10,4.29,4.41,4.27,4.37,607050,460.12,20263.0,93.81999969482422,1677.300048828125,1472.1199951171875
2013-01-11,4.37,4.4,4.3,4.31,614810,462.69,20408.0,93.55999755859375,1660.0,1472.050048828125
2013-01-14,4.23,4.26,4.16,4.18,499600,458.97,20810.0,94.13999938964844,1668.9000244140625,1470.6800537109375
2013-01-15,4.18,4.29,4.18,4.23,357880,461.42,20615.0,93.27999877929688,1683.4000244140625,1472.3399658203125
2013-01-16,4.27,4.34,4.23,4.27,368380,465.25,20800.0,94.23999786376953,1682.699951171875,1472.6300048828125
2013-01-17,4.26,4.29,4.22,4.22,292200,456.76,20522.0,95.48999786376953,1690.4000244140625,1480.93994140625
2013-01-18,4.19,4.22,4.18,4.2,362960,454.16,20603.0,95.55999755859375,1686.5999755859375,1485.97998046875
2013-01-21,4.19,4.21,4.15,4.18,119000,447.79,20537.0,95.55999755859375,1686.5999755859375,1485.97998046875
2013-01-22,4.18,4.2,4.02,4.11,373240,442.85,20800.0,96.23999786376953,1692.800048828125,1492.56005859375
2013-01-23,4.09,4.13,4.09,4.11,192530,443.37,20800.0,95.2300033569336,1686.300048828125,1494.81005859375
2013-01-24,4.13,4.22,4.13,4.21,141650,452.4,20470.0,95.94999694824219,1669.5,1494.8199462890625
2013-01-25,4.25,4.37,4.25,4.35,787540,468.09,20494.0,95.87999725341797,1656.4000244140625,1502.9599609375
2013-01-28,4.37,4.52,4.37,4.41,558550,479.6,20525.0,96.44000244140625,1652.4000244140625,1500.1800537109375
2013-01-29,4.4,4.43,4.36,4.37,207130,484.01,20461.0,97.56999969482422,1660.699951171875,1507.8399658203125
2013-01-30,4.43,4.61,4.43,4.52,689630,487.6,20510.0,97.94000244140625,1679.9000244140625,1501.9599609375
2013-01-31,4.5,4.51,4.43,4.44,366670,479.79,20501.0,97.48999786376953,1660.5999755859375,1498.1099853515625
2013-02-01,4.43,4.43,4.32,4.37,323300,483.42,20543.0,97.7699966430664,1669.4000244140625,1513.1700439453125
2013-02-04,4.41,4.41,4.34,4.36,166570,482.38,20606.0,96.16999816894531,1675.300048828125,1495.7099609375
2013-02-05,4.33,4.36,4.31,4.34,183200,477.36,20495.0,96.63999938964844,1672.4000244140625,1511.2900390625
2013-02-06,4.33,4.43,4.33,4.36,90900,488.36,20546.0,96.62000274658203,1677.699951171875,1512.1199951171875
2013-02-07,4.37,4.39,4.35,4.39,155490,490.62,20801.0,95.83000183105469,1670.4000244140625,1509.3900146484375
2013-02-08,4.4,4.49,4.37,4.41,92170,494.03,20621.0,95.72000122070312,1666.0,1517.9300537109375
2013-02-18,4.41,4.45,4.4,4.43,131010,493.95,20527.0,95.86000061035156,1608.800048828125,1519.7900390625
2013-02-19,4.43,4.44,4.39,4.4,168260,490.78,20795.0,96.66000366210938,1603.5999755859375,1530.93994140625
2013-02-20,4.34,4.4,4.34,4.37,171590,494.83,20710.0,94.45999908447266,1577.5999755859375,1511.949951171875
2013-02-21,4.37,4.39,4.27,4.27,307570,476.73,20582.0,92.83999633789062,1578.199951171875,1502.4200439453125
2013-02-22,4.31,4.36,4.15,4.26,337970,477.69,20553.0,93.12999725341797,1572.4000244140625,1515.5999755859375
2013-02-25,4.31,4.31,4.24,4.25,143330,483.69,20904.0,93.11000061035156,1586.199951171875,1487.8499755859375
2013-02-26,4.25,4.25,4.09,4.09,285040,465.05,20605.0,92.62999725341797,1615.199951171875,1496.93994140625
2013-02-27,4.05,4.13,4.04,4.05,283110,465.72,20596.0,92.76000213623047,1595.199951171875,1515.989990234375
2013-02-28,4.05,4.12,4.05,4.1,191070,474.56,20748.0,92.05000305175781,1577.699951171875,1514.6800537109375
2013-03-01,4.11,4.11,4.08,4.1,96880,477.15,20619.0,90.68000030517578,1571.9000244140625,1518.199951171875
2013-03-04,4.09,4.09,3.99,4.01,225550,468.74,20469.0,90.12000274658203,1572.0999755859375,1525.199951171875
2013-03-05,3.99,4.01,3.95,3.95,194960,462.12,20659.0,90.81999969482422,1574.5999755859375,1539.7900390625
2013-03-06,3.95,4.02,3.95,4.01,60350,471.09,20752.0,90.43000030517578,1574.5999755859375,1541.4599609375
2013-03-07,4.04,4.04,3.94,3.99,115870,466.63,20491.0,91.55999755859375,1574.800048828125,1544.260009765625
2013-03-08,3.98,4.09,3.98,4.08,116190,470.68,20798.0,91.94999694824219,1576.5999755859375,1551.1800537109375
2013-03-11,4.08,4.15,4.08,4.14,78540,476.5,20564.0,92.05999755859375,1577.800048828125,1556.219970703125
2013-03-12,4.12,4.19,4.09,4.14,67310,475.34,20607.0,92.54000091552734,1591.5,1552.47998046875
2013-03-13,4.16,4.16,4.1,4.11,66390,473.18,20711.0,92.5199966430664,1588.300048828125,1554.52001953125
2013-03-14,4.15,4.15,4.11,4.13,15620,474.6,20490.0,93.02999877929688,1590.5999755859375,1563.22998046875
2013-03-15,4.14,4.14,4.11,4.12,13800,481.35,20615.0,93.44999694824219,1592.5,1560.699951171875
2013-03-18,4.13,4.14,4.09,4.09,54560,479.13,20627.0,93.73999786376953,1604.5999755859375,1552.0999755859375
2013-03-19,4.06,4.11,4.06,4.1,27280,480.48,20766.0,92.16000366210938,1611.300048828125,1548.3399658203125
2013-03-20,4.13,4.15,4.1,4.12,63140,487.04,20598.0,92.95999908447266,1607.5,1558.7099609375
2013-03-21,4.14,4.27,4.13,4.23,274540,491.79,20669.0,92.44999694824219,1613.800048828125,1545.800048828125
2013-03-22,4.27,4.41,4.21,4.21,387570,489.99,20567.0,93.70999908447266,1606.199951171875,1556.8900146484375
2013-03-25,4.29,4.29,4.23,4.26,173440,493.57,20856.0,94.80999755859375,1604.5999755859375,1551.68994140625
2013-03-26,4.3,4.3,4.24,4.24,138400,489.46,20624.0,96.33999633789062,1595.800048828125,1563.77001953125
2013-03-27,4.23,4.24,4.19,4.19,187110,491.26,20608.0,96.58000183105469,1606.199951171875,1562.8499755859375
2013-03-28,4.2,4.23,4.19,4.19,97940,490.67,20895.0,97.2300033569336,1594.800048828125,1569.18994140625
2013-03-29,4.19,4.21,4.15,4.19,184310,491.04,20609.0,97.2300033569336,1594.800048828125,1569.18994140625
2013-04-01,4.16,4.25,4.16,4.25,142540,505.81,20905.0,97.06999969482422,1600.0,1562.1700439453125
2013-04-02,4.26,4.36,4.26,4.29,413850,509.43,20640.0,97.19000244140625,1575.0999755859375,1570.25
2013-04-03,4.3,4.31,4.25,4.25,128770,505.93,20900.0,94.44999694824219,1552.800048828125,1553.68994140625
2013-04-04,4.26,4.26,4.21,4.22,58120,497.35,20411.0,93.26000213623047,1551.800048828125,1559.97998046875
2013-04-05,4.21,4.25,4.21,4.25,123140,502.58,20621.0,92.69999694824219,1575.4000244140625,1553.280029296875
2013-04-08,4.25,4.4,4.25,4.4,721860,506.66,20632.0,93.36000061035156,1572.0,1563.0699462890625
2013-04-09,4.41,4.61,4.4,4.53,894350,510.49,20527.0,94.19999694824219,1586.199951171875,1568.6099853515625
2013-04-10,4.54,4.54,4.41,4.41,305550,496.5,20890.0,94.63999938964844,1558.300048828125,1587.72998046875
2013-04-11,4.41,4.41,4.31,4.34,312510,504.07,20583.0,93.51000213623047,1564.300048828125,1593.3699951171875
2013-04-12,4.37,4.4,4.29,4.32,332180,494.27,20477.0,91.29000091552734,1501.0,1588.8499755859375
2013-04-15,4.26,4.32,4.16,4.19,320830,480.02,20644.0,88.70999908447266,1360.5999755859375,1552.3599853515625
2013-04-16,4.19,4.2,4.08,4.15,137720,478.07,20501.0,88.72000122070312,1386.800048828125,1574.5699462890625
2013-04-17,4.23,4.26,4.15,4.21,105540,483.99,20747.0,86.68000030517578,1382.199951171875,1552.010009765625
2013-04-18,4.16,4.19,4.09,4.1,135860,473.21,20714.0,87.7300033569336,1392.0,1541.6099853515625
2013-04-22,4.15,4.15,4.09,4.09,143400,468.43,20577.0,88.76000213623047,1421.0,1562.5
2013-04-23,4.14,4.14,4.1,4.13,70860,473.69,20890.0,89.18000030517578,1408.5999755859375,1578.780029296875
2013-04-24,4.15,4.15,4.09,4.11,150350,472.89,20623.0,91.43000030517578,1423.4000244140625,1578.7900390625
2013-04-25,4.16,4.16,4.11,4.12,46180,476.59,20706.0,93.63999938964844,1461.800048828125,1585.1600341796875
2013-04-26,4.12,4.14,4.11,4.12,51690,474.51,20490.0,93.0,1453.5999755859375,1582.239990234375
2013-05-02,4.14,4.14,4.1,4.1,66280,473.02,20799.0,93.98999786376953,1467.699951171875,1597.5899658203125
2013-05-03,4.11,4.12,4.1,4.11,73320,475.24,20642.0,95.61000061035156,1464.300048828125,1614.4200439453125
2013-05-06,4.14,4.24,4.11,4.24,188450,488.32,20890.0,96.16000366210938,1468.0999755859375,1617.5
2013-05-07,4.21,4.24,4.15,4.15,91010,485.58,20895.0,95.62000274658203,1449.0,1625.9599609375
2013-05-08,4.21,4.22,4.16,4.19,122380,485.07,20582.0,96.62000274658203,1473.9000244140625,1632.68994140625
2013-05-09,4.21,4.21,4.19,4.19,80750,486.22,20822.0,96.38999938964844,1468.800048828125,1626.6700439453125
2013-05-10,4.21,4.21,4.19,4.2,64700,486.1,20635.0,96.04000091552734,1436.800048828125,1633.699951171875
2013-05-13,4.23,4.23,4.2,4.21,60290,488.93,20643.0,95.16999816894531,1434.5,1633.77001953125
2013-05-14,4.21,4.35,4.21,4.25,321880,483.85,20687.0,94.20999908447266,1424.699951171875,1650.3399658203125
2013-05-15,4.29,4.3,4.25,4.3,156680,485.97,20596.0,94.30000305175781,1396.5,1658.780029296875
2013-05-16,4.32,4.32,4.26,4.3,129340,490.34,20596.0,95.16000366210938,1387.0999755859375,1650.469970703125
2013-05-17,4.29,4.3,4.26,4.26,103500,487.6,20711.0,96.0199966430664,1364.9000244140625,1667.469970703125
2013-05-20,4.26,4.41,4.26,4.35,311400,492.27,20845.0,96.70999908447266,1384.300048828125,1666.2900390625
2013-05-21,4.57,4.65,4.44,4.65,1829150,500.18,20558.0,96.16000366210938,1377.800048828125,1669.1600341796875
2013-05-22,4.65,4.67,4.62,4.62,473190,502.23,20674.0,94.27999877929688,1367.5999755859375,1655.3499755859375
2013-05-23,4.57,4.67,4.57,4.62,620980,498.22,20617.0,94.25,1392.0,1650.510009765625
2013-05-24,4.62,4.7,4.61,4.65,325890,500.24,20704.0,94.1500015258789,1386.800048828125,1649.5999755859375
2013-05-27,4.8,4.82,4.73,4.74,364260,512.41,20703.0,94.1500015258789,1386.800048828125,1649.5999755859375
2013-05-28,4.76,4.8,4.74,4.77,330890,516.33,20805.0,95.01000213623047,1379.0999755859375,1660.06005859375
2013-05-29,4.82,4.92,4.78,4.87,495190,515.09,20685.0,93.12999725341797,1391.300048828125,1648.3599853515625
2013-05-30,4.85,4.87,4.82,4.86,294550,521.45,20850.0,93.61000061035156,1411.5,1654.4100341796875
2013-05-31,4.87,5.04,4.87,4.93,580620,518.39,20699.0,91.97000122070312,1392.5999755859375,1630.739990234375
2013-06-03,4.93,4.97,4.88,4.91,312910,517.03,20604.0,93.44999694824219,1411.699951171875,1640.4200439453125
2013-06-04,4.91,5.05,4.91,4.95,721910,510.69,20706.0,93.30999755859375,1397.0999755859375,1631.3800048828125
2013-06-05,4.98,5.04,4.98,5.01,114490,514.64,20865.0,93.73999786376953,1398.4000244140625,1608.9000244140625
2013-06-06,4.95,5.06,4.95,5.06,189030,520.9,20501.0,94.76000213623047,1415.699951171875,1622.56005859375
2013-06-07,5.08,5.09,4.98,5.04,145200,527.97,20765.0,96.02999877929688,1383.0,1643.3800048828125
2013-06-10,5.09,5.09,5.04,5.05,256220,524.56,20850.0,95.7699966430664,1386.199951171875,1642.81005859375
2013-06-11,5.05,5.05,4.98,5.01,235030,521.95,20665.0,95.37999725341797,1377.0,1626.1300048828125
2013-06-12,4.98,5.01,4.95,4.98,194000,518.24,20631.0,95.87999725341797,1391.800048828125,1612.52001953125
2013-06-13,4.95,4.98,4.93,4.95,413530,515.09,20673.0,96.69000244140625,1377.5999755859375,1636.3599853515625
2013-06-14,4.97,4.97,4.9,4.9,257590,509.03,20663.0,97.8499984741211,1387.300048828125,1626.72998046875
2013-06-17,4.93,4.93,4.78,4.78,245350,498.52,20698.0,97.7699966430664,1382.800048828125,1639.0400390625
2013-06-18,4.78,4.78,4.72,4.75,179510,498.88,20714.0,98.44000244140625,1366.5999755859375,1651.81005859375
2013-06-19,4.76,4.81,4.74,4.76,105860,503.37,20894.0,98.23999786376953,1373.5999755859375,1628.9300537109375
2013-06-20,4.78,4.78,4.73,4.74,144390,499.51,20691.0,95.4000015258789,1285.9000244140625,1588.18994140625
2013-06-21,4.72,4.73,4.65,4.73,249940,498.84,20876.0,93.69000244140625,1291.5999755859375,1592.4300537109375
2013-06-24,4.73,4.73,4.67,4.71,157140,489.74,20705.0,95.18000030517578,1276.800048828125,1573.0899658203125
2013-06-25,4.67,4.7,4.54,4.59,668790,473.02,20807.0,95.31999969482422,1274.800048828125,1588.030029296875
2013-06-26,4.55,4.61,4.55,4.6,171080,473.53,20745.0,95.5,1229.5999755859375,1603.260009765625
2013-06-27,4.63,4.64,4.59,4.61,171250,482.95,20680.0,97.05000305175781,1211.4000244140625,1613.199951171875
2013-06-28,4.71,4.71,4.63,4.63,113820,481.13,20992.0,96.55999755859375,1223.800048828125,1606.280029296875
2013-07-01,4.66,4.66,4.61,4.65,42960,480.04,20836.0,97.98999786376953,1255.9000244140625,1614.9599609375
2013-07-02,4.66,4.74,4.65,4.7,82370,489.84,20958.0,99.5999984741211,1243.5999755859375,1614.0799560546875
2013-07-03,4.72,4.72,4.67,4.72,144550,487.35,21155.0,101.23999786376953,1252.0999755859375,1615.4100341796875
2013-07-04,4.73,4.87,4.72,4.81,526820,487.22,21072.0,101.23999786376953,1252.0999755859375,1615.4100341796875
2013-07-05,4.81,4.84,4.77,4.83,193730,485.66,21015.0,103.22000122070312,1212.9000244140625,1631.8900146484375
2013-07-08,4.84,4.84,4.76,4.76,112140,482.77,21015.0,103.13999938964844,1234.9000244140625,1640.4599609375
2013-07-09,4.76,4.76,4.67,4.72,88920,485.5,21057.0,103.52999877929688,1245.9000244140625,1652.3199462890625
2013-07-10,4.72,4.73,4.68,4.71,42560,484.43,20662.0,106.5199966430664,1247.4000244140625,1652.6199951171875
2013-07-11,4.72,4.72,4.67,4.7,108660,484.47,20867.0,104.91000366210938,1280.0999755859375,1675.02001953125
2013-07-12,4.68,4.76,4.68,4.76,102160,493.99,20875.0,105.94999694824219,1277.800048828125,1680.18994140625
2013-07-15,4.8,4.8,4.73,4.77,75830,494.1,21090.0,106.31999969482422,1283.800048828125,1682.5
2013-07-16,4.8,4.86,4.77,4.83,107880,496.22,21090.0,106.0,1290.800048828125,1676.260009765625
2013-07-17,4.87,4.87,4.84,4.84,145010,497.5,21090.0,106.4800033569336,1277.9000244140625,1680.9100341796875
2013-07-18,4.84,4.87,4.8,4.8,65160,496.84,21090.0,108.04000091552734,1284.5999755859375,1689.3699951171875
2013-07-19,4.84,4.86,4.8,4.86,113860,503.76,21190.0,108.05000305175781,1293.300048828125,1692.0899658203125
2013-07-22,4.91,4.91,4.82,4.86,66820,506.16,21200.0,106.91000366210938,1336.4000244140625,1695.530029296875
2013-07-23,4.86,4.86,4.82,4.83,95720,504.29,21090.0,107.2300033569336,1335.0999755859375,1692.3900146484375
2013-07-24,4.78,4.81,4.76,4.76,239630,494.18,21090.0,105.38999938964844,1319.699951171875,1685.93994140625
2013-07-25,4.81,4.84,4.76,4.81,107830,491.78,21090.0,105.48999786376953,1329.0,1690.25
2013-07-26,4.83,4.83,4.74,4.75,58250,493.93,21090.0,104.69999694824219,1321.699951171875,1691.6500244140625
2013-07-29,4.75,4.75,4.65,4.67,179400,485.69,21090.0,104.55000305175781,1328.4000244140625,1685.3299560546875
2013-07-30,4.66,4.76,4.65,4.76,90410,488.54,21090.0,103.08000183105469,1324.0,1685.9599609375
2013-07-31,4.8,4.8,4.73,4.76,83540,491.85,21090.0,105.02999877929688,1312.4000244140625,1685.72998046875
2013-08-01,4.76,4.77,4.75,4.75,77340,492.43,21090.0,107.88999938964844,1311.0,1706.8699951171875
2013-08-02,4.8,4.81,4.77,4.78,77930,494.66,21075.0,106.94000244140625,1310.5999755859375,1709.6700439453125
2013-08-05,4.8,5.03,4.8,4.93,564080,493.66,21090.0,106.55999755859375,1302.5999755859375,1707.1400146484375
2013-08-06,4.93,5.02,4.93,5.01,475480,496.56,21090.0,105.30000305175781,1283.199951171875,1697.3699951171875
2013-08-07,5.04,5.17,5.02,5.13,826400,500.1,21090.0,104.37000274658203,1286.0999755859375,1690.9100341796875
2013-08-08,5.13,5.13,5.01,5.01,363680,498.22,21090.0,103.4000015258789,1310.699951171875,1697.47998046875
2013-08-09,5.01,5.05,4.99,5.05,204960,500.62,21090.0,105.97000122070312,1312.9000244140625,1691.4200439453125
2013-08-12,5.07,5.07,5.01,5.03,199710,499.46,21090.0,106.11000061035156,1334.699951171875,1689.469970703125
2013-08-13,5.03,5.08,5.01,5.04,426440,497.73,21090.0,106.83000183105469,1321.199951171875,1694.1600341796875
2013-08-14,5.04,5.06,5.02,5.06,198010,503.57,21090.0,106.8499984741211,1334.0,1685.3900146484375
2013-08-15,5.19,5.29,5.14,5.24,805360,508.22,21090.0,107.33000183105469,1361.5999755859375,1661.3199462890625
2013-08-16,5.23,5.27,5.18,5.27,320220,507.79,21090.0,107.45999908447266,1371.699951171875,1655.8299560546875
2013-08-19,5.27,5.45,5.26,5.39,538180,511.02,21090.0,107.0999984741211,1366.199951171875,1646.06005859375
2013-08-20,5.38,5.39,5.31,5.36,448010,504.81,21090.0,104.97000122070312,1373.0999755859375,1652.3499755859375
2013-08-21,5.36,5.36,5.15,5.31,472880,502.7,21090.0,103.8499984741211,1370.5999755859375,1642.800048828125
2013-08-22,5.31,5.31,5.16,5.2,373950,496.12,21090.0,105.02999877929688,1371.199951171875,1656.9599609375
2013-08-23,5.21,5.22,5.1,5.12,440450,486.82,21090.0,106.41999816894531,1395.699951171875,1663.5
2013-08-26,5.11,5.13,5.04,5.11,199040,490.54,21090.0,105.91999816894531,1393.0,1656.780029296875
2013-08-27,5.14,5.14,5.06,5.08,122680,485.57,21090.0,109.01000213623047,1420.5999755859375,1630.47998046875
2013-08-28,5.02,5.04,4.83,4.9,433180,473.3,21090.0,110.0999984741211,1419.0,1634.9599609375
2013-08-29,4.88,4.98,4.88,4.88,139290,468.55,21090.0,108.80000305175781,1412.9000244140625,1638.1700439453125
2013-08-30,4.92,4.95,4.87,4.94,229370,472.7,21090.0,107.6500015258789,1396.0999755859375,1632.969970703125
2013-09-03,5.0,5.0,4.9,4.9,58660,472.17,21090.0,108.54000091552734,1412.0,1639.77001953125
2013-09-04,4.94,4.96,4.88,4.91,255430,471.45,21090.0,107.2300033569336,1389.9000244140625,1653.0799560546875
2013-09-05,4.95,5.02,4.9,5.0,241450,477.57,21090.0,108.37000274658203,1373.0999755859375,1655.0799560546875
2013-09-06,5.03,5.14,4.99,5.07,265600,480.03,20735.0,110.52999877929688,1386.699951171875,1655.1700439453125
2013-09-09,5.07,5.07,4.91,4.95,136590,470.16,21090.0,109.5199966430664,1386.800048828125,1671.7099609375
2013-09-10,4.95,5.03,4.95,4.98,61870,474.53,21090.0,107.38999938964844,1364.0999755859375,1683.989990234375
2013-09-11,5.03,5.07,4.96,4.96,232820,476.4,21090.0,107.55999755859375,1363.9000244140625,1689.1300048828125
2013-09-12,4.94,4.99,4.92,4.92,192520,475.59,21090.0,108.5999984741211,1330.4000244140625,1683.4200439453125
2013-09-13,4.9,4.96,4.9,4.9,109090,476.42,21090.0,108.20999908447266,1308.4000244140625,1687.989990234375
2013-09-16,4.91,4.92,4.88,4.89,171720,475.57,21090.0,106.58999633789062,1317.9000244140625,1697.5999755859375
2013-09-17,4.91,4.96,4.88,4.91,158300,477.73,21090.0,105.41999816894531,1309.5,1704.760009765625
2013-09-18,4.96,5.02,4.92,4.96,206220,474.26,21090.0,108.06999969482422,1307.800048828125,1725.52001953125
2013-09-19,4.99,5.03,4.97,4.97,137210,476.09,21090.0,106.38999938964844,1369.4000244140625,1722.3399658203125
2013-09-20,4.97,5.0,4.97,4.98,44400,477.19,21090.0,104.68000030517578,1332.5,1709.9100341796875
2013-09-23,4.98,5.1,4.98,5.08,322410,479.09,21090.0,103.58999633789062,1326.9000244140625,1701.8399658203125
2013-09-24,5.1,5.22,5.1,5.18,335390,482.82,21090.0,103.12999725341797,1316.0,1697.4200439453125
2013-09-25,5.19,5.2,5.11,5.13,252640,486.22,21090.0,102.66000366210938,1335.9000244140625,1692.77001953125
2013-09-26,5.13,5.18,5.1,5.18,179940,485.11,21090.0,103.02999877929688,1323.5999755859375,1698.6700439453125
2013-09-27,5.19,5.19,5.11,5.15,134960,486.61,21090.0,102.87000274658203,1338.4000244140625,1691.75
2013-09-30,5.2,5.2,5.14,5.16,191710,492.63,21090.0,102.33000183105469,1326.5,1681.550048828125
2013-10-01,5.14,5.19,5.13,5.13,309650,492.24,21090.0,102.04000091552734,1286.0,1695.0
2013-10-02,5.13,5.18,5.13,5.16,125270,494.39,21090.0,104.0999984741211,1320.5999755859375,1693.8699951171875
2013-10-03,5.16,5.16,5.12,5.13,180150,492.3,21090.0,103.30999755859375,1317.4000244140625,1678.6600341796875
2013-10-04,5.15,5.24,5.13,5.22,435780,497.5,21075.0,103.83999633789062,1309.699951171875,1690.5
2013-10-07,5.21,5.3,5.21,5.28,244840,500.47,21090.0,103.02999877929688,1324.800048828125,1676.1199951171875
2013-10-08,5.28,5.28,5.22,5.26,150880,502.22,21090.0,103.48999786376953,1324.199951171875,1655.449951171875
2013-10-09,5.26,5.28,5.22,5.23,203180,500.67,21090.0,101.61000061035156,1306.9000244140625,1656.4000244140625
2013-10-10,5.22,5.24,5.16,5.16,259470,494.81,21090.0,103.01000213623047,1296.5999755859375,1692.56005859375
2013-10-11,5.19,5.21,5.14,5.15,194600,494.53,21055.0,102.0199966430664,1268.0,1703.199951171875
2013-10-14,5.16,5.16,5.12,5.14,164050,493.62,21090.0,102.41000366210938,1276.4000244140625,1710.1400146484375
2013-10-15,5.16,5.21,5.15,5.21,147540,495.72,21055.0,101.20999908447266,1273.0,1698.06005859375
2013-10-16,5.23,5.23,5.19,5.23,361750,498.96,21090.0,102.29000091552734,1282.0,1721.5400390625
2013-10-17,5.28,5.31,5.23,5.26,413030,499.59,21055.0,100.66999816894531,1322.699951171875,1733.1500244140625
2013-10-18,5.27,5.36,5.27,5.29,470030,500.83,21090.0,100.80999755859375,1314.4000244140625,1744.5
2013-10-21,5.29,5.34,5.28,5.29,357910,501.57,21090.0,99.22000122070312,1315.699951171875,1744.6600341796875
2013-10-22,5.26,5.29,5.26,5.27,213510,500.57,21090.0,97.80000305175781,1342.5,1754.6700439453125
2013-10-23,5.24,5.29,5.24,5.29,228910,504.05,21090.0,96.86000061035156,1333.9000244140625,1746.3800048828125
2013-10-24,5.27,5.32,5.27,5.27,257910,501.17,21090.0,97.11000061035156,1350.199951171875,1752.0699462890625
2013-10-25,5.26,5.27,5.21,5.22,257460,500.75,21090.0,97.8499984741211,1352.4000244140625,1759.77001953125
2013-10-28,5.27,5.27,5.2,5.2,90570,496.46,21090.0,98.68000030517578,1352.0,1762.1099853515625
2013-10-29,5.18,5.23,5.18,5.22,118960,497.08,21090.0,98.19999694824219,1345.199951171875,1771.949951171875
2013-10-30,5.22,5.3,5.22,5.27,251170,499.07,21090.0,96.7699966430664,1349.0,1763.31005859375
2013-10-31,5.28,5.28,5.24,5.24,136460,497.41,21090.0,96.37999725341797,1323.5999755859375,1756.5400390625
2013-11-01,5.27,5.27,5.24,5.27,124810,497.08,21090.0,94.61000061035156,1313.0999755859375,1761.6400146484375
2013-11-04,5.28,5.28,5.24,5.27,55500,497.07,21090.0,94.62000274658203,1314.5999755859375,1767.9300537109375
2013-11-05,5.27,5.27,5.26,5.26,170070,499.79,21090.0,93.37000274658203,1308.0,1762.969970703125
2013-11-06,5.27,5.28,5.26,5.28,147130,502.52,21090.0,94.80000305175781,1317.699951171875,1770.489990234375
2013-11-07,5.27,5.28,5.24,5.24,205880,499.86,21090.0,94.19999694824219,1308.4000244140625,1747.1500244140625
2013-11-08,5.24,5.27,5.24,5.27,142130,498.61,21090.0,94.5999984741211,1284.5,1770.6099853515625
2013-11-11,5.28,5.29,5.26,5.28,147110,501.08,21090.0,95.13999938964844,1281.0,1771.8900146484375
2013-11-12,5.28,5.34,5.28,5.3,277180,497.65,21090.0,93.04000091552734,1271.0999755859375,1767.68994140625
2013-11-13,5.32,5.32,5.28,5.29,77830,496.12,21090.0,93.87999725341797,1268.300048828125,1782.0
2013-11-14,5.3,5.32,5.29,5.3,108680,497.85,21090.0,93.76000213623047,1286.199951171875,1790.6199951171875
2013-11-15,5.32,5.46,5.32,5.45,707550,501.34,20728.0,93.83999633789062,1287.300048828125,1798.1800537109375
2013-11-18,5.5,5.56,5.48,5.51,518370,506.48,21090.0,93.02999877929688,1272.199951171875,1791.530029296875
2013-11-19,5.52,5.54,5.5,5.53,314080,504.71,21090.0,93.33999633789062,1273.4000244140625,1787.8699951171875
2013-11-20,5.53,5.53,5.46,5.51,273870,505.52,21090.0,93.33000183105469,1257.9000244140625,1781.3699951171875
2013-11-21,5.52,5.73,5.5,5.5,472460,503.54,21090.0,95.44000244140625,1243.5,1795.8499755859375
2013-11-22,5.52,5.56,5.48,5.55,175950,505.64,21090.0,94.83999633789062,1244.0,1804.760009765625
2013-11-25,5.56,5.59,5.53,5.56,447070,506.46,21090.0,94.08999633789062,1241.0999755859375,1802.47998046875
2013-11-26,5.55,5.58,5.53,5.56,279960,509.16,21090.0,93.68000030517578,1241.4000244140625,1802.75
2013-11-27,5.58,5.59,5.53,5.56,204670,508.43,21090.0,92.30000305175781,1237.800048828125,1807.22998046875
2013-11-28,5.54,5.58,5.54,5.54,153520,507.71,21090.0,92.30000305175781,1237.800048828125,1807.22998046875
2013-11-29,5.53,5.55,5.51,5.51,190290,507.78,21090.0,92.72000122070312,1250.5999755859375,1805.81005859375
2013-12-02,5.53,5.54,5.5,5.53,287190,508.53,21090.0,93.81999969482422,1222.300048828125,1800.9000244140625
2013-12-03,5.51,5.67,5.5,5.59,1303680,511.62,21090.0,96.04000091552734,1221.699951171875,1795.1500244140625
2013-12-04,5.62,5.62,5.58,5.59,464680,510.88,21070.0,97.19999694824219,1248.199951171875,1792.81005859375
2013-12-05,5.59,5.59,5.51,5.51,712960,510.03,21070.0,97.37999725341797,1233.199951171875,1785.030029296875
2013-12-06,5.51,5.52,5.46,5.5,509580,510.12,21070.0,97.6500015258789,1230.300048828125,1805.0899658203125
2013-12-09,5.5,5.5,5.44,5.44,376760,511.23,21050.0,97.33999633789062,1235.300048828125,1808.3699951171875
2013-12-10,5.44,5.44,5.39,5.4,364830,511.6,21060.0,98.51000213623047,1262.4000244140625,1802.6199951171875
2013-12-11,5.4,5.4,5.32,5.36,328330,505.31,21055.0,97.44000244140625,1258.5,1782.219970703125
2013-12-12,5.36,5.36,5.31,5.36,332300,506.92,21063.0,97.5,1226.0,1775.5
2013-12-13,5.39,5.44,5.38,5.4,191610,506.06,21065.0,96.5999984741211,1235.699951171875,1775.3199462890625
2013-12-16,5.4,5.42,5.38,5.4,106870,502.04,21065.0,97.4800033569336,1245.5,1786.5400390625
2013-12-17,5.4,5.43,5.39,5.4,118230,505.67,21066.0,97.22000122070312,1231.199951171875,1781.0
2013-12-18,5.43,5.43,5.38,5.42,127750,505.25,21065.0,97.80000305175781,1236.0999755859375,1810.6500244140625
2013-12-19,5.42,5.44,5.4,5.42,222690,506.28,21060.0,98.7699966430664,1195.0,1809.5999755859375
2013-12-20,5.44,5.44,5.38,5.38,169680,504.45,21065.0,99.31999969482422,1205.0999755859375,1818.3199462890625
2013-12-23,5.38,5.44,5.38,5.4,132970,508.68,21060.0,98.91000366210938,1198.4000244140625,1827.989990234375
2013-12-24,5.39,5.4,5.37,5.37,219700,505.62,21051.0,99.22000122070312,1205.0999755859375,1833.3199462890625
2013-12-25,5.38,5.38,5.36,5.36,315920,504.42,21060.0,99.22000122070312,1205.0999755859375,1833.3199462890625
2013-12-26,5.36,5.43,5.36,5.39,443380,506.55,21055.0,99.55000305175781,1214.0999755859375,1842.02001953125
2013-12-27,5.4,5.43,5.39,5.39,185110,506.41,21055.0,100.31999969482422,1216.0999755859375,1841.4000244140625
2013-12-30,5.43,5.43,5.35,5.35,365750,500.35,21055.0,99.29000091552734,1203.0999755859375,1841.0699462890625
2013-12-31,5.37,5.5,5.32,5.39,602000,504.63,21055.0,98.41999816894531,1201.9000244140625,1848.3599853515625
2014-01-02,5.45,5.47,5.4,5.43,207470,504.51,21055.0,95.44000244140625,1225.0,1831.97998046875
2014-01-03,5.42,5.43,5.38,5.42,165110,505.37,21050.0,93.95999908447266,1238.4000244140625,1831.3699951171875
2014-01-06,5.42,5.5,5.38,5.5,301670,509.1,21050.0,93.43000030517578,1237.800048828125,1826.77001953125
2014-01-07,5.5,5.5,5.44,5.44,290990,510.12,21045.0,93.66999816894531,1229.4000244140625,1837.8800048828125
2014-01-08,5.43,5.5,5.43,5.47,129600,513.9,21041.0,92.33000183105469,1225.300048828125,1837.489990234375
2014-01-09,5.46,5.54,5.46,5.54,317250,516.98,21050.0,91.66000366210938,1229.300048828125,1838.1300048828125
2014-01-10,5.55,5.67,5.55,5.58,704840,518.94,21050.0,92.72000122070312,1246.699951171875,1842.3699951171875
2014-01-13,5.61,5.66,5.58,5.62,773230,521.11,21040.0,91.80000305175781,1250.9000244140625,1819.199951171875
2014-01-14,5.62,5.71,5.61,5.63,757320,522.31,21040.0,92.58999633789062,1245.199951171875,1838.8800048828125
2014-01-15,5.68,5.9,5.67,5.73,1440070,526.68,21041.0,94.16999816894531,1238.0999755859375,1848.3800048828125
2014-01-16,5.84,5.84,5.73,5.78,915150,533.54,21045.0,93.95999908447266,1240.0,1845.8900146484375
2014-01-17,5.84,6.01,5.78,5.9,1192920,543.59,21050.0,94.37000274658203,1251.699951171875,1838.699951171875
2014-01-20,5.9,6.13,5.9,5.95,883960,553.67,20790.0,94.37000274658203,1251.699951171875,1838.699951171875
2014-01-21,5.95,6.07,5.9,6.07,647850,559.91,21045.0,94.98999786376953,1242.300048828125,1843.800048828125
2014-01-22,6.13,6.18,5.95,6.07,650280,551.92,21040.0,96.7300033569336,1239.0,1844.8599853515625
2014-01-23,6.07,6.24,6.01,6.24,476170,553.55,21035.0,97.31999969482422,1262.5999755859375,1828.4599609375
2014-01-24,6.3,6.47,6.18,6.41,836990,560.19,21030.0,96.63999938964844,1264.5,1790.2900390625
2014-01-27,6.41,6.47,6.3,6.36,613960,556.52,21030.0,95.72000122070312,1263.5999755859375,1781.56005859375
2014-02-06,6.3,6.36,6.13,6.24,538550,554.68,21035.0,97.83999633789062,1257.5999755859375,1773.4300537109375
2014-02-07,6.24,6.3,6.13,6.13,753990,549.76,21065.0,99.87999725341797,1263.300048828125,1797.02001953125
2014-02-10,6.18,6.41,6.07,6.36,611330,555.9,21055.0,100.05999755859375,1274.800048828125,1799.8399658203125
2014-02-11,6.41,6.47,6.24,6.3,1257350,553.9,21065.0,99.94000244140625,1290.0999755859375,1819.75
2014-02-12,6.36,6.53,6.36,6.53,978110,564.25,21060.0,100.37000274658203,1295.300048828125,1819.260009765625
2014-02-13,6.53,6.58,6.41,6.53,621020,570.18,20791.0,100.3499984741211,1300.4000244140625,1829.8299560546875
2014-02-14,6.53,6.58,6.41,6.47,540290,572.22,21060.0,100.30000305175781,1319.0,1838.6300048828125
2014-02-17,6.41,6.53,6.36,6.41,359620,570.2,20822.0,100.30000305175781,1319.0,1838.6300048828125
2014-02-18,6.41,6.53,6.36,6.53,505020,574.56,21055.0,102.43000030517578,1324.699951171875,1840.760009765625
2014-02-19,6.53,6.76,6.53,6.76,999370,578.12,21055.0,103.30999755859375,1320.5999755859375,1828.75
2014-02-20,6.76,6.87,6.36,6.53,1074480,571.04,21045.0,102.91999816894531,1317.0999755859375,1839.780029296875
2014-02-21,6.53,6.7,6.36,6.64,689100,570.57,21045.0,102.19999694824219,1323.9000244140625,1836.25
2014-02-24,6.64,6.81,6.53,6.81,979350,576.58,21045.0,102.81999969482422,1338.300048828125,1847.6099853515625
2014-02-25,6.7,7.04,6.7,7.04,1577680,586.2,21055.0,101.83000183105469,1343.0,1845.1199951171875
2014-02-26,7.1,7.39,7.04,7.39,2226350,589.81,21055.0,102.58999633789062,1328.199951171875,1845.1600341796875
2014-02-27,7.33,7.44,7.21,7.21,1165490,584.79,21050.0,102.4000015258789,1331.5999755859375,1854.2900390625
2014-02-28,7.21,7.33,7.1,7.33,1111220,586.48,21050.0,102.58999633789062,1321.4000244140625,1859.449951171875
2014-03-03,7.27,7.33,6.98,7.04,1112540,573.38,21055.0,104.91999816894531,1350.0999755859375,1845.72998046875
2014-03-04,6.98,7.04,6.87,6.98,962100,569.97,21050.0,103.33000183105469,1337.800048828125,1873.9100341796875
2014-03-05,7.1,7.16,6.98,7.1,611560,574.94,21055.0,101.44999694824219,1340.199951171875,1873.81005859375
2014-03-06,7.1,7.21,7.04,7.16,706070,578.56,21050.0,101.55999755859375,1351.699951171875,1877.030029296875
2014-03-07,7.16,7.27,7.04,7.21,1032190,579.75,21055.0,102.58000183105469,1338.0999755859375,1878.0400390625
2014-03-10,7.21,7.27,7.16,7.27,505430,583.69,21055.0,101.12000274658203,1341.4000244140625,1877.1700439453125
2014-03-11,7.27,7.73,7.16,7.67,2154020,588.5,21055.0,100.02999877929688,1346.5,1867.6300048828125
2014-03-12,7.96,8.02,7.73,7.73,1966080,590.02,21050.0,97.98999786376953,1370.300048828125,1868.199951171875
2014-03-13,7.79,7.84,7.73,7.79,906880,595.22,21055.0,98.19999694824219,1372.199951171875,1846.3399658203125
2014-03-14,7.79,7.84,7.67,7.73,1435730,596.83,21050.0,98.88999938964844,1379.0,1841.1300048828125
2014-03-17,7.84,7.84,7.73,7.73,960750,600.36,21045.0,98.08000183105469,1372.9000244140625,1858.8299560546875
2014-03-18,7.73,8.24,7.67,8.13,2210540,599.85,21045.0,99.69999694824219,1359.0,1872.25
2014-03-19,8.19,8.36,8.19,8.24,567100,605.59,21040.0,100.37000274658203,1341.4000244140625,1860.77001953125
2014-03-20,8.24,8.3,8.07,8.13,993620,600.26,21040.0,99.43000030517578,1330.5,1872.010009765625
2014-03-21,8.13,8.3,8.07,8.19,963090,601.75,21038.0,99.45999908447266,1336.0,1866.52001953125
2014-03-24,8.13,8.24,8.13,8.13,719940,607.55,21050.0,99.5999984741211,1311.199951171875,1857.43994140625
2014-03-25,8.13,8.19,7.96,7.96,1139950,601.85,21045.0,99.19000244140625,1311.4000244140625,1865.6199951171875
2014-03-26,8.02,8.07,7.73,7.79,1658730,588.06,21040.0,100.26000213623047,1303.4000244140625,1852.56005859375
2014-03-27,7.79,7.84,7.67,7.79,944990,590.14,21040.0,101.27999877929688,1294.699951171875,1849.0400390625
2014-03-28,7.9,8.13,7.84,8.07,994670,594.29,21045.0,101.66999816894531,1293.800048828125,1857.6199951171875
2014-03-31,8.24,8.24,7.96,8.02,860380,591.57,21048.0,101.58000183105469,1283.4000244140625,1872.3399658203125
2014-04-01,8.02,8.02,7.79,7.9,737670,583.85,21040.0,99.73999786376953,1279.5999755859375,1885.52001953125
2014-04-02,7.9,8.02,7.61,7.79,1636330,581.67,20805.0,99.62000274658203,1290.5,1890.9000244140625
2014-04-03,7.84,7.9,7.73,7.84,590550,589.44,21040.0,100.29000091552734,1284.4000244140625,1888.77001953125
2014-04-04,7.84,7.9,7.73,7.79,830330,593.04,21045.0,101.13999938964844,1303.199951171875,1865.0899658203125
2014-04-07,7.84,8.02,7.79,7.96,1118980,600.57,21045.0,100.44000244140625,1298.0,1845.0400390625
2014-04-08,8.02,8.19,8.02,8.07,1878400,603.25,21045.0,102.55999755859375,1308.699951171875,1851.9599609375
2014-04-10,8.13,8.13,8.02,8.02,912440,601.33,21045.0,103.4000015258789,1320.0999755859375,1833.0799560546875
2014-04-11,7.96,8.13,7.96,8.07,924700,600.57,21040.0,103.73999786376953,1318.699951171875,1815.68994140625
2014-04-14,8.13,8.3,8.07,8.19,1720820,596.11,21040.0,104.05000305175781,1327.199951171875,1830.6099853515625
2014-04-15,8.19,8.24,8.02,8.07,1217060,586.09,21047.0,103.75,1300.0,1842.97998046875
2014-04-16,8.02,8.07,7.79,7.9,1456070,574.29,21047.0,103.76000213623047,1303.0999755859375,1862.31005859375
2014-04-17,7.96,8.02,7.84,8.02,818960,580.31,21075.0,104.30000305175781,1293.4000244140625,1864.8499755859375
2014-04-18,8.02,8.02,7.73,7.73,1033560,565.33,21040.0,104.30000305175781,1293.4000244140625,1864.8499755859375
2014-04-21,7.67,7.73,7.44,7.44,1218760,558.14,21040.0,104.37000274658203,1288.0,1871.8900146484375
2014-04-22,7.5,7.67,7.33,7.67,1077740,569.87,21045.0,102.12999725341797,1280.5999755859375,1879.550048828125
2014-04-23,7.67,7.73,7.44,7.5,692970,569.36,21063.0,101.44000244140625,1284.199951171875,1875.3900146484375
2014-04-24,7.5,7.67,7.39,7.5,1121510,570.46,21075.0,101.94000244140625,1290.5,1878.6099853515625
2014-04-25,7.5,7.79,7.5,7.73,1127330,578.92,21077.0,100.5999984741211,1300.699951171875,1863.4000244140625
2014-04-28,7.79,7.9,7.73,7.84,917950,573.1,21061.0,100.83999633789062,1298.9000244140625,1869.4300537109375
2014-04-29,7.79,7.84,7.73,7.84,496380,578.0,21061.0,101.27999877929688,1296.0,1878.3299560546875
2014-05-05,7.9,7.9,7.56,7.56,1120840,564.85,21035.0,99.4800033569336,1309.0,1884.6600341796875
2014-05-06,7.5,7.61,7.21,7.44,1567890,555.11,21035.0,99.5,1308.300048828125,1867.719970703125
2014-05-07,7.62,7.69,7.4,7.47,1115910,559.97,21060.0,100.7699966430664,1288.5999755859375,1878.2099609375
2014-05-08,7.22,7.22,6.96,6.96,1858320,527.09,21061.0,100.26000213623047,1287.4000244140625,1875.6300048828125
2014-05-09,6.74,6.96,6.56,6.78,1193120,542.46,21061.0,99.98999786376953,1287.300048828125,1878.47998046875
2014-05-12,6.58,6.58,6.32,6.32,1232320,517.05,21060.0,100.58999633789062,1295.5999755859375,1896.6500244140625
2014-05-13,5.9,6.21,5.88,5.98,2150110,513.91,21050.0,101.69999694824219,1294.5999755859375,1897.449951171875
2014-05-14,5.95,6.36,5.95,6.33,952710,529.53,21055.0,102.37000274658203,1305.699951171875,1888.530029296875
2014-05-15,6.37,6.53,5.9,6.08,1266670,524.05,21055.0,101.5,1293.5,1870.8499755859375
2014-05-16,6.08,6.45,6.07,6.45,1085770,529.49,21056.0,102.0199966430664,1293.300048828125,1877.8599853515625
2014-05-19,6.46,6.56,6.3,6.45,901880,533.04,21050.0,102.61000061035156,1293.699951171875,1885.0799560546875
2014-05-20,6.43,6.51,6.33,6.51,1072290,537.52,21057.0,102.44000244140625,1294.5,1872.8299560546875
2014-05-21,6.51,6.8,6.45,6.77,1296900,543.88,21050.0,104.06999969482422,1288.0,1888.030029296875
2014-05-22,6.77,6.8,6.68,6.71,1277180,541.73,21050.0,103.73999786376953,1294.9000244140625,1892.489990234375
2014-05-23,6.67,6.77,6.61,6.65,533720,541.49,21040.0,104.3499984741211,1291.5999755859375,1900.530029296875
2014-05-26,6.59,6.65,6.53,6.62,686760,544.06,20851.0,104.3499984741211,1291.5999755859375,1900.530029296875
2014-05-27,6.64,6.74,6.61,6.68,891290,552.75,21075.0,104.11000061035156,1265.4000244140625,1911.9100341796875
2014-05-28,6.74,6.81,6.73,6.74,690790,557.34,21095.0,102.72000122070312,1259.300048828125,1909.780029296875
2014-05-29,6.74,6.92,6.73,6.75,940410,558.45,21095.0,103.58000183105469,1256.300048828125,1920.030029296875
2014-05-30,6.75,6.86,6.73,6.77,659030,562.02,21090.0,102.70999908447266,1245.5999755859375,1923.5699462890625
2014-06-02,6.74,6.77,6.62,6.65,558490,556.8,21095.0,102.47000122070312,1243.699951171875,1924.969970703125
2014-06-03,6.62,6.7,6.61,6.62,377900,558.76,21167.0,102.66000366210938,1244.300048828125,1924.239990234375
2014-06-04,6.62,6.64,6.45,6.51,653550,553.46,21175.0,102.63999938964844,1244.0,1927.8800048828125
2014-06-05,6.48,6.51,6.42,6.48,390740,551.1,21175.0,102.4800033569336,1253.0,1940.4599609375
2014-06-06,6.46,6.59,6.46,6.59,355690,559.04,21175.0,102.66000366210938,1252.0999755859375,1949.43994140625
2014-06-09,6.62,6.65,6.55,6.58,563170,565.61,21100.0,104.41000366210938,1253.5,1951.27001953125
2014-06-10,6.53,6.73,6.52,6.58,586890,566.89,21120.0,104.3499984741211,1259.800048828125,1950.7900390625
2014-06-11,6.62,6.81,6.61,6.81,1506620,570.36,21140.0,104.4000015258789,1260.800048828125,1943.8900146484375
2014-06-12,6.89,6.96,6.81,6.9,1051470,573.77,21115.0,106.52999877929688,1273.5999755859375,1930.1099853515625
2014-06-13,6.9,6.92,6.86,6.89,453330,574.48,21135.0,106.91000366210938,1273.699951171875,1936.1600341796875
2014-06-16,6.89,6.89,6.77,6.81,895350,572.37,21145.0,106.9000015258789,1274.9000244140625,1937.780029296875
2014-06-17,6.81,6.89,6.77,6.87,816170,572.25,21175.0,106.36000061035156,1271.699951171875,1941.989990234375
2014-06-18,6.87,6.89,6.83,6.83,391410,570.03,21170.0,105.97000122070312,1272.4000244140625,1956.97998046875
2014-06-19,6.83,6.86,6.62,6.77,1065490,567.35,21247.0,106.43000030517578,1313.699951171875,1959.47998046875
2014-06-20,6.77,6.86,6.75,6.77,279210,560.78,21240.0,107.26000213623047,1316.199951171875,1962.8699951171875
2014-06-23,6.77,6.77,6.71,6.73,208170,565.92,21291.0,106.16999816894531,1318.0,1962.6099853515625
2014-06-24,6.71,6.78,6.7,6.77,314410,569.74,21301.0,106.02999877929688,1320.9000244140625,1949.97998046875
2014-06-25,6.8,6.87,6.78,6.83,535400,572.27,21310.0,106.5,1322.199951171875,1959.530029296875
2014-06-26,6.83,6.86,6.8,6.81,340790,576.4,21325.0,105.83999633789062,1316.0999755859375,1957.219970703125
2014-06-27,6.8,6.95,6.8,6.86,1512800,578.82,21315.0,105.73999786376953,1319.0,1960.9599609375
2014-06-30,6.83,6.89,6.83,6.83,400120,578.13,21201.0,105.37000274658203,1321.800048828125,1960.22998046875
2014-07-01,6.83,6.89,6.83,6.84,595450,578.07,21257.0,105.33999633789062,1326.4000244140625,1973.3199462890625
2014-07-02,6.84,6.89,6.84,6.89,633630,578.8,21285.0,104.4800033569336,1330.699951171875,1974.6199951171875
2014-07-03,6.92,7.09,6.92,7.06,1296890,585.02,21270.0,104.05999755859375,1320.4000244140625,1985.43994140625
2014-07-04,7.11,7.27,7.09,7.25,1789990,589.35,20997.0,104.05999755859375,1320.4000244140625,1985.43994140625
2014-07-07,7.31,7.55,7.31,7.33,1768130,590.69,21250.0,103.52999877929688,1316.5,1977.6500244140625
2014-07-08,7.31,7.4,7.25,7.31,668720,591.47,21255.0,103.4000015258789,1316.0,1963.7099609375
2014-07-09,7.33,7.33,7.25,7.28,682070,591.6,21255.0,102.29000091552734,1323.800048828125,1972.8299560546875
2014-07-10,7.28,7.28,7.09,7.15,1262450,584.88,21205.0,102.93000030517578,1338.699951171875,1964.6800537109375
2014-07-11,7.15,7.15,7.06,7.14,671180,582.77,21155.0,100.83000183105469,1337.0,1967.5699462890625
2014-07-14,7.14,7.27,7.12,7.24,868190,586.23,21150.0,100.91000366210938,1306.300048828125,1977.0999755859375
2014-07-15,7.4,7.47,7.3,7.33,785570,589.31,21155.0,99.95999908447266,1296.9000244140625,1973.280029296875
2014-07-16,7.4,7.47,7.31,7.31,1240280,589.68,21165.0,101.19999694824219,1299.5999755859375,1981.5699462890625
2014-07-17,7.3,7.31,7.21,7.24,836020,590.37,21180.0,103.19000244140625,1316.699951171875,1958.1199951171875
2014-07-18,7.21,7.69,7.21,7.69,3985310,596.26,21175.0,103.12999725341797,1309.199951171875,1978.219970703125
2014-07-21,7.62,7.77,7.4,7.47,1718340,601.04,21155.0,104.58999633789062,1313.699951171875,1973.6300048828125
2014-07-22,7.47,7.77,7.4,7.62,1282720,597.98,21170.0,104.41999816894531,1306.0999755859375,1983.530029296875
2014-07-23,7.55,7.69,7.47,7.55,1050840,597.5,21175.0,103.12000274658203,1304.5,1987.010009765625
2014-07-24,7.55,7.77,7.55,7.69,1516130,602.06,21175.0,102.06999969482422,1290.5999755859375,1987.97998046875
2014-07-25,7.69,7.84,7.55,7.55,1257720,600.14,21170.0,102.08999633789062,1303.0999755859375,1978.3399658203125
2014-07-28,7.47,7.47,7.28,7.33,1675170,589.45,21180.0,101.66999816894531,1303.300048828125,1978.9100341796875
2014-07-29,7.33,7.4,7.25,7.28,938580,592.24,21165.0,100.97000122070312,1298.300048828125,1969.949951171875
2014-07-30,7.28,7.47,7.28,7.31,690950,589.33,21165.0,100.2699966430664,1294.9000244140625,1970.0699462890625
2014-07-31,7.31,7.4,7.28,7.4,705490,596.07,21165.0,98.16999816894531,1281.300048828125,1930.6700439453125
2014-08-01,7.33,7.4,7.28,7.3,725990,593.9,21155.0,97.87999725341797,1293.5999755859375,1925.1500244140625
2014-08-04,7.31,7.4,7.28,7.33,757490,599.04,21125.0,98.29000091552734,1287.699951171875,1938.989990234375
2014-08-05,7.47,7.62,7.47,7.55,1433070,607.73,21150.0,97.37999725341797,1284.0,1920.2099609375
2014-08-06,7.55,7.55,7.4,7.47,973690,606.7,20910.0,96.91999816894531,1306.699951171875,1920.239990234375
2014-08-07,7.47,7.47,7.33,7.4,648290,607.62,20921.0,97.33999633789062,1310.800048828125,1909.5699462890625
2014-08-08,7.47,7.55,7.33,7.4,738670,605.43,20918.0,97.6500015258789,1308.9000244140625,1931.5899658203125
2014-08-11,7.47,7.47,7.33,7.4,640870,602.13,20910.0,98.08000183105469,1308.5,1936.9200439453125
2014-08-12,7.4,7.47,7.33,7.4,634600,601.78,20895.0,97.37000274658203,1308.800048828125,1933.75
2014-08-13,7.47,7.55,7.4,7.55,842940,602.76,20904.0,97.58999633789062,1312.800048828125,1946.719970703125
2014-08-14,7.55,7.62,7.47,7.62,1283060,605.25,20891.0,95.58000183105469,1313.9000244140625,1955.1800537109375
2014-08-15,7.55,7.62,7.47,7.55,828590,604.24,20873.0,97.3499984741211,1304.5,1955.06005859375
2014-08-18,7.55,7.77,7.47,7.69,1735290,605.08,20898.0,96.41000366210938,1297.699951171875,1971.739990234375
2014-08-19,7.69,7.91,7.69,7.77,3127310,604.64,20899.0,94.4800033569336,1295.0999755859375,1981.5999755859375
2014-08-20,7.84,7.84,7.69,7.77,1321660,606.7,20893.0,96.06999969482422,1293.4000244140625,1986.510009765625
2014-08-21,7.77,7.84,7.69,7.69,1643270,612.94,20890.0,93.95999908447266,1273.699951171875,1992.3699951171875
2014-08-22,7.77,7.84,7.69,7.77,1804530,620.14,20895.0,93.6500015258789,1278.5999755859375,1988.4000244140625
2014-08-25,7.84,7.92,7.77,7.84,1798790,625.88,20914.0,93.3499984741211,1277.300048828125,1997.9200439453125
2014-08-26,7.84,8.29,7.77,8.21,3673930,629.06,20904.0,93.86000061035156,1283.800048828125,2000.02001953125
2014-08-27,8.21,8.36,8.06,8.21,1956570,628.77,20872.0,93.87999725341797,1281.9000244140625,2000.1199951171875
2014-08-28,8.21,8.59,8.21,8.51,2505050,632.03,20879.0,94.55000305175781,1288.699951171875,1996.739990234375
2014-08-29,8.51,8.59,8.36,8.59,1498060,636.65,20978.0,95.95999908447266,1285.800048828125,2003.3699951171875
2014-09-03,8.66,8.74,8.44,8.51,1754970,640.75,20915.0,95.54000091552734,1268.9000244140625,2000.719970703125
2014-09-04,8.44,8.51,8.36,8.51,1391520,640.22,21195.0,94.44999694824219,1265.0999755859375,1997.6500244140625
2014-09-05,8.51,8.66,8.51,8.66,2025880,638.65,20892.0,93.29000091552734,1265.800048828125,2007.7099609375
2014-09-08,8.74,8.89,8.66,8.74,2368420,639.85,21170.0,92.66000366210938,1252.699951171875,2001.5400390625
2014-09-09,8.74,8.74,8.14,8.29,3943470,626.92,20814.0,92.75,1246.800048828125,1988.43994140625
2014-09-10,8.29,8.44,8.14,8.36,1663390,628.8,20954.0,91.66999816894531,1243.5,1995.68994140625
2014-09-11,8.36,8.44,8.29,8.29,978400,628.99,20889.0,92.83000183105469,1237.4000244140625,1997.449951171875
2014-09-12,8.36,8.44,8.21,8.36,1274520,632.5,20834.0,92.2699966430664,1229.9000244140625,1985.5400390625
2014-09-15,8.51,8.59,8.29,8.36,1604040,630.34,20864.0,92.91999816894531,1233.5999755859375,1984.1300048828125
2014-09-16,8.36,8.44,8.21,8.36,1634520,627.66,20867.0,94.87999725341797,1235.199951171875,1998.97998046875
2014-09-17,8.51,8.59,8.36,8.44,2089480,625.66,21046.0,94.41999816894531,1234.4000244140625,2001.5699462890625
2014-09-18,8.44,8.44,8.14,8.21,1681870,615.8,20827.0,93.06999969482422,1225.699951171875,2011.3599853515625
2014-09-19,8.21,8.21,8.06,8.06,1499270,613.29,20951.0,92.41000366210938,1215.300048828125,2010.4000244140625
2014-09-22,8.06,8.14,7.92,7.92,1424110,611.93,20895.0,91.5199966430664,1216.800048828125,1994.2900390625
2014-09-23,7.92,8.06,7.84,7.84,1320590,610.39,20970.0,91.55999755859375,1221.0,1982.77001953125
2014-09-24,7.84,7.99,7.77,7.84,1023270,603.59,21007.0,92.80000305175781,1218.5999755859375,1998.300048828125
2014-09-25,7.92,7.99,7.77,7.99,1111670,605.1,20863.0,92.52999877929688,1221.199951171875,1965.989990234375
2014-09-26,7.99,7.99,7.84,7.84,765550,604.98,21003.0,93.54000091552734,1214.0999755859375,1982.8499755859375
2014-09-29,7.84,7.92,7.77,7.77,683300,599.78,20901.0,94.56999969482422,1217.5,1977.800048828125
2014-09-30,7.77,7.92,7.69,7.77,908550,598.8,20850.0,91.16000366210938,1210.5,1972.2900390625
2014-10-01,7.84,8.06,7.84,7.99,771760,609.27,20888.0,90.7300033569336,1214.5999755859375,1946.1600341796875
2014-10-02,7.99,8.06,7.92,8.06,718170,612.66,20937.0,91.01000213623047,1214.199951171875,1946.1700439453125
2014-10-03,7.99,8.06,7.92,7.99,780160,611.55,21139.0,89.73999786376953,1192.199951171875,1967.9000244140625
2014-10-06,7.99,8.06,7.92,7.99,571810,614.42,20788.0,90.33999633789062,1206.699951171875,1964.8199462890625
2014-10-07,7.99,8.06,7.92,7.99,844760,614.08,20843.0,88.8499984741211,1211.699951171875,1935.0999755859375
2014-10-08,7.99,7.99,7.84,7.92,605320,617.26,20944.0,87.30999755859375,1205.300048828125,1968.8900146484375
2014-10-09,7.99,7.99,7.84,7.84,801580,624.34,21021.0,85.7699966430664,1224.5999755859375,1928.2099609375
2014-10-10,7.84,7.92,7.69,7.77,996930,617.72,20972.0,85.81999969482422,1221.0,1906.1300048828125
2014-10-13,7.77,7.99,7.77,7.99,452140,614.22,20803.0,85.73999786376953,1229.300048828125,1874.739990234375
2014-10-14,7.99,7.99,7.77,7.77,361650,605.79,20899.0,81.83999633789062,1233.5999755859375,1877.699951171875
2014-10-15,7.69,7.84,7.62,7.77,814130,604.29,20630.0,81.77999877929688,1244.0999755859375,1862.489990234375
2014-10-16,7.69,7.69,7.39,7.42,1592280,587.17,20829.0,82.69999694824219,1240.5,1862.760009765625
2014-10-17,7.45,7.54,7.32,7.54,875080,585.28,20929.0,82.75,1238.300048828125,1886.760009765625
2014-10-20,7.54,7.62,7.47,7.47,394500,589.24,20943.0,82.70999908447266,1244.0,1904.010009765625
2014-10-21,7.47,7.54,7.44,7.47,345010,600.55,21019.0,82.80999755859375,1251.0,1941.280029296875
2014-10-22,7.54,7.62,7.47,7.54,410150,601.59,20899.0,80.5199966430664,1244.800048828125,1927.1099853515625
2014-10-23,7.47,7.62,7.44,7.45,596130,593.53,20981.0,82.08999633789062,1228.5,1950.8199462890625
2014-10-24,7.47,7.54,7.41,7.44,480290,591.51,20930.0,81.01000213623047,1231.199951171875,1964.5799560546875
2014-10-27,7.39,7.44,7.27,7.27,579320,580.8,20928.0,81.0,1229.0999755859375,1961.6300048828125
2014-10-28,7.24,7.35,7.24,7.32,383290,583.13,20904.0,81.41999816894531,1229.199951171875,1985.050048828125
2014-10-29,7.32,7.54,7.32,7.47,425130,591.2,21115.0,82.19999694824219,1224.300048828125,1982.300048828125
2014-10-30,7.47,7.54,7.47,7.47,515410,589.14,20957.0,81.12000274658203,1198.0999755859375,1994.6500244140625
2014-10-31,7.47,7.62,7.45,7.62,321640,600.84,21058.0,80.54000091552734,1171.0999755859375,2018.050048828125
2014-11-03,7.69,7.77,7.62,7.69,367540,603.15,21270.0,78.77999877929688,1169.4000244140625,2017.81005859375
2014-11-04,7.62,7.69,7.54,7.62,382940,598.39,20912.0,77.19000244140625,1167.4000244140625,2012.0999755859375
2014-11-05,7.62,7.69,7.47,7.54,296180,597.01,20939.0,78.68000030517578,1145.4000244140625,2023.5699462890625
2014-11-06,7.62,7.62,7.45,7.47,379630,597.85,21204.0,77.91000366210938,1142.300048828125,2031.2099609375
2014-11-07,7.47,7.54,7.45,7.54,252440,602.59,20869.0,78.6500015258789,1169.5999755859375,2031.9200439453125
2014-11-10,7.54,7.69,7.47,7.54,438060,602.12,21037.0,77.4000015258789,1159.5999755859375,2038.260009765625
2014-11-11,7.62,7.62,7.54,7.62,176690,604.23,20870.0,77.94000244140625,1162.800048828125,2039.6800537109375
2014-11-12,7.62,7.62,7.54,7.54,148270,604.01,21019.0,77.18000030517578,1158.9000244140625,2038.25
2014-11-13,7.54,7.62,7.54,7.54,321950,603.16,20985.0,74.20999908447266,1161.0999755859375,2039.3299560546875
2014-11-14,7.54,7.54,7.44,7.47,459950,600.36,20867.0,75.81999969482422,1185.0,2039.8199462890625
2014-11-17,7.54,7.54,7.45,7.45,302800,600.93,21092.0,75.63999938964844,1183.0,2041.3199462890625
2014-11-18,7.47,7.47,7.33,7.33,347210,594.25,21063.0,74.61000061035156,1196.699951171875,2051.800048828125
2014-11-19,7.36,7.39,7.32,7.32,669840,588.35,21024.0,74.58000183105469,1193.5999755859375,2048.719970703125
2014-11-20,7.33,7.36,7.29,7.32,366710,593.32,21020.0,75.58000183105469,1190.699951171875,2052.75
2014-11-21,7.36,7.45,7.32,7.33,400290,588.03,21038.0,76.51000213623047,1197.5,2063.5
2014-11-24,7.32,7.32,7.26,7.29,289320,582.53,20983.0,75.77999877929688,1195.5,2069.409912109375
2014-11-25,7.29,7.36,7.29,7.35,190010,585.91,21001.0,74.08999633789062,1197.0999755859375,2067.030029296875
2014-11-26,7.39,7.39,7.29,7.29,224690,576.04,20983.0,73.69000244140625,1196.5999755859375,2072.830078125
2014-11-27,7.33,7.33,7.24,7.27,311160,572.89,21100.0,73.69000244140625,1196.5999755859375,2072.830078125
2014-11-28,7.3,7.3,7.18,7.18,526360,566.58,21070.0,66.1500015258789,1175.199951171875,2067.56005859375
2014-12-01,7.17,7.23,7.14,7.14,387370,568.01,21075.0,69.0,1218.0,2053.43994140625
2014-12-02,7.15,7.15,7.08,7.12,361490,569.43,21158.0,66.87999725341797,1199.199951171875,2066.550048828125
2014-12-03,7.18,7.32,7.14,7.2,209630,574.88,21036.0,67.37999725341797,1208.5,2074.330078125
2014-12-04,7.2,7.3,7.2,7.26,291140,578.38,21012.0,66.80999755859375,1207.5,2071.919921875
2014-12-05,7.29,7.3,7.24,7.27,220940,578.76,21011.0,65.83999633789062,1190.0999755859375,2075.3701171875
2014-12-08,7.27,7.27,7.2,7.21,230000,571.68,21013.0,63.04999923706055,1194.699951171875,2060.31005859375
2014-12-09,7.18,7.18,7.05,7.05,975650,555.31,21023.0,63.81999969482422,1231.5,2059.820068359375
2014-12-10,7.03,7.14,7.02,7.12,462650,557.19,21054.0,60.939998626708984,1228.9000244140625,2026.1400146484375
2014-12-11,7.09,7.12,7.05,7.08,319170,550.11,21055.0,59.95000076293945,1225.0999755859375,2035.3299560546875
2014-12-12,7.11,7.24,7.09,7.18,222600,553.93,21070.0,57.810001373291016,1222.0,2002.3299560546875
2014-12-15,7.18,7.18,7.14,7.14,176820,547.93,21056.0,55.90999984741211,1207.199951171875,1989.6300048828125
2014-12-16,7.12,7.14,7.05,7.05,525220,535.14,21058.0,55.93000030517578,1193.9000244140625,1972.739990234375
2014-12-17,7.06,7.06,6.69,6.75,1067630,518.22,21063.0,56.470001220703125,1194.300048828125,2012.8900146484375
2014-12-18,6.8,6.96,6.8,6.9,280050,528.45,21079.0,54.11000061035156,1194.699951171875,2061.22998046875
2014-12-19,7.02,7.02,6.81,6.81,327710,523.09,21060.0,56.52000045776367,1195.9000244140625,2070.64990234375
2014-12-22,6.9,6.94,6.87,6.91,261240,537.54,21052.0,55.2599983215332,1179.699951171875,2078.5400390625
2014-12-23,6.91,7.03,6.9,7.0,291780,537.88,21067.0,57.119998931884766,1177.9000244140625,2082.169921875
2014-12-24,7.05,7.08,6.99,7.0,171930,539.44,21059.0,55.84000015258789,1173.5,2081.8798828125
2014-12-25,6.96,6.99,6.93,6.94,100790,532.01,21370.0,55.84000015258789,1173.5,2081.8798828125
2014-12-26,6.94,6.94,6.87,6.9,337170,533.37,21370.0,54.72999954223633,1195.300048828125,2088.77001953125
2014-12-29,6.99,6.99,6.84,6.85,198580,532.68,21019.0,53.61000061035156,1181.699951171875,2090.570068359375
2014-12-30,6.88,6.91,6.78,6.91,313520,537.57,21086.0,54.119998931884766,1200.199951171875,2080.35009765625
2014-12-31,6.97,7.17,6.94,7.17,471320,545.63,21062.0,53.27000045776367,1183.9000244140625,2058.89990234375
2015-01-05,7.17,7.2,7.11,7.14,273550,544.45,21046.0,50.040000915527344,1203.9000244140625,2020.5799560546875
2015-01-06,7.09,7.18,7.06,7.18,364050,549.66,21097.0,47.93000030517578,1219.300048828125,2002.6099853515625
2015-01-07,7.18,7.33,7.18,7.23,405560,552.05,21083.0,48.650001525878906,1210.5999755859375,2025.9000244140625
2015-01-08,7.21,7.23,7.14,7.15,227300,553.47,21061.0,48.790000915527344,1208.4000244140625,2062.139892578125
2015-01-09,7.15,7.24,7.15,7.21,320210,569.73,21021.0,48.36000061035156,1216.0,2044.81005859375
2015-01-12,7.21,7.35,7.21,7.26,679050,574.32,21020.0,46.06999969482422,1232.699951171875,2028.260009765625
2015-01-13,7.23,7.29,7.23,7.27,242060,580.6,21005.0,45.88999938964844,1234.300048828125,2023.030029296875
2015-01-14,7.27,7.3,7.2,7.26,421120,577.01,20991.0,48.47999954223633,1234.4000244140625,2011.27001953125
2015-01-15,7.29,7.29,7.23,7.27,281910,577.74,21007.0,46.25,1264.699951171875,1992.6700439453125
2015-01-16,7.29,7.29,7.23,7.24,174340,574.81,20988.0,48.689998626708984,1276.9000244140625,2019.4200439453125
2015-01-19,7.24,7.24,7.17,7.17,367020,571.51,20993.0,48.689998626708984,1276.9000244140625,2019.4200439453125
2015-01-20,7.17,7.2,7.15,7.17,344010,572.22,21004.0,46.38999938964844,1294.199951171875,2022.550048828125
2015-01-21,7.2,7.29,7.2,7.23,607260,569.12,21036.0,47.779998779296875,1293.699951171875,2032.1199951171875
2015-01-22,7.26,7.26,7.2,7.2,299200,574.54,21009.0,46.310001373291016,1300.699951171875,2063.14990234375
2015-01-23,7.23,7.27,7.2,7.23,386280,582.38,20922.0,45.59000015258789,1292.5999755859375,2051.820068359375
2015-01-26,7.23,7.27,7.23,7.23,384170,580.64,20982.0,45.150001525878906,1279.4000244140625,2057.090087890625
2015-01-27,7.21,7.26,7.17,7.17,424160,579.3,20981.0,46.22999954223633,1291.699951171875,2029.550048828125
2015-01-28,7.15,7.21,7.14,7.15,260670,583.76,20988.0,44.45000076293945,1285.9000244140625,2002.1600341796875
2015-01-29,7.15,7.17,7.14,7.15,224460,583.28,20996.0,44.529998779296875,1254.5999755859375,2021.25
2015-01-30,7.17,7.18,7.09,7.09,587470,576.07,21074.0,48.2400016784668,1278.5,1994.989990234375
2015-02-02,7.11,7.14,7.06,7.08,219410,570.37,20991.0,49.56999969482422,1276.199951171875,2020.8499755859375
2015-02-03,7.08,7.09,7.02,7.02,207170,557.47,20973.0,53.04999923706055,1259.699951171875,2050.030029296875
2015-02-04,7.08,7.08,6.97,7.0,307040,561.45,21058.0,48.45000076293945,1263.800048828125,2041.510009765625
2015-02-05,7.02,7.09,7.0,7.05,182990,567.17,20979.0,50.47999954223633,1262.0,2062.52001953125
2015-02-06,7.09,7.09,7.05,7.06,114380,574.13,20978.0,51.689998626708984,1233.9000244140625,2055.469970703125
2015-02-09,7.12,7.12,7.05,7.05,145540,573.55,20961.0,52.86000061035156,1240.800048828125,2046.739990234375
2015-02-10,7.05,7.06,7.02,7.03,143310,574.52,20970.0,50.02000045776367,1231.5999755859375,2068.590087890625
2015-02-11,7.06,7.09,7.05,7.09,139400,581.76,20968.0,48.84000015258789,1219.0,2068.530029296875
2015-02-12,7.15,7.2,7.14,7.14,435120,584.67,20943.0,51.209999084472656,1220.0999755859375,2088.47998046875
2015-02-13,7.17,7.2,7.14,7.17,198830,587.24,20986.0,52.779998779296875,1226.5,2096.989990234375
2015-02-24,7.2,7.29,7.2,7.26,351850,596.95,20978.0,49.279998779296875,1196.9000244140625,2115.47998046875
2015-02-25,7.29,7.32,7.23,7.24,520900,592.66,21011.0,50.9900016784668,1201.0,2113.860107421875
2015-02-26,7.23,7.32,7.23,7.32,276700,596.72,21018.0,48.16999816894531,1209.5999755859375,2110.739990234375
2015-02-27,7.33,7.36,7.27,7.29,314940,592.57,20984.0,49.7599983215332,1212.5999755859375,2104.5
2015-03-02,7.32,7.32,7.23,7.24,471270,590.73,20989.0,49.59000015258789,1207.699951171875,2117.389892578125
2015-03-03,7.29,7.3,7.26,7.3,214540,596.72,20987.0,50.52000045776367,1204.0,2107.780029296875
2015-03-04,7.35,7.54,7.35,7.47,993500,600.39,21004.0,51.529998779296875,1200.5999755859375,2098.530029296875
2015-03-05,7.54,7.62,7.47,7.47,393540,596.91,20994.0,50.7599983215332,1195.9000244140625,2101.0400390625
2015-03-06,7.47,7.54,7.45,7.47,335140,593.97,20968.0,49.61000061035156,1164.0999755859375,2071.260009765625
2015-03-09,7.45,7.47,7.35,7.35,414700,588.44,20982.0,50.0,1166.4000244140625,2079.429931640625
2015-03-10,7.39,7.42,7.36,7.42,328390,589.66,20978.0,48.290000915527344,1160.0999755859375,2044.1600341796875
2015-03-11,7.42,7.42,7.38,7.39,293150,586.54,20974.0,48.16999816894531,1150.699951171875,2040.239990234375
2015-03-12,7.39,7.39,7.33,7.35,368140,588.53,20996.0,47.04999923706055,1152.0999755859375,2065.949951171875
2015-03-13,7.39,7.42,7.33,7.35,284450,586.1,21003.0,44.84000015258789,1152.5999755859375,2053.39990234375
2015-03-16,7.35,7.38,7.35,7.38,214490,580.8,21089.0,43.880001068115234,1153.300048828125,2081.18994140625
2015-03-17,7.39,7.54,7.39,7.47,717570,581.76,21066.0,43.459999084472656,1148.300048828125,2074.280029296875
2015-03-18,7.47,7.47,7.41,7.41,228430,578.68,21113.0,44.65999984741211,1151.4000244140625,2099.5
2015-03-19,7.45,7.47,7.39,7.39,252430,573.74,21142.0,43.959999084472656,1169.0999755859375,2089.27001953125
2015-03-20,7.39,7.45,7.38,7.44,284340,575.44,21078.0,45.720001220703125,1184.800048828125,2108.10009765625
2015-03-23,7.44,7.45,7.38,7.38,274890,570.89,21149.0,47.45000076293945,1188.0,2104.419921875
2015-03-24,7.39,7.39,7.29,7.33,349040,567.43,21168.0,47.5099983215332,1191.699951171875,2091.5
2015-03-25,7.39,7.39,7.32,7.35,221110,560.93,21475.0,49.209999084472656,1197.300048828125,2061.050048828125
2015-03-26,7.38,7.38,7.35,7.36,276070,556.16,21144.0,51.43000030517578,1205.0999755859375,2056.14990234375
2015-03-27,7.41,7.41,7.35,7.35,226880,551.42,21154.0,48.869998931884766,1199.800048828125,2061.02001953125
2015-03-30,7.38,7.38,7.23,7.23,413070,545.19,21161.0,48.68000030517578,1184.800048828125,2086.239990234375
2015-03-31,7.23,7.27,7.23,7.23,233260,551.13,21186.0,47.599998474121094,1183.0999755859375,2067.889892578125
2015-04-01,7.27,7.27,7.12,7.12,270910,538.91,21188.0,50.09000015258789,1208.0999755859375,2059.68994140625
2015-04-02,7.14,7.24,7.12,7.18,168030,546.85,21115.0,49.13999938964844,1200.9000244140625,2066.9599609375
2015-04-03,7.24,7.29,7.18,7.29,116640,547.85,21575.0,49.13999938964844,1200.9000244140625,2066.9599609375
2015-04-06,7.29,7.33,7.24,7.24,168170,542.97,21565.0,52.13999938964844,1218.5999755859375,2080.6201171875
2015-04-07,7.23,7.32,7.23,7.3,150220,548.11,21229.0,53.97999954223633,1210.5999755859375,2076.330078125
2015-04-08,7.32,7.33,7.29,7.3,162560,547.72,21241.0,50.41999816894531,1203.0999755859375,2081.89990234375
2015-04-09,7.3,7.32,7.24,7.3,258950,550.52,21220.0,50.790000915527344,1193.5999755859375,2091.179931640625
2015-04-10,7.3,7.38,7.29,7.35,345170,554.03,21217.0,51.63999938964844,1204.5999755859375,2102.06005859375
2015-04-13,7.35,7.38,7.33,7.35,164060,559.54,21221.0,51.90999984741211,1199.300048828125,2092.429931640625
2015-04-14,7.35,7.35,7.27,7.27,224290,558.67,21228.0,53.290000915527344,1192.800048828125,2095.840087890625
2015-04-15,7.3,7.32,7.24,7.3,223010,564.5,21217.0,56.38999938964844,1201.5,2106.6298828125
2015-04-16,7.3,7.35,7.27,7.29,152830,568.28,21121.0,56.709999084472656,1198.0,2104.989990234375
2015-04-17,7.3,7.69,7.3,7.62,1497670,568.32,21234.0,55.7400016784668,1202.9000244140625,2081.179931640625
2015-04-20,7.62,7.62,7.45,7.54,358680,565.04,21196.0,56.380001068115234,1193.5,2100.39990234375
2015-04-21,7.54,7.62,7.47,7.47,263970,562.24,21555.0,55.2599983215332,1202.9000244140625,2097.2900390625
2015-04-22,7.47,7.62,7.47,7.47,539100,562.51,21555.0,56.15999984741211,1186.9000244140625,2107.9599609375
2015-04-23,7.54,7.62,7.44,7.54,641410,561.25,21550.0,57.7400016784668,1194.4000244140625,2112.929931640625
2015-04-24,7.54,7.62,7.47,7.54,268410,565.77,21565.0,57.150001525878906,1175.199951171875,2117.68994140625
2015-04-27,7.69,7.84,7.62,7.69,636760,562.4,21570.0,56.9900016784668,1203.300048828125,2108.919921875
2015-05-04,7.69,7.77,7.32,7.38,818280,545.08,21595.0,58.93000030517578,1186.800048828125,2114.489990234375
2015-05-05,7.38,7.54,7.35,7.47,444430,552.65,21610.0,60.400001525878906,1193.199951171875,2089.4599609375
2015-05-06,7.47,7.54,7.41,7.41,406590,549.3,21620.0,60.93000030517578,1190.300048828125,2080.14990234375
2015-05-07,7.44,7.54,7.41,7.45,263570,552.98,21645.0,58.939998626708984,1182.4000244140625,2088.0
2015-05-08,7.45,7.54,7.45,7.45,241080,554.51,21650.0,59.38999938964844,1189.0999755859375,2116.10009765625
2015-05-11,7.47,7.47,7.41,7.42,229310,551.67,21660.0,59.25,1183.199951171875,2105.330078125
2015-05-12,7.42,7.42,7.35,7.35,253240,544.41,21680.0,60.75,1192.5999755859375,2099.1201171875
2015-05-13,7.35,7.36,7.27,7.35,471350,542.82,21700.0,60.5,1218.4000244140625,2098.47998046875
2015-05-14,7.32,7.41,7.32,7.36,284980,543.69,21735.0,59.880001068115234,1225.4000244140625,2121.10009765625
2015-05-15,7.38,7.41,7.33,7.33,222770,537.44,21700.0,59.689998626708984,1225.5,2122.72998046875
2015-05-18,7.32,7.35,7.29,7.29,493240,528.95,21765.0,59.43000030517578,1227.800048828125,2129.199951171875
2015-05-19,7.27,7.35,7.27,7.35,261290,536.82,21770.0,57.2599983215332,1206.9000244140625,2127.830078125
2015-05-20,7.41,7.62,7.39,7.62,1067870,550.1,21790.0,58.97999954223633,1208.9000244140625,2125.85009765625
2015-05-21,7.62,7.92,7.54,7.84,1966840,552.56,21785.0,60.720001220703125,1204.4000244140625,2130.820068359375
2015-05-22,7.84,7.92,7.77,7.77,639970,561.82,21770.0,59.720001220703125,1204.300048828125,2126.06005859375
2015-05-25,7.77,8.06,7.77,8.06,1194140,563.0,21795.0,59.720001220703125,1204.300048828125,2126.06005859375
2015-05-26,7.99,8.06,7.92,7.92,953640,567.2,21800.0,58.029998779296875,1187.199951171875,2104.199951171875
2015-05-27,7.92,7.99,7.77,7.84,1216710,566.48,21780.0,57.5099983215332,1185.9000244140625,2123.47998046875
2015-05-28,7.97,8.04,7.9,7.95,1158400,572.97,21785.0,57.68000030517578,1188.0999755859375,2120.7900390625
2015-05-29,7.97,7.97,7.86,7.88,357830,569.56,21785.0,60.29999923706055,1189.4000244140625,2107.389892578125
2015-06-01,7.86,7.86,7.76,7.76,747720,574.98,21790.0,60.20000076293945,1188.300048828125,2111.72998046875
2015-06-02,7.76,7.76,7.65,7.65,790020,570.31,21790.0,61.2599983215332,1194.0999755859375,2109.60009765625
2015-06-03,7.65,7.84,7.63,7.74,638440,567.9,21790.0,59.63999938964844,1184.699951171875,2114.070068359375
2015-06-04,7.74,7.79,7.74,7.77,224510,568.99,21790.0,58.0,1174.9000244140625,2095.840087890625
2015-06-05,7.79,7.86,7.74,7.84,578380,578.07,21785.0,59.130001068115234,1167.800048828125,2092.830078125
2015-06-08,7.88,7.9,7.76,7.76,698960,579.83,21790.0,58.13999938964844,1173.199951171875,2079.280029296875
2015-06-09,7.74,7.91,7.74,7.76,618760,574.47,21790.0,60.13999938964844,1177.300048828125,2080.14990234375
2015-06-10,7.76,7.83,7.72,7.81,249790,574.1,21775.0,61.43000030517578,1186.0999755859375,2105.199951171875
2015-06-11,7.81,7.86,7.81,7.84,420000,581.05,21770.0,60.77000045776367,1179.9000244140625,2108.860107421875
2015-06-12,7.86,7.93,7.86,7.9,753350,582.73,21770.0,59.959999084472656,1178.800048828125,2094.110107421875
2015-06-15,7.95,7.95,7.84,7.88,341650,586.48,21775.0,59.52000045776367,1185.300048828125,2084.429931640625
2015-06-16,7.88,7.91,7.79,7.79,479370,580.35,21775.0,59.970001220703125,1180.5,2096.2900390625
2015-06-17,7.77,7.81,7.76,7.77,483360,578.87,21785.0,59.91999816894531,1176.4000244140625,2100.43994140625
2015-06-18,7.77,7.88,7.77,7.79,324300,580.35,21785.0,60.45000076293945,1201.5,2121.239990234375
2015-06-19,7.79,7.9,7.79,7.84,524770,584.7,21780.0,59.61000061035156,1201.5,2109.989990234375
2015-06-22,7.88,8.02,7.86,7.98,1273750,594.08,21780.0,59.68000030517578,1183.699951171875,2122.85009765625
2015-06-23,7.98,8.0,7.95,7.97,623750,593.07,21780.0,61.0099983215332,1176.199951171875,2124.199951171875
2015-06-24,7.98,7.98,7.91,7.91,356850,590.02,21790.0,60.27000045776367,1172.5999755859375,2108.580078125
2015-06-25,7.9,7.91,7.88,7.88,585020,587.99,21780.0,59.70000076293945,1171.5,2102.31005859375
2015-06-26,7.9,8.39,7.9,8.11,4210260,581.75,21790.0,59.630001068115234,1172.9000244140625,2101.489990234375
2015-06-29,8.19,8.35,8.14,8.19,935540,591.75,21790.0,58.33000183105469,1178.5,2057.639892578125
2015-06-30,8.11,8.18,8.11,8.12,1048220,593.05,21785.0,59.470001220703125,1171.5,2063.110107421875
2015-07-01,8.12,8.25,8.07,8.19,737610,591.5,21780.0,56.959999084472656,1169.0,2077.419921875
2015-07-02,8.18,8.3,8.16,8.26,1090220,605.7,21780.0,56.93000030517578,1163.0,2076.780029296875
2015-07-03,8.3,8.3,8.21,8.23,758500,616.43,21780.0,56.93000030517578,1163.0,2076.780029296875
2015-07-06,8.25,8.32,8.23,8.32,979490,625.22,21785.0,52.529998779296875,1172.9000244140625,2068.760009765625
2015-07-07,8.3,8.47,8.26,8.33,1132850,630.27,21474.0,52.33000183105469,1152.4000244140625,2081.340087890625
2015-07-08,8.33,8.37,8.16,8.18,1420160,623.17,21443.0,51.650001525878906,1163.300048828125,2046.6800537109375
2015-07-09,8.14,8.21,8.09,8.18,999820,622.1,21440.0,52.779998779296875,1159.0,2051.31005859375
2015-07-10,8.18,8.23,8.12,8.16,835670,627.28,21428.0,52.7400016784668,1157.699951171875,2076.6201171875
2015-07-13,8.16,8.32,8.14,8.21,489440,634.06,21420.0,52.20000076293945,1155.199951171875,2099.60009765625
2015-07-14,8.21,8.26,8.16,8.21,395670,638.69,21431.0,53.040000915527344,1153.300048828125,2108.949951171875
2015-07-15,8.23,8.23,8.12,8.12,654910,630.89,21445.0,51.40999984741211,1147.199951171875,2107.39990234375
2015-07-16,8.09,8.12,8.02,8.12,611060,626.9,21436.0,50.90999984741211,1143.800048828125,2124.2900390625
2015-07-17,8.11,8.21,8.09,8.12,315540,628.63,21443.0,50.88999938964844,1131.800048828125,2126.639892578125
2015-07-20,8.12,8.12,8.04,8.09,419830,620.54,21424.0,50.150001525878906,1106.699951171875,2128.280029296875
2015-07-21,8.05,8.07,7.95,7.98,876450,616.61,21449.0,50.36000061035156,1103.4000244140625,2119.2099609375
2015-07-22,7.98,8.14,7.97,8.14,455030,629.85,21456.0,49.189998626708984,1091.4000244140625,2114.14990234375
2015-07-23,8.12,8.39,8.12,8.23,2140450,632.01,21453.0,48.45000076293945,1094.0,2102.14990234375
2015-07-24,8.26,8.37,8.26,8.33,1217830,631.26,21457.0,48.13999938964844,1085.5999755859375,2079.64990234375
2015-07-27,8.39,8.67,8.37,8.58,1865720,635.46,21443.0,47.38999938964844,1096.5,2067.639892578125
2015-07-28,8.58,8.58,8.44,8.44,634450,631.47,21450.0,47.97999954223633,1096.300048828125,2093.25
2015-07-29,8.44,8.53,8.35,8.39,1119080,624.7,21476.0,48.790000915527344,1092.699951171875,2108.570068359375
2015-07-30,8.39,8.4,8.28,8.28,938320,626.57,21449.0,48.52000045776367,1088.4000244140625,2108.6298828125
2015-07-31,8.35,8.37,8.28,8.28,541330,621.06,21465.0,47.119998931884766,1094.9000244140625,2103.840087890625
2015-08-03,8.23,8.23,8.12,8.14,1136670,609.47,21451.0,45.16999816894531,1089.4000244140625,2098.0400390625
2015-08-04,8.21,8.3,8.16,8.23,526180,600.76,21445.0,45.7400016784668,1090.699951171875,2093.320068359375
2015-08-05,8.26,8.3,8.21,8.3,312920,607.08,21371.0,45.150001525878906,1085.699951171875,2099.840087890625
2015-08-06,8.3,8.33,8.19,8.19,561120,601.04,21452.0,44.65999984741211,1090.199951171875,2083.56005859375
2015-08-07,8.23,8.32,8.18,8.28,546600,603.76,21445.0,43.869998931884766,1094.0999755859375,2077.570068359375
2015-08-10,8.32,8.49,8.32,8.49,1180730,614.53,21444.0,44.959999084472656,1104.199951171875,2104.179931640625
2015-08-11,8.49,8.58,8.4,8.46,861370,613.05,21469.0,43.08000183105469,1107.5999755859375,2084.070068359375
2015-08-12,8.4,8.4,8.28,8.33,1257050,604.24,21663.0,43.29999923706055,1123.199951171875,2086.050048828125
2015-08-13,8.33,8.33,8.19,8.23,1573130,594.26,21722.0,42.22999954223633,1115.699951171875,2083.389892578125
2015-08-14,8.21,8.28,8.14,8.19,702440,589.03,21859.0,42.5,1112.9000244140625,2091.5400390625
2015-08-17,8.19,8.25,8.05,8.09,816140,573.15,21740.0,41.869998931884766,1118.5999755859375,2102.43994140625
2015-08-18,8.09,8.18,8.05,8.16,751710,580.22,21734.0,42.619998931884766,1117.0999755859375,2096.919921875
2015-08-19,8.21,8.32,8.14,8.25,860750,577.82,21858.0,40.79999923706055,1128.0999755859375,2079.610107421875
2015-08-20,8.27,8.27,8.12,8.14,384210,566.69,22051.0,41.13999938964844,1153.0,2035.72998046875
2015-08-21,8.07,8.09,7.87,8.09,1184950,556.3,22155.0,40.45000076293945,1159.5999755859375,1970.8900146484375
2015-08-24,7.94,7.98,7.57,7.59,2107920,526.93,22184.0,38.2400016784668,1153.4000244140625,1893.2099609375
2015-08-25,7.51,7.78,7.51,7.68,1302560,529.98,22175.0,39.310001373291016,1138.199951171875,1867.6099853515625
2015-08-26,7.69,7.96,7.69,7.89,960660,545.89,22192.0,38.599998474121094,1124.5999755859375,1940.510009765625
2015-08-27,7.89,7.98,7.87,7.93,701980,555.81,22123.0,42.560001373291016,1122.4000244140625,1987.6600341796875
2015-08-28,7.98,8.02,7.93,8.0,883560,570.87,22107.0,45.220001220703125,1133.0999755859375,1988.8699951171875
2015-08-31,7.96,8.02,7.89,7.91,383640,564.75,22129.0,49.20000076293945,1131.5999755859375,1972.1800537109375
2015-09-01,7.94,7.94,7.85,7.89,319590,562.31,22146.0,45.40999984741211,1138.699951171875,1913.8499755859375
2015-09-03,7.85,7.89,7.82,7.82,361300,554.3,22332.0,46.75,1123.699951171875,1951.1300048828125
2015-09-04,7.82,7.89,7.8,7.84,200160,556.81,22115.0,46.04999923706055,1120.5999755859375,1921.219970703125
2015-09-07,7.87,7.87,7.77,7.8,143530,554.93,22111.0,46.04999923706055,1120.5999755859375,1921.219970703125
2015-09-08,7.78,7.89,7.78,7.85,195100,566.72,22113.0,45.939998626708984,1120.4000244140625,1969.4100341796875
2015-09-09,7.93,7.94,7.89,7.89,351700,572.34,22117.0,44.150001525878906,1102.199951171875,1942.0400390625
2015-09-10,7.89,7.91,7.85,7.91,228830,572.07,22128.0,45.91999816894531,1109.5,1952.2900390625
2015-09-11,7.94,7.94,7.87,7.87,178370,566.74,22123.0,44.630001068115234,1103.5,1961.050048828125
2015-09-14,7.87,7.87,7.82,7.82,213260,562.17,22146.0,44.0,1107.699951171875,1953.030029296875
2015-09-15,7.8,7.85,7.78,7.82,91140,563.27,22147.0,44.59000015258789,1102.800048828125,1978.0899658203125
2015-09-16,7.82,7.85,7.8,7.82,123720,564.13,22150.0,47.150001525878906,1119.199951171875,1995.31005859375
2015-09-17,7.82,7.87,7.82,7.84,121980,562.48,22152.0,46.900001525878906,1117.300048828125,1990.199951171875
2015-09-18,7.98,8.03,7.89,7.98,743610,566.25,22116.0,44.68000030517578,1138.0999755859375,1958.030029296875
2015-09-21,7.96,8.14,7.96,8.14,548700,572.12,22118.0,46.68000030517578,1133.0999755859375,1966.969970703125
2015-09-22,8.14,8.16,8.07,8.09,289410,573.2,22112.0,45.83000183105469,1125.0,1942.739990234375
2015-09-23,8.07,8.12,8.03,8.03,447860,572.72,22123.0,44.47999954223633,1131.5999755859375,1938.760009765625
2015-09-24,8.02,8.11,8.02,8.07,287470,570.25,22125.0,44.90999984741211,1153.800048828125,1932.239990234375
2015-09-25,8.09,8.09,8.02,8.03,259280,570.38,22145.0,45.70000076293945,1146.0,1931.3399658203125
2015-09-28,8.03,8.05,7.96,7.96,267580,564.88,22122.0,44.43000030517578,1132.0,1881.77001953125
2015-09-29,7.96,7.96,7.93,7.96,260100,561.19,22135.0,45.22999954223633,1127.0999755859375,1884.0899658203125
2015-09-30,8.02,8.02,7.93,7.96,159670,562.64,22105.0,45.09000015258789,1115.5,1920.030029296875
2015-10-01,7.96,8.0,7.94,7.98,179470,563.54,22112.0,44.7400016784668,1114.199951171875,1923.8199462890625
2015-10-02,7.98,8.02,7.96,8.02,136870,564.15,22123.0,45.540000915527344,1137.0999755859375,1951.3599853515625
2015-10-05,8.0,8.07,7.98,8.05,382440,570.0,22118.0,46.2599983215332,1138.0999755859375,1987.050048828125
2015-10-06,8.16,8.27,8.12,8.23,923920,581.29,21996.0,48.529998779296875,1146.800048828125,1979.9200439453125
2015-10-07,8.27,8.27,8.05,8.09,337650,579.57,22048.0,47.810001373291016,1149.0,1995.8299560546875
2015-10-08,8.09,8.19,8.09,8.19,331030,586.78,21855.0,49.43000030517578,1144.699951171875,2013.4300537109375
2015-10-09,8.23,8.3,8.19,8.19,778950,588.02,21871.0,49.630001068115234,1156.300048828125,2014.8900146484375
2015-10-12,8.18,8.21,8.18,8.19,414610,592.1,21996.0,47.099998474121094,1164.9000244140625,2017.4599609375
2015-10-13,8.19,8.19,8.12,8.14,298120,590.84,22048.0,46.65999984741211,1165.800048828125,2003.68994140625
2015-10-14,8.41,8.57,8.34,8.36,3076790,589.98,22033.0,46.63999938964844,1180.0999755859375,1994.239990234375
2015-10-15,8.39,8.39,8.32,8.34,426740,592.4,21980.0,46.380001068115234,1187.9000244140625,2023.8599853515625
2015-10-16,8.36,8.39,8.36,8.36,548620,593.02,21907.0,47.2599983215332,1183.5999755859375,2033.1099853515625
2015-10-19,8.36,8.55,8.36,8.43,1396480,594.61,21948.0,45.88999938964844,1173.300048828125,2033.6600341796875
2015-10-20,8.43,8.57,8.41,8.46,1968330,590.45,21987.0,45.54999923706055,1178.0,2030.77001953125
2015-10-21,8.52,8.52,8.41,8.41,703530,590.24,21964.0,45.20000076293945,1167.5999755859375,2018.93994140625
2015-10-22,8.37,8.43,8.37,8.39,473620,595.08,22393.0,45.380001068115234,1166.5999755859375,2052.510009765625
2015-10-23,8.45,8.48,8.41,8.43,719680,601.74,21963.0,44.599998474121094,1163.300048828125,2075.14990234375
2015-10-26,8.5,8.68,8.5,8.52,2631100,598.61,21969.0,43.97999954223633,1167.0,2071.179931640625
2015-10-27,8.48,8.64,8.48,8.59,1345230,598.44,21961.0,43.20000076293945,1166.800048828125,2065.889892578125
2015-10-28,8.61,8.75,8.61,8.73,2673100,596.24,21970.0,45.939998626708984,1177.0999755859375,2090.35009765625
2015-10-29,8.82,8.89,8.79,8.82,1846600,605.2,21973.0,46.060001373291016,1147.199951171875,2089.409912109375
2015-10-30,8.84,8.86,8.75,8.82,982600,607.37,21961.0,46.59000015258789,1141.5,2079.360107421875
2015-11-02,8.84,9.13,8.82,8.86,2790190,602.76,21948.0,46.13999938964844,1135.800048828125,2104.050048828125
2015-11-03,8.95,9.39,8.93,9.39,3798850,611.71,21948.0,47.900001525878906,1114.199951171875,2109.7900390625
2015-11-04,9.48,9.57,9.3,9.3,1772170,610.6,21933.0,46.31999969482422,1106.5,2102.31005859375
2015-11-05,9.21,9.57,9.21,9.57,2727690,615.18,21968.0,45.20000076293945,1104.4000244140625,2099.929931640625
2015-11-06,9.57,9.75,9.3,9.39,3164790,612.36,21991.0,44.290000915527344,1087.5999755859375,2099.199951171875
2015-11-09,9.3,9.39,9.21,9.21,2035350,610.66,22112.0,43.869998931884766,1087.9000244140625,2078.580078125
2015-11-10,9.21,9.3,9.04,9.13,2049910,605.27,22031.0,44.209999084472656,1088.199951171875,2081.719970703125
2015-11-11,9.04,9.3,9.04,9.04,1790510,603.53,21955.0,42.93000030517578,1084.699951171875,2075.0
2015-11-12,9.13,9.57,9.04,9.48,3514400,605.58,21832.0,41.75,1080.800048828125,2045.969970703125
2015-11-13,9.48,9.75,9.39,9.75,2759580,611.27,22048.0,40.7400016784668,1080.800048828125,2023.0400390625
2015-11-16,9.66,9.84,9.48,9.66,2413900,609.21,22081.0,41.7400016784668,1083.699951171875,2053.18994140625
2015-11-17,9.57,9.66,9.3,9.3,2136990,605.05,22141.0,40.66999816894531,1068.699951171875,2050.43994140625
2015-11-18,9.21,9.48,9.21,9.3,1366870,603.34,22076.0,40.75,1068.800048828125,2083.580078125
2015-11-19,9.3,9.48,9.21,9.21,1096120,601.9,22100.0,40.540000915527344,1078.0,2081.239990234375
2015-11-20,9.13,9.3,9.13,9.13,1196900,604.46,22167.0,40.38999938964844,1076.4000244140625,2089.169921875
2015-11-23,9.13,9.21,8.86,8.86,2054830,599.99,22088.0,41.75,1066.800048828125,2086.590087890625
2015-11-24,8.89,8.89,8.66,8.79,2817650,593.83,22112.0,42.869998931884766,1074.300048828125,2089.139892578125
2015-11-25,8.82,9.04,8.68,8.95,1309410,595.7,22060.0,43.040000915527344,1070.5,2088.8701171875
2015-11-26,8.91,8.95,8.77,8.77,746390,590.4,22130.0,43.040000915527344,1070.5,2088.8701171875
2015-11-27,8.8,8.93,8.75,8.75,1520660,582.86,22080.0,41.709999084472656,1056.199951171875,2090.110107421875
2015-11-30,8.77,8.77,8.64,8.64,1116850,573.2,22121.0,41.650001525878906,1065.800048828125,2080.409912109375
2015-12-01,8.7,8.73,8.61,8.62,623880,570.41,22052.0,41.849998474121094,1063.800048828125,2102.6298828125
2015-12-02,8.62,8.71,8.62,8.66,675930,574.42,22098.0,39.939998626708984,1054.199951171875,2079.510009765625
2015-12-03,8.68,8.71,8.64,8.68,343540,574.38,21343.0,41.08000183105469,1061.699951171875,2049.6201171875
2015-12-04,8.68,8.68,8.53,8.57,861320,571.62,22124.0,39.970001220703125,1084.5,2091.68994140625
2015-12-07,8.55,8.59,8.5,8.5,892260,563.62,22049.0,37.650001525878906,1076.4000244140625,2077.070068359375
2015-12-08,8.46,8.79,8.43,8.77,1117670,574.15,22025.0,37.5099983215332,1076.300048828125,2063.590087890625
2015-12-09,8.77,8.84,8.62,8.62,735460,565.2,21917.0,37.15999984741211,1077.5999755859375,2047.6199951171875
2015-12-10,8.62,8.7,8.55,8.55,610110,561.04,22055.0,36.7599983215332,1073.0999755859375,2052.22998046875
2015-12-11,8.53,8.68,8.53,8.59,558390,563.43,22091.0,35.619998931884766,1076.9000244140625,2012.3699951171875
2015-12-14,8.57,8.62,8.55,8.55,434710,562.22,22112.0,36.310001373291016,1064.699951171875,2021.93994140625
2015-12-15,8.55,8.68,8.55,8.68,527780,568.0,22343.0,37.349998474121094,1062.9000244140625,2043.4100341796875
2015-12-16,8.71,8.82,8.71,8.73,1252650,572.55,22197.0,35.52000045776367,1078.0,2073.070068359375
2015-12-17,8.8,8.86,8.77,8.8,916420,577.11,22197.0,34.95000076293945,1050.800048828125,2041.8900146484375
2015-12-18,8.8,8.82,8.75,8.75,825670,568.18,22108.0,34.72999954223633,1066.199951171875,2005.550048828125
2015-12-21,8.75,8.75,8.64,8.68,540360,566.9,22078.0,34.7400016784668,1081.9000244140625,2021.1500244140625
2015-12-22,8.68,8.71,8.61,8.61,537270,566.35,22157.0,36.13999938964844,1074.800048828125,2038.969970703125
2015-12-23,8.64,8.66,8.55,8.57,606040,564.27,22212.0,37.5,1069.4000244140625,2064.2900390625
2015-12-24,8.61,8.62,8.55,8.55,474020,566.17,22132.0,38.099998474121094,1077.199951171875,2060.989990234375
2015-12-25,8.59,8.59,8.53,8.55,339400,567.67,22106.0,38.099998474121094,1077.199951171875,2060.989990234375
2015-12-28,8.59,8.71,8.53,8.61,767110,569.9,22152.0,36.810001373291016,1070.5,2056.5
2015-12-29,8.62,8.68,8.61,8.64,433620,576.29,22213.0,37.869998931884766,1077.5,2078.360107421875
2015-12-30,8.7,8.75,8.64,8.64,913890,579.45,22095.0,36.599998474121094,1060.0999755859375,2063.360107421875
2015-12-31,8.64,8.73,8.62,8.64,570340,579.03,22185.0,37.040000915527344,1060.300048828125,2043.93994140625
2016-01-04,8.66,8.68,8.55,8.55,602210,574.41,22320.0,36.7599983215332,1075.0999755859375,2012.6600341796875
2016-01-05,8.55,8.59,8.53,8.55,734050,569.94,22141.0,35.970001220703125,1078.4000244140625,2016.7099609375
2016-01-06,8.55,8.61,8.55,8.57,446810,574.57,22034.0,33.970001220703125,1091.9000244140625,1990.260009765625
2016-01-07,8.57,8.57,8.41,8.41,1841620,565.36,22014.0,33.27000045776367,1107.699951171875,1943.0899658203125
2016-01-08,8.37,8.39,8.23,8.28,1773760,560.05,22002.0,33.15999984741211,1097.800048828125,1922.030029296875
2016-01-11,8.28,8.28,8.21,8.21,805440,557.87,22162.0,31.40999984741211,1096.5,1923.6700439453125
2016-01-12,8.23,8.39,8.18,8.39,582160,564.26,22058.0,30.440000534057617,1085.5999755859375,1938.6800537109375
2016-01-13,8.41,8.46,8.28,8.3,542910,560.37,21937.0,30.479999542236328,1087.5,1890.280029296875
2016-01-14,8.25,8.3,8.23,8.27,509720,553.03,22083.0,31.200000762939453,1073.9000244140625,1921.8399658203125
2016-01-15,8.27,8.32,8.23,8.25,593280,543.04,22027.0,29.420000076293945,1091.5,1880.3299560546875
2016-01-18,8.18,8.18,7.93,8.03,2255130,526.37,22038.0,29.420000076293945,1091.5,1880.3299560546875
2016-01-19,8.03,8.11,8.0,8.07,873480,535.77,21961.0,28.459999084472656,1089.9000244140625,1881.3299560546875
2016-01-20,8.07,8.14,8.03,8.03,651980,529.44,22090.0,26.549999237060547,1107.0999755859375,1859.3299560546875
2016-01-21,8.02,8.07,7.98,8.03,647810,521.88,22112.0,29.530000686645508,1099.0999755859375,1868.989990234375
2016-01-22,8.05,8.07,7.93,8.02,692750,522.24,22094.0,32.189998626708984,1097.199951171875,1906.9000244140625
2016-01-25,8.14,8.43,8.05,8.43,892040,542.35,21945.0,30.34000015258789,1106.199951171875,1877.0799560546875
2016-01-26,8.32,8.34,8.21,8.21,661130,537.73,21878.0,31.450000762939453,1121.699951171875,1903.6300048828125
2016-01-27,8.32,8.32,8.27,8.28,336620,542.69,21889.0,32.29999923706055,1116.0999755859375,1882.949951171875
2016-01-28,8.28,8.3,8.19,8.23,491030,539.47,21833.0,33.220001220703125,1115.5999755859375,1893.3599853515625
2016-01-29,8.28,8.32,8.21,8.3,496970,545.25,22032.0,33.619998931884766,1116.4000244140625,1940.239990234375
2016-02-01,8.32,8.39,8.23,8.34,584110,540.56,21874.0,31.6200008392334,1127.9000244140625,1939.3800048828125
2016-02-02,8.28,8.36,8.27,8.27,184210,536.45,21928.0,29.8799991607666,1127.300048828125,1903.030029296875
2016-02-03,8.3,8.39,8.27,8.34,641500,539.07,21611.0,32.279998779296875,1141.300048828125,1912.530029296875
2016-02-04,8.39,8.39,8.32,8.32,282030,542.15,21920.0,31.719999313354492,1157.5999755859375,1915.449951171875
2016-02-05,8.36,8.41,8.32,8.39,363780,544.75,21949.0,30.889999389648438,1157.800048828125,1880.050048828125
2016-02-15,8.36,8.37,8.28,8.36,342070,543.79,22007.0,29.440000534057617,1239.0999755859375,1864.780029296875
2016-02-16,8.41,8.5,8.36,8.46,346480,548.05,22007.0,29.040000915527344,1207.9000244140625,1895.5799560546875
2016-02-17,8.5,8.62,8.5,8.5,719440,547.05,22084.0,30.65999984741211,1211.0999755859375,1926.8199462890625
2016-02-18,8.53,8.64,8.52,8.61,737190,552.49,21995.0,30.770000457763672,1226.0999755859375,1917.8299560546875
2016-02-19,8.59,8.59,8.52,8.53,530400,554.03,21942.0,29.639999389648438,1230.4000244140625,1917.780029296875
2016-02-22,8.53,8.62,8.53,8.62,518820,560.71,22036.0,31.479999542236328,1209.5,1945.5
2016-02-23,8.68,8.68,8.55,8.55,727180,561.28,22011.0,31.8700008392334,1222.300048828125,1921.27001953125
2016-02-24,8.53,8.59,8.52,8.55,655980,568.04,21897.0,32.150001525878906,1238.699951171875,1929.800048828125
2016-02-25,8.59,8.64,8.52,8.52,673070,562.82,21965.0,33.06999969482422,1238.199951171875,1951.699951171875
2016-02-26,8.55,8.55,8.48,8.53,383230,566.11,22140.0,32.779998779296875,1219.800048828125,1948.050048828125
2016-02-29,8.57,8.57,8.52,8.55,516250,559.0,21941.0,33.75,1233.9000244140625,1932.22998046875
2016-03-01,8.55,8.75,8.52,8.62,1215810,561.56,21951.0,34.400001525878906,1230.300048828125,1978.3499755859375
2016-03-02,8.66,8.73,8.64,8.71,811910,570.18,21947.0,34.65999984741211,1241.0999755859375,1986.449951171875
2016-03-03,8.75,8.82,8.73,8.73,831440,570.39,21787.0,34.56999969482422,1257.4000244140625,1993.4000244140625
2016-03-04,8.7,8.82,8.7,8.77,855930,573.65,21883.0,35.91999816894531,1269.9000244140625,1999.989990234375
2016-03-07,8.77,8.84,8.7,8.7,731820,576.2,21919.0,37.900001525878906,1263.199951171875,2001.760009765625
2016-03-08,8.7,8.71,8.59,8.59,1138510,574.71,21949.0,36.5,1262.0999755859375,1979.260009765625
2016-03-09,8.55,8.62,8.55,8.59,406000,571.71,21933.0,38.290000915527344,1256.5999755859375,1989.260009765625
2016-03-10,8.59,8.64,8.57,8.62,278390,575.91,21923.0,37.84000015258789,1272.0,1989.5699462890625
2016-03-11,8.66,8.75,8.66,8.68,752610,577.26,21844.0,38.5,1258.699951171875,2022.18994140625
2016-03-14,8.77,8.84,8.71,8.71,1011740,577.98,21944.0,37.18000030517578,1244.4000244140625,2019.6400146484375
2016-03-15,8.75,8.79,8.68,8.68,545350,574.04,21915.0,36.34000015258789,1230.4000244140625,2015.9300537109375
2016-03-16,8.68,8.71,8.66,8.68,492970,577.07,21699.0,38.459999084472656,1229.300048828125,2027.219970703125
2016-03-17,8.7,8.75,8.68,8.68,630200,579.26,21957.0,40.20000076293945,1264.5,2040.5899658203125
2016-03-18,8.77,8.93,8.77,8.82,2537440,575.82,21950.0,39.439998626708984,1253.800048828125,2049.580078125
2016-03-21,8.82,8.86,8.77,8.8,708370,572.27,21944.0,39.90999984741211,1243.800048828125,2051.60009765625
2016-03-22,8.77,8.79,8.71,8.71,630690,570.91,21939.0,41.45000076293945,1248.199951171875,2049.800048828125
2016-03-23,8.71,8.77,8.68,8.71,573490,574.71,22027.0,39.790000915527344,1223.699951171875,2036.7099609375
2016-03-24,8.73,8.75,8.66,8.66,831940,570.66,21971.0,39.459999084472656,1221.4000244140625,2035.93994140625
2016-03-25,8.62,8.66,8.52,8.57,1134790,572.08,22270.0,39.459999084472656,1221.4000244140625,2035.93994140625
2016-03-28,8.64,8.64,8.57,8.59,402090,575.72,22270.0,39.38999938964844,1219.9000244140625,2037.050048828125
2016-03-29,8.59,8.59,8.48,8.5,731100,568.28,21933.0,38.279998779296875,1235.5999755859375,2055.010009765625
2016-03-30,8.5,8.57,8.45,8.5,595920,569.91,21919.0,38.31999969482422,1226.9000244140625,2063.949951171875
2016-03-31,8.5,8.59,8.43,8.43,623130,561.0,21934.0,38.34000015258789,1234.199951171875,2059.739990234375
2016-04-01,8.43,8.45,8.36,8.37,530180,558.43,21950.0,36.790000915527344,1222.199951171875,2072.780029296875
2016-04-04,8.36,8.41,8.36,8.37,370410,555.82,21940.0,35.70000076293945,1218.0,2066.1298828125
2016-04-05,8.37,8.45,8.36,8.41,286440,560.32,21947.0,35.88999938964844,1228.4000244140625,2045.1700439453125
2016-04-06,8.41,8.48,8.39,8.48,288080,567.79,21858.0,37.75,1222.5,2066.659912109375
2016-04-07,8.5,8.57,8.48,8.55,485800,571.6,21946.0,37.2599983215332,1236.199951171875,2041.9100341796875
2016-04-08,8.52,8.59,8.52,8.52,312220,572.34,21947.0,39.720001220703125,1242.5,2047.5999755859375
2016-04-11,8.55,8.62,8.5,8.57,814800,579.27,21942.0,40.36000061035156,1256.699951171875,2041.989990234375
2016-04-12,8.59,8.59,8.5,8.53,393630,579.84,21955.0,42.16999816894531,1259.4000244140625,2061.719970703125
2016-04-13,8.52,8.55,8.5,8.52,568090,578.02,21943.0,41.7599983215332,1246.800048828125,2082.419921875
2016-04-14,8.5,8.55,8.5,8.5,572360,579.49,21948.0,41.5,1225.0,2082.780029296875
2016-04-15,8.52,8.53,8.45,8.45,712110,579.86,21933.0,40.36000061035156,1233.0999755859375,2080.72998046875
2016-04-19,8.45,8.5,8.41,8.41,545970,568.28,21946.0,41.08000183105469,1253.0,2100.800048828125
2016-04-20,8.41,8.45,8.39,8.43,878290,568.03,21939.0,42.630001068115234,1253.199951171875,2102.39990234375
2016-04-21,8.46,8.5,8.43,8.46,496340,575.73,21974.0,43.18000030517578,1249.0,2091.47998046875
2016-04-22,8.46,8.55,8.43,8.55,829700,592.48,21920.0,43.72999954223633,1228.699951171875,2091.580078125
2016-04-25,8.59,8.64,8.55,8.57,562230,591.58,21941.0,42.63999938964844,1238.9000244140625,2087.7900390625
2016-04-26,8.57,8.59,8.5,8.57,333520,598.48,21942.0,44.040000915527344,1242.199951171875,2091.699951171875
2016-04-27,8.59,8.61,8.5,8.53,593060,593.96,21914.0,45.33000183105469,1249.199951171875,2095.14990234375
2016-04-28,8.59,8.82,8.53,8.66,3007080,591.67,21953.0,46.029998779296875,1265.5,2075.81005859375
2016-04-29,8.66,8.71,8.64,8.7,614320,598.37,21937.0,45.91999816894531,1289.199951171875,2065.300048828125
2016-05-04,8.62,8.64,8.53,8.61,771190,599.07,22255.0,43.779998779296875,1273.300048828125,2051.1201171875
2016-05-05,8.57,8.66,8.55,8.55,908780,601.51,21976.0,44.31999969482422,1271.4000244140625,2050.6298828125
2016-05-06,8.55,8.59,8.5,8.5,693360,606.52,21936.0,44.65999984741211,1292.9000244140625,2057.139892578125
2016-05-09,8.52,8.55,8.45,8.45,605810,603.85,21949.0,43.439998626708984,1265.5999755859375,2058.68994140625
2016-05-10,8.43,8.5,8.41,8.46,465650,605.05,21933.0,44.65999984741211,1263.9000244140625,2084.389892578125
2016-05-11,8.53,8.55,8.46,8.53,290200,614.06,21934.0,46.22999954223633,1274.5999755859375,2064.4599609375
2016-05-12,8.57,8.57,8.48,8.48,412430,612.12,21941.0,46.70000076293945,1270.300048828125,2064.110107421875
2016-05-13,8.5,8.52,8.45,8.48,393240,610.82,21955.0,46.209999084472656,1271.9000244140625,2046.6099853515625
2016-05-16,8.48,8.5,8.45,8.46,310390,615.78,22031.0,47.720001220703125,1273.4000244140625,2066.659912109375
2016-05-17,8.48,8.55,8.46,8.52,354380,624.75,21951.0,48.310001373291016,1276.199951171875,2047.2099609375
2016-05-18,8.59,8.66,8.53,8.53,692880,622.45,21934.0,48.189998626708984,1273.699951171875,2047.6300048828125
2016-05-19,8.59,8.59,8.52,8.53,186020,619.2,21953.0,48.15999984741211,1254.199951171875,2040.0400390625
2016-05-20,8.53,8.57,8.53,8.57,485060,614.81,21963.0,47.75,1252.4000244140625,2052.320068359375
2016-05-23,8.64,8.64,8.55,8.55,345150,611.03,21956.0,48.08000183105469,1251.0999755859375,2048.0400390625
2016-05-24,8.57,8.59,8.53,8.53,369180,611.62,21970.0,48.619998931884766,1228.9000244140625,2076.06005859375
2016-05-25,8.55,8.57,8.52,8.53,598370,611.89,21994.0,49.560001373291016,1223.5,2090.5400390625
2016-05-26,8.55,8.57,8.5,8.5,1328870,604.34,22022.0,49.47999954223633,1220.0999755859375,2090.10009765625
2016-05-27,8.58,8.64,8.49,8.62,543580,608.11,22032.0,49.33000183105469,1213.800048828125,2099.06005859375
2016-05-30,8.62,8.7,8.62,8.64,447160,614.5,22057.0,49.33000183105469,1213.800048828125,2099.06005859375
2016-05-31,8.66,8.66,8.58,8.58,589350,618.0,22020.0,49.099998474121094,1214.800048828125,2096.949951171875
2016-06-01,8.62,8.62,8.58,8.58,519620,619.86,22081.0,49.0099983215332,1211.9000244140625,2099.330078125
2016-06-02,8.62,8.62,8.55,8.58,318100,623.37,22178.0,49.16999816894531,1209.800048828125,2105.260009765625
2016-06-03,8.6,8.6,8.53,8.55,400290,621.88,22051.0,48.619998931884766,1240.0999755859375,2099.1298828125
2016-06-06,8.55,8.55,8.45,8.49,754110,620.05,22013.0,49.689998626708984,1244.5999755859375,2109.409912109375
2016-06-07,8.53,8.53,8.45,8.51,559610,624.65,21992.0,50.36000061035156,1244.4000244140625,2112.1298828125
2016-06-08,8.51,8.55,8.49,8.55,516630,627.87,21964.0,51.22999954223633,1259.800048828125,2119.1201171875
2016-06-09,8.55,8.55,8.51,8.51,325390,631.26,22000.0,50.560001373291016,1270.199951171875,2115.47998046875
2016-06-10,8.49,8.53,8.49,8.51,475190,629.84,21969.0,49.06999969482422,1273.4000244140625,2096.070068359375
2016-06-13,8.51,8.51,8.49,8.49,237230,623.58,21957.0,48.880001068115234,1284.4000244140625,2079.06005859375
2016-06-14,8.47,8.51,8.47,8.51,242560,625.43,21940.0,48.4900016784668,1285.5999755859375,2075.320068359375
2016-06-15,8.51,8.51,8.45,8.47,414560,627.02,21882.0,48.0099983215332,1285.800048828125,2071.5
2016-06-16,8.51,8.53,8.47,8.49,359320,625.11,22000.0,46.209999084472656,1296.0999755859375,2077.989990234375
2016-06-17,8.49,8.51,8.47,8.49,206120,619.25,21918.0,47.97999954223633,1292.5,2071.219970703125
2016-06-20,8.51,9.02,8.49,8.97,1877120,626.46,21971.0,49.369998931884766,1290.0,2083.25
2016-06-21,9.02,9.21,8.95,8.97,1442710,628.0,22090.0,48.849998474121094,1270.5,2088.89990234375
2016-06-22,8.93,9.02,8.91,8.91,300480,626.41,21840.0,49.130001068115234,1268.0,2085.449951171875
2016-06-23,8.89,8.91,8.81,8.81,826170,632.27,21984.0,50.11000061035156,1261.199951171875,2113.320068359375
2016-06-24,8.76,8.76,8.22,8.6,2562810,620.77,21830.0,47.63999938964844,1320.0,2037.4100341796875
2016-06-27,8.6,8.7,8.45,8.66,587560,621.27,21970.0,46.33000183105469,1322.5,2000.5400390625
2016-06-28,8.66,8.7,8.62,8.66,328400,622.2,21991.0,47.849998474121094,1315.300048828125,2036.0899658203125
2016-06-29,8.64,8.93,8.64,8.83,1250570,630.12,21885.0,49.880001068115234,1323.9000244140625,2070.77001953125
2016-06-30,8.93,8.95,8.79,8.79,669690,632.0,22028.0,48.33000183105469,1318.4000244140625,2098.860107421875
2016-07-01,8.83,8.89,8.79,8.81,579110,640.3,21911.0,48.9900016784668,1336.699951171875,2102.949951171875
2016-07-04,8.83,8.97,8.83,8.93,863920,647.96,21891.0,48.9900016784668,1336.699951171875,2102.949951171875
2016-07-05,8.93,8.97,8.87,8.87,791050,650.88,22114.0,46.599998474121094,1356.4000244140625,2088.550048828125
2016-07-06,8.85,8.93,8.81,8.89,602040,649.46,21882.0,47.43000030517578,1364.9000244140625,2099.72998046875
2016-07-07,8.97,9.23,8.91,9.1,1592870,661.12,21974.0,45.13999938964844,1360.0999755859375,2097.89990234375
2016-07-08,9.12,9.33,9.12,9.16,1594930,658.68,21965.0,45.40999984741211,1356.5999755859375,2129.89990234375
2016-07-11,9.18,9.25,8.95,8.95,1035540,652.26,21913.0,44.7599983215332,1355.0,2137.159912109375
2016-07-12,8.95,9.04,8.83,8.95,744580,658.9,22000.0,46.79999923706055,1334.0999755859375,2152.139892578125
2016-07-13,8.95,9.1,8.95,9.02,751090,675.12,21922.0,44.75,1342.4000244140625,2152.429931640625
2016-07-14,9.04,9.23,9.02,9.04,1880280,666.69,21914.0,45.68000030517578,1331.300048828125,2163.75
2016-07-15,9.02,9.08,8.95,8.95,730200,664.56,22152.0,45.95000076293945,1326.5,2161.739990234375
2016-07-18,8.93,8.97,8.87,8.95,578400,673.5,21885.0,45.2400016784668,1328.4000244140625,2166.889892578125
2016-07-19,8.97,8.97,8.76,8.81,1148610,667.76,22018.0,44.650001525878906,1331.5,2163.780029296875
2016-07-20,8.81,8.85,8.74,8.74,575060,660.26,21933.0,44.939998626708984,1318.800048828125,2173.02001953125
2016-07-21,8.76,8.83,8.72,8.74,448120,659.57,21923.0,44.75,1330.5,2165.169921875
2016-07-22,8.72,8.72,8.6,8.68,958530,649.87,22023.0,44.189998626708984,1323.0999755859375,2175.030029296875
2016-07-25,8.68,8.7,8.64,8.64,375880,649.3,21931.0,43.130001068115234,1319.300048828125,2168.47998046875
2016-07-26,8.64,8.66,8.58,8.6,469520,648.59,21974.0,42.91999816894531,1320.699951171875,2169.179931640625
2016-07-27,8.68,8.76,8.66,8.68,554520,656.11,21821.0,41.91999816894531,1326.5999755859375,2166.580078125
2016-07-28,8.68,8.76,8.66,8.68,512680,657.14,21957.0,41.13999938964844,1332.300048828125,2170.06005859375
2016-07-29,8.68,8.7,8.62,8.62,241530,652.23,21816.0,41.599998474121094,1349.0,2173.60009765625
2016-08-01,8.62,8.68,8.58,8.64,419730,648.38,21943.0,40.060001373291016,1351.4000244140625,2170.840087890625
2016-08-02,8.64,8.64,8.51,8.53,806630,636.05,21895.0,39.5099983215332,1364.4000244140625,2157.030029296875
2016-08-03,8.53,8.58,8.49,8.51,467420,631.61,22044.0,40.83000183105469,1356.0999755859375,2163.7900390625
2016-08-04,8.51,8.58,8.49,8.49,340270,631.94,21942.0,41.93000030517578,1358.800048828125,2164.25
2016-08-05,8.49,8.55,8.45,8.51,461730,627.39,22058.0,41.79999923706055,1336.4000244140625,2182.8701171875
2016-08-08,8.55,8.62,8.53,8.53,274690,629.46,21934.0,43.02000045776367,1333.4000244140625,2180.889892578125
2016-08-09,8.58,8.6,8.53,8.6,271030,637.34,21882.0,42.77000045776367,1339.0,2181.739990234375
2016-08-10,8.55,8.64,8.55,8.64,236760,648.33,21924.0,41.709999084472656,1344.300048828125,2175.489990234375
2016-08-11,8.68,8.79,8.66,8.79,585310,660.24,21964.0,43.4900016784668,1342.5,2185.7900390625
2016-08-12,8.83,8.91,8.72,8.74,527660,655.71,21922.0,44.4900016784668,1335.800048828125,2184.050048828125
2016-08-15,8.74,8.76,8.72,8.74,281220,659.47,21913.0,45.7400016784668,1340.300048828125,2190.14990234375
2016-08-16,8.83,9.04,8.74,8.97,1933670,658.11,21951.0,46.58000183105469,1350.5,2178.14990234375
2016-08-17,8.97,9.14,8.93,9.08,1354570,660.51,21940.0,46.790000915527344,1342.699951171875,2182.219970703125
2016-08-18,9.08,9.25,9.04,9.06,1044090,660.65,21896.0,48.220001220703125,1351.199951171875,2187.02001953125
2016-08-19,9.1,9.1,8.91,8.91,662470,662.28,21949.0,48.52000045776367,1340.4000244140625,2183.8701171875
2016-08-22,9.04,9.06,8.93,8.93,944470,657.68,21891.0,47.04999923706055,1337.699951171875,2182.639892578125
2016-08-23,9.0,9.02,8.91,8.98,443570,659.16,22008.0,48.099998474121094,1340.5999755859375,2186.89990234375
2016-08-24,9.0,9.13,9.0,9.04,749230,660.77,21977.0,46.77000045776367,1324.4000244140625,2175.43994140625
2016-08-25,9.06,9.15,9.02,9.13,601280,658.5,21960.0,47.33000183105469,1320.0999755859375,2172.469970703125
2016-08-26,9.13,9.34,9.13,9.26,2217420,667.75,22134.0,47.63999938964844,1321.5,2169.0400390625
2016-08-29,9.3,9.36,9.17,9.17,996310,669.44,21934.0,46.97999954223633,1322.9000244140625,2180.3798828125
2016-08-30,9.15,9.23,9.15,9.17,529860,672.67,21989.0,46.349998474121094,1311.699951171875,2176.1201171875
2016-08-31,9.23,9.56,9.19,9.45,3190540,675.0,21917.0,44.70000076293945,1306.9000244140625,2170.949951171875
2016-09-01,9.54,9.69,9.47,9.58,2145860,669.19,21852.0,43.15999984741211,1312.199951171875,2170.860107421875
2016-09-05,9.58,9.64,9.49,9.58,964870,664.55,21973.0,44.439998626708984,1322.0999755859375,2179.97998046875
2016-09-06,9.56,9.64,9.51,9.51,1385380,663.9,21779.0,44.83000183105469,1349.4000244140625,2186.47998046875
2016-09-07,9.49,9.49,9.36,9.49,1332450,661.28,21963.0,45.5,1344.300048828125,2186.159912109375
2016-09-08,9.56,9.95,9.51,9.82,3243480,666.07,21998.0,47.619998931884766,1336.800048828125,2181.300048828125
2016-09-09,9.9,10.01,9.79,9.84,1833910,666.88,22004.0,45.880001068115234,1330.0999755859375,2127.81005859375
2016-09-12,9.79,9.82,9.67,9.69,1220220,659.76,21916.0,46.290000915527344,1321.0,2159.0400390625
2016-09-13,9.69,9.76,9.58,9.73,1151590,659.72,21975.0,44.900001525878906,1319.0,2127.02001953125
2016-09-14,9.72,9.89,9.69,9.79,1283090,656.64,21902.0,43.58000183105469,1321.5,2125.77001953125
2016-09-15,9.79,9.79,9.58,9.64,1111400,656.18,21940.0,43.90999984741211,1313.5,2147.260009765625
2016-09-16,9.58,9.69,9.56,9.69,855440,651.31,22092.0,43.029998779296875,1305.800048828125,2139.159912109375
2016-09-19,9.77,9.79,9.64,9.75,944500,657.89,21920.0,43.29999923706055,1313.5,2139.1201171875
2016-09-20,9.79,9.88,9.73,9.83,1374570,663.37,22020.0,43.439998626708984,1313.699951171875,2139.760009765625
2016-09-21,9.84,9.88,9.77,9.79,872200,668.48,21878.0,45.34000015258789,1326.9000244140625,2163.1201171875
2016-09-22,9.79,10.2,9.79,10.03,2821740,671.38,22003.0,46.31999969482422,1340.4000244140625,2177.179931640625
2016-09-23,10.07,10.25,10.07,10.2,2331180,674.09,21950.0,44.47999954223633,1337.199951171875,2164.68994140625
2016-09-26,10.25,10.38,10.25,10.29,1938720,677.04,21940.0,45.93000030517578,1339.699951171875,2146.10009765625
2016-09-27,10.28,10.29,10.18,10.29,2011410,684.89,22018.0,44.66999816894531,1325.9000244140625,2159.929931640625
2016-09-28,10.26,10.44,10.25,10.31,1675680,686.72,21956.0,47.04999923706055,1319.4000244140625,2171.3701171875
2016-09-29,10.25,10.33,10.14,10.19,1885090,688.55,21945.0,47.83000183105469,1321.699951171875,2151.1298828125
2016-09-30,10.2,10.2,10.04,10.04,1725770,686.0,21797.0,48.2400016784668,1313.300048828125,2168.27001953125
2016-10-03,10.05,10.16,9.97,10.04,1063670,683.05,22004.0,48.810001373291016,1309.0,2161.199951171875
2016-10-04,10.1,10.19,9.9,10.07,1945280,684.2,21888.0,48.689998626708984,1266.300048828125,2150.489990234375
2016-10-05,10.12,10.12,10.04,10.07,482560,687.04,21983.0,49.83000183105469,1265.199951171875,2159.72998046875
2016-10-06,10.07,10.11,9.92,9.92,808750,687.32,22026.0,50.439998626708984,1249.800048828125,2160.77001953125
2016-10-07,9.93,9.97,9.62,9.7,2656510,683.95,21829.0,49.810001373291016,1248.9000244140625,2153.739990234375
2016-10-10,9.7,9.7,9.39,9.39,2105790,674.19,21994.0,49.810001373291016,1248.9000244140625,2163.659912109375
2016-10-11,9.39,9.58,9.29,9.58,1576130,682.36,22000.0,50.790000915527344,1253.0,2136.72998046875
2016-10-12,9.56,9.6,9.41,9.43,737050,682.45,21954.0,50.18000030517578,1251.0999755859375,2139.179931640625
2016-10-13,9.41,9.51,9.34,9.47,455610,685.23,21891.0,50.439998626708984,1255.0,2132.550048828125
2016-10-14,9.45,9.49,9.43,9.44,556120,687.0,22025.0,50.349998474121094,1253.0999755859375,2132.97998046875
2016-10-17,9.45,9.45,9.34,9.34,799570,680.95,21926.0,49.939998626708984,1254.4000244140625,2126.5
2016-10-18,9.34,9.44,9.26,9.39,461070,682.02,22006.0,50.290000915527344,1260.800048828125,2139.60009765625
2016-10-19,9.36,9.5,9.36,9.44,484690,688.89,21966.0,51.599998474121094,1267.9000244140625,2144.2900390625
2016-10-20,9.49,9.51,9.35,9.36,452160,686.39,22038.0,50.43000030517578,1265.5999755859375,2141.340087890625
2016-10-21,9.36,9.42,9.34,9.34,368030,684.83,21967.0,50.849998474121094,1265.9000244140625,2141.159912109375
2016-10-24,9.34,9.39,9.28,9.3,683800,678.02,21986.0,50.52000045776367,1262.0,2151.330078125
2016-10-25,9.3,9.45,9.21,9.3,798790,676.18,21953.0,49.959999084472656,1271.9000244140625,2143.159912109375
2016-10-26,9.3,9.39,9.23,9.26,498350,673.61,21995.0,49.18000030517578,1264.800048828125,2139.429931640625
2016-10-27,9.32,9.32,9.26,9.3,320770,676.9,22022.0,49.720001220703125,1267.9000244140625,2133.0400390625
2016-10-28,9.3,9.39,9.29,9.39,623240,682.25,21820.0,48.70000076293945,1275.5,2126.409912109375
2016-10-31,9.41,9.45,9.36,9.36,366100,676.0,21916.0,46.86000061035156,1271.5,2126.14990234375
2016-11-01,9.39,9.39,9.32,9.32,287980,676.6,21899.0,46.66999816894531,1286.4000244140625,2111.719970703125
2016-11-02,9.32,9.34,9.17,9.17,607470,671.4,21962.0,45.34000015258789,1306.800048828125,2097.93994140625
2016-11-03,9.15,9.15,8.98,9.04,819360,667.63,21900.0,44.65999984741211,1302.0999755859375,2088.659912109375
2016-11-04,9.04,9.13,9.04,9.07,216080,666.73,21895.0,44.06999969482422,1303.300048828125,2085.179931640625
2016-11-07,9.06,9.23,9.06,9.21,270420,674.14,22008.0,44.88999938964844,1278.300048828125,2131.52001953125
2016-11-08,9.21,9.31,9.21,9.22,357870,676.46,22027.0,44.97999954223633,1273.4000244140625,2139.56005859375
2016-11-09,9.22,9.22,8.85,9.08,1259800,670.26,22316.0,45.27000045776367,1272.5999755859375,2163.260009765625
2016-11-10,9.17,9.23,9.15,9.19,279210,678.17,21984.0,44.65999984741211,1265.5,2167.47998046875
2016-11-11,9.23,9.35,9.21,9.26,549240,679.2,21997.0,44.65999984741211,1265.5,2164.449951171875
2016-11-14,9.19,9.26,9.17,9.2,357500,673.05,22066.0,43.31999969482422,1221.199951171875,2164.199951171875
2016-11-15,9.21,9.3,9.19,9.3,410010,674.26,22067.0,45.810001373291016,1224.0,2180.389892578125
2016-11-16,9.32,9.34,9.21,9.27,483700,674.6,22381.0,45.56999969482422,1223.4000244140625,2176.93994140625
2016-11-17,9.27,9.27,9.17,9.17,342390,674.57,22272.0,45.41999816894531,1216.5,2187.1201171875
2016-11-18,9.15,9.29,9.15,9.28,272520,673.25,22215.0,45.689998626708984,1208.5,2181.89990234375
2016-11-21,9.3,9.34,9.21,9.28,398940,674.29,22191.0,47.4900016784668,1209.5999755859375,2198.179931640625
2016-11-22,9.26,9.33,9.26,9.28,475660,681.91,22177.0,48.029998779296875,1211.0,2202.93994140625
2016-11-23,9.32,9.49,9.28,9.46,933400,683.16,22415.0,47.959999084472656,1189.0999755859375,2204.719970703125
2016-11-24,9.43,9.63,9.43,9.55,1109900,678.18,22407.0,47.959999084472656,1189.0999755859375,2204.719970703125
2016-11-25,9.56,9.56,9.45,9.46,523930,675.87,22355.0,46.060001373291016,1178.199951171875,2213.35009765625
2016-11-28,9.46,9.46,9.3,9.36,401290,665.29,22311.0,47.08000183105469,1190.5999755859375,2201.719970703125
2016-11-29,9.36,9.36,9.19,9.29,488970,658.26,22188.0,45.22999954223633,1187.9000244140625,2204.659912109375
2016-11-30,9.26,9.33,9.23,9.33,284250,665.0,22291.0,49.439998626708984,1170.800048828125,2198.81005859375
2016-12-01,9.3,9.43,9.3,9.3,247450,666.54,22223.0,51.060001373291016,1166.9000244140625,2191.080078125
2016-12-02,9.3,9.33,9.23,9.25,265850,665.14,22283.0,51.68000030517578,1175.0999755859375,2191.949951171875
2016-12-05,9.26,9.3,9.17,9.17,320460,660.21,22205.0,51.790000915527344,1174.0,2204.7099609375
2016-12-06,9.21,9.22,9.11,9.11,407380,651.49,22389.0,50.93000030517578,1167.5999755859375,2212.22998046875
2016-12-07,9.11,9.15,9.06,9.06,283670,653.53,22261.0,49.77000045776367,1175.0,2241.35009765625
2016-12-08,9.15,9.15,9.08,9.09,145770,658.89,22627.0,50.84000015258789,1169.800048828125,2246.18994140625
2016-12-09,9.16,9.36,9.15,9.23,355440,663.07,22250.0,51.5,1159.4000244140625,2259.530029296875
2016-12-12,9.26,9.26,9.08,9.08,372110,659.7,22187.0,52.83000183105469,1163.5,2256.9599609375
2016-12-13,9.08,9.12,9.0,9.0,359950,654.66,22239.0,52.97999954223633,1156.699951171875,2271.719970703125
2016-12-14,9.0,9.08,8.99,9.04,394960,665.14,22587.0,51.040000915527344,1161.300048828125,2253.280029296875
2016-12-15,9.04,9.06,9.0,9.01,282950,665.92,22354.0,50.900001525878906,1127.800048828125,2262.030029296875
2016-12-16,9.03,9.06,9.0,9.06,298690,675.16,22745.0,51.900001525878906,1135.300048828125,2258.070068359375
2016-12-19,9.06,9.19,9.06,9.19,218900,674.33,22438.0,52.119998931884766,1140.5,2262.530029296875
2016-12-20,9.16,9.23,9.15,9.16,293780,662.66,22350.0,52.22999954223633,1131.5,2270.760009765625
2016-12-21,9.16,9.2,9.14,9.15,377770,666.94,22340.0,52.4900016784668,1131.0999755859375,2265.179931640625
2016-12-22,9.21,9.3,9.15,9.16,659310,664.15,22402.0,52.95000076293945,1128.800048828125,2260.9599609375
2016-12-23,9.22,9.22,9.15,9.18,325140,664.37,22378.0,53.02000045776367,1131.9000244140625,2263.7900390625
2016-12-26,9.18,9.23,9.15,9.19,243940,662.45,22366.0,53.02000045776367,1131.9000244140625,2263.7900390625
2016-12-27,9.19,9.36,9.19,9.29,789970,663.86,22364.0,53.900001525878906,1137.300048828125,2268.8798828125
2016-12-28,9.31,9.43,9.31,9.39,864320,663.5,22392.0,54.060001373291016,1139.4000244140625,2249.919921875
2016-12-29,9.43,9.43,9.32,9.35,376220,664.72,22318.0,53.77000045776367,1156.4000244140625,2249.260009765625
2016-12-30,9.39,9.53,9.33,9.47,1643340,664.87,22468.0,53.720001220703125,1150.0,2238.830078125
2017-01-03,9.54,9.68,9.54,9.65,1013070,672.01,22338.0,52.33000183105469,1160.4000244140625,2257.830078125
2017-01-04,9.64,9.84,9.62,9.74,1022560,674.7,22222.0,53.2599983215332,1163.800048828125,2270.75
2017-01-05,9.73,9.77,9.71,9.71,613870,675.81,22062.0,53.7599983215332,1179.699951171875,2269.0
2017-01-06,9.73,9.79,9.68,9.68,799750,679.8,22297.0,53.9900016784668,1171.9000244140625,2276.97998046875
2017-01-09,9.7,9.77,9.67,9.73,501610,682.57,22077.0,51.959999084472656,1183.5,2268.89990234375
2017-01-10,9.74,9.9,9.72,9.9,1045680,681.07,22237.0,50.81999969482422,1184.199951171875,2268.89990234375
2017-01-11,9.97,10.03,9.92,9.92,740990,687.16,22059.0,52.25,1195.5999755859375,2275.320068359375
2017-01-12,9.92,9.95,9.87,9.89,540350,686.96,22265.0,53.0099983215332,1198.9000244140625,2270.43994140625
2017-01-13,9.92,9.99,9.62,9.67,1640150,685.06,22202.0,52.369998931884766,1195.300048828125,2274.639892578125
2017-01-16,9.67,9.67,9.47,9.47,896110,677.94,22174.0,52.369998931884766,1195.300048828125,2274.639892578125
2017-01-17,9.47,9.64,9.47,9.56,521250,684.71,22195.0,52.47999954223633,1212.0,2267.889892578125
2017-01-18,9.62,9.62,9.43,9.43,496120,683.28,22309.0,51.08000183105469,1211.300048828125,2271.889892578125
2017-01-19,9.43,9.47,9.35,9.43,589210,682.31,22196.0,51.369998931884766,1200.9000244140625,2263.68994140625
2017-01-20,9.43,9.58,9.42,9.51,662850,686.26,22084.0,52.41999816894531,1204.300048828125,2271.31005859375
2017-01-23,9.56,9.6,9.51,9.57,457700,687.15,22100.0,52.75,1215.0,2265.199951171875
2017-01-24,9.62,9.67,9.54,9.62,280500,691.36,22229.0,53.18000030517578,1210.300048828125,2280.070068359375
2017-01-25,9.67,9.75,9.61,9.71,421770,697.28,22227.0,52.75,1197.300048828125,2298.3701171875
2017-02-02,9.73,9.77,9.6,9.67,487480,703.18,22640.0,53.540000915527344,1216.699951171875,2280.85009765625
2017-02-03,9.62,9.67,9.56,9.62,497380,700.35,22137.0,53.83000183105469,1218.5,2297.419921875
2017-02-06,9.58,9.58,9.51,9.54,553780,700.04,22196.0,53.0099983215332,1230.0,2292.56005859375
2017-02-07,9.53,9.62,9.53,9.58,919390,701.91,22210.0,52.16999816894531,1234.199951171875,2293.080078125
2017-02-08,9.6,9.68,9.57,9.6,580940,702.04,22183.0,52.34000015258789,1237.5999755859375,2294.669921875
2017-02-09,9.6,9.62,9.58,9.59,796670,700.65,22347.0,53.0,1235.0999755859375,2307.8701171875
2017-02-10,9.58,9.6,9.53,9.57,615430,703.78,22266.0,53.86000061035156,1234.4000244140625,2316.10009765625
2017-02-13,9.6,9.65,9.56,9.64,843490,705.9,22398.0,52.93000030517578,1224.4000244140625,2328.25
2017-02-14,9.69,9.99,9.67,9.99,1942460,706.26,22478.0,53.20000076293945,1223.9000244140625,2337.580078125
2017-02-15,10.01,10.01,9.86,9.9,1155260,711.57,22319.0,53.11000061035156,1231.699951171875,2349.25
2017-02-16,9.9,9.96,9.75,9.75,1114930,709.35,22305.0,53.36000061035156,1240.0,2347.219970703125
2017-02-17,9.73,9.79,9.67,9.75,816130,707.83,22483.0,53.400001525878906,1237.5999755859375,2351.159912109375
2017-02-20,9.75,9.77,9.69,9.7,739970,710.59,22464.0,53.400001525878906,1237.5999755859375,2351.159912109375
2017-02-21,9.75,9.88,9.7,9.77,1056640,716.55,22469.0,54.060001373291016,1237.5,2365.3798828125
2017-02-22,9.84,9.97,9.77,9.86,1230810,717.24,22334.0,53.59000015258789,1232.0,2362.820068359375
2017-02-23,9.88,9.98,9.83,9.9,1042580,716.87,22830.0,54.45000076293945,1250.199951171875,2363.81005859375
2017-02-24,9.9,9.92,9.79,9.9,929360,714.47,22815.0,53.9900016784668,1256.9000244140625,2367.340087890625
2017-02-27,9.9,10.1,9.9,10.02,1791360,717.44,22777.0,54.04999923706055,1257.4000244140625,2369.75
2017-02-28,10.03,10.07,9.86,9.87,787960,711.0,22760.0,54.0099983215332,1252.5999755859375,2363.639892578125
2017-03-01,9.87,9.88,9.76,9.84,814870,709.52,22391.0,53.83000183105469,1248.9000244140625,2395.9599609375
2017-03-02,9.84,9.88,9.77,9.78,625140,707.51,22474.0,52.61000061035156,1231.9000244140625,2381.919921875
2017-03-03,9.78,9.88,9.72,9.83,400430,712.62,22840.0,53.33000183105469,1225.5,2383.1201171875
2017-03-06,9.83,9.92,9.83,9.89,519090,716.29,22800.0,53.20000076293945,1224.5,2375.31005859375
2017-03-07,9.9,9.9,9.81,9.86,474030,716.54,22448.0,53.13999938964844,1215.0999755859375,2368.389892578125
2017-03-08,9.84,9.9,9.81,9.86,486250,716.6,22461.0,50.279998779296875,1208.5,2362.97998046875
2017-03-09,9.86,9.88,9.79,9.79,517110,715.8,22390.0,49.279998779296875,1202.4000244140625,2364.8701171875
2017-03-10,9.86,9.99,9.84,9.9,1204950,712.21,22281.0,48.4900016784668,1200.699951171875,2372.60009765625
2017-03-13,9.92,9.97,9.84,9.85,463260,710.17,22458.0,48.400001525878906,1202.4000244140625,2373.469970703125
2017-03-14,9.86,9.95,9.84,9.84,600400,714.71,22483.0,47.720001220703125,1201.9000244140625,2365.449951171875
2017-03-15,9.84,9.88,9.78,9.81,632570,713.14,22224.0,48.86000061035156,1200.0999755859375,2385.260009765625
2017-03-16,9.82,9.88,9.79,9.84,610500,714.92,22310.0,48.75,1226.5,2381.3798828125
2017-03-17,9.88,9.97,9.85,9.88,987600,710.54,22404.0,48.779998779296875,1229.800048828125,2378.25
2017-03-20,9.88,10.05,9.88,10.03,1573640,715.07,22447.0,48.220001220703125,1233.5999755859375,2373.469970703125
2017-03-21,10.07,10.17,10.03,10.03,1881270,716.18,22419.0,47.34000015258789,1246.0999755859375,2344.02001953125
2017-03-22,10.05,10.06,9.92,9.92,1208130,712.94,22390.0,48.040000915527344,1249.300048828125,2348.449951171875
2017-03-23,9.9,10.33,9.88,10.33,2026020,719.56,22429.0,47.70000076293945,1246.9000244140625,2345.9599609375
2017-03-24,10.42,10.55,10.21,10.27,1937460,722.14,22432.0,47.970001220703125,1248.199951171875,2343.97998046875
2017-03-27,10.25,10.33,10.17,10.25,1021940,723.52,22408.0,47.72999954223633,1255.4000244140625,2341.590087890625
2017-03-28,10.25,10.39,10.18,10.2,1161770,719.26,22490.0,48.369998931884766,1255.300048828125,2358.570068359375
2017-03-29,10.2,10.29,10.16,10.22,605170,720.47,22447.0,49.5099983215332,1253.4000244140625,2361.1298828125
2017-03-30,10.22,10.3,10.14,10.14,752470,723.86,22524.0,50.349998474121094,1245.0,2368.06005859375
2017-03-31,10.14,10.27,10.12,10.18,1213360,722.0,22435.0,50.599998474121094,1247.300048828125,2362.719970703125
2017-04-03,10.18,10.22,9.99,9.99,1994720,722.38,22329.0,50.2400016784668,1250.800048828125,2358.840087890625
2017-04-04,9.98,10.12,9.98,10.12,981010,724.14,22249.0,51.029998779296875,1255.0,2360.159912109375
2017-04-05,10.12,10.12,10.02,10.02,598970,723.22,22320.0,51.150001525878906,1245.4000244140625,2352.949951171875
2017-04-07,9.98,10.13,9.98,10.12,900280,727.95,22655.0,52.2400016784668,1254.300048828125,2355.5400390625
2017-04-10,10.12,10.17,10.1,10.12,421960,729.87,22650.0,53.08000183105469,1251.0999755859375,2357.159912109375
2017-04-11,10.12,10.18,10.07,10.11,405130,731.33,22653.0,53.400001525878906,1271.199951171875,2353.780029296875
2017-04-12,10.12,10.28,10.11,10.24,1296510,725.58,22670.0,53.11000061035156,1275.300048828125,2344.929931640625
2017-04-13,10.19,10.25,10.16,10.17,518960,724.35,22645.0,53.18000030517578,1285.9000244140625,2328.949951171875
2017-04-14,10.14,10.15,9.88,9.91,1444000,718.45,22355.0,53.18000030517578,1285.9000244140625,2328.949951171875
2017-04-17,9.91,10.01,9.84,9.84,1066820,710.83,22285.0,52.650001525878906,1289.4000244140625,2349.010009765625
2017-04-18,9.84,9.9,9.76,9.9,596530,714.93,22232.0,52.40999984741211,1291.699951171875,2342.18994140625
2017-04-19,9.9,9.99,9.88,9.9,1132270,716.77,22398.0,50.439998626708984,1281.4000244140625,2338.169921875
2017-04-20,9.9,9.98,9.86,9.87,526060,712.66,22439.0,50.27000045776367,1281.9000244140625,2355.840087890625
2017-04-21,9.95,9.99,9.87,9.87,407700,712.41,22292.0,49.619998931884766,1287.4000244140625,2348.68994140625
2017-04-24,9.87,9.91,9.83,9.85,465680,709.39,22332.0,49.22999954223633,1275.800048828125,2374.14990234375
2017-04-25,9.82,9.9,9.79,9.83,602100,707.58,22300.0,49.560001373291016,1265.5999755859375,2388.610107421875
2017-04-26,9.88,9.91,9.84,9.9,483590,710.04,22350.0,49.619998931884766,1262.0999755859375,2387.449951171875
2017-04-27,9.92,10.05,9.92,10.01,1001040,716.53,22417.0,48.970001220703125,1263.699951171875,2388.77001953125
2017-04-28,9.99,10.02,9.9,10.0,444560,717.73,22465.0,49.33000183105469,1266.0999755859375,2384.199951171875
2017-05-03,10.05,10.18,10.0,10.12,806650,719.54,22426.0,47.81999969482422,1246.4000244140625,2388.1298828125
2017-05-04,10.12,10.2,10.1,10.12,692490,722.02,22280.0,45.52000045776367,1226.5,2389.52001953125
2017-05-05,10.12,10.17,10.1,10.14,309370,720.0,22286.0,46.220001220703125,1224.800048828125,2399.2900390625
2017-05-08,10.1,10.15,10.07,10.12,367850,718.86,22422.0,46.43000030517578,1225.300048828125,2399.3798828125
2017-05-09,10.16,10.4,10.16,10.4,1168370,722.11,22415.0,45.880001068115234,1214.300048828125,2396.919921875
2017-05-10,10.44,10.54,10.35,10.35,1568980,724.31,22375.0,47.33000183105469,1217.300048828125,2399.6298828125
2017-05-11,10.35,10.42,10.26,10.35,709020,724.99,22376.0,47.83000183105469,1222.699951171875,2394.43994140625
2017-05-12,10.35,10.42,10.33,10.33,528780,725.37,22210.0,47.84000015258789,1226.199951171875,2390.89990234375
2017-05-15,10.33,10.33,10.28,10.29,506520,725.35,22302.0,48.849998474121094,1228.5999755859375,2402.320068359375
2017-05-16,10.29,10.4,10.21,10.22,638370,725.03,22240.0,48.65999984741211,1235.0,2400.669921875
2017-05-17,10.22,10.33,10.17,10.29,553800,727.2,22216.0,49.06999969482422,1257.5,2357.030029296875
2017-05-18,10.32,10.48,10.26,10.31,909220,726.99,22404.0,49.349998474121094,1251.699951171875,2365.719970703125
2017-05-19,10.31,10.42,10.29,10.42,718260,733.82,22257.0,50.33000183105469,1252.699951171875,2381.72998046875
2017-05-22,10.44,10.56,10.44,10.44,1719610,744.1,22325.0,50.72999954223633,1260.699951171875,2394.02001953125
2017-05-23,10.47,10.63,10.44,10.52,2066240,740.93,22447.0,51.470001220703125,1254.800048828125,2398.419921875
2017-05-24,10.59,10.6,10.52,10.57,1304860,742.74,22269.0,51.36000061035156,1252.4000244140625,2404.389892578125
2017-05-25,10.87,10.87,10.73,10.76,1713400,741.91,22349.0,48.900001525878906,1255.800048828125,2415.070068359375
2017-05-26,10.76,10.76,10.61,10.64,868540,743.41,22451.0,49.79999923706055,1267.5999755859375,2415.820068359375
2017-05-29,10.64,10.79,10.64,10.76,634230,746.25,22424.0,49.79999923706055,1267.5999755859375,2415.820068359375
2017-05-30,10.69,11.03,10.69,10.87,1868870,738.21,22290.0,49.65999984741211,1262.0999755859375,2412.909912109375
2017-05-31,10.87,11.0,10.87,10.87,1063000,738.0,22304.0,48.31999969482422,1272.0,2411.800048828125
2017-06-01,10.89,10.99,10.89,10.98,787160,741.8,22380.0,48.36000061035156,1267.0,2430.06005859375
2017-06-02,11.02,11.04,10.89,10.93,809190,738.81,22227.0,47.65999984741211,1276.800048828125,2439.070068359375
2017-06-05,11.02,11.03,10.9,10.93,666610,743.49,22335.0,47.400001525878906,1279.300048828125,2436.10009765625
2017-06-06,10.94,11.32,10.94,11.19,1481770,751.31,22311.0,48.189998626708984,1294.4000244140625,2429.330078125
2017-06-07,11.32,11.32,11.13,11.13,842710,753.46,22252.0,45.720001220703125,1290.0999755859375,2433.139892578125
2017-06-08,11.12,11.21,11.04,11.17,630430,750.13,22396.0,45.63999938964844,1276.300048828125,2433.7900390625
2017-06-09,11.17,11.5,11.17,11.41,1569640,749.72,22301.0,45.83000183105469,1268.5,2431.77001953125
2017-06-12,11.37,11.42,11.27,11.29,553000,751.09,22361.0,46.08000183105469,1266.0999755859375,2429.389892578125
2017-06-13,11.37,11.6,11.37,11.46,1573850,756.89,22332.0,46.459999084472656,1265.800048828125,2440.35009765625
2017-06-14,11.57,11.57,11.4,11.42,780590,760.77,22352.0,44.72999954223633,1272.800048828125,2437.919921875
2017-06-15,11.43,11.47,11.38,11.47,615030,760.57,22345.0,44.459999084472656,1252.199951171875,2432.4599609375
2017-06-16,11.5,11.56,11.45,11.55,603990,761.24,22339.0,44.7400016784668,1254.0,2433.14990234375
2017-06-19,11.62,11.72,11.61,11.7,1192040,766.83,22481.0,44.20000076293945,1244.199951171875,2453.4599609375
2017-06-20,11.75,11.75,11.62,11.66,762030,767.99,22406.0,43.22999954223633,1241.0,2437.030029296875
2017-06-21,11.7,12.0,11.64,12.0,1942410,767.41,22329.0,42.529998779296875,1243.4000244140625,2435.610107421875
2017-06-22,11.95,12.2,11.95,12.03,1244630,766.3,22395.0,42.7400016784668,1247.5999755859375,2434.5
2017-06-23,12.03,12.08,11.93,11.99,759780,769.01,22312.0,43.0099983215332,1256.199951171875,2438.300048828125
2017-06-26,12.09,12.09,11.75,11.8,1375990,772.52,22369.0,43.380001068115234,1246.300048828125,2439.070068359375
2017-06-27,11.75,11.78,11.48,11.55,2818290,767.51,22236.0,44.2400016784668,1246.4000244140625,2419.3798828125
2017-06-28,11.6,11.72,11.53,11.71,940300,769.04,22355.0,44.7400016784668,1248.0,2440.68994140625
2017-06-29,11.7,11.79,11.7,11.75,730260,771.75,22318.0,44.93000030517578,1244.199951171875,2419.699951171875
2017-06-30,11.75,11.84,11.57,11.84,1117400,776.0,22338.0,46.040000915527344,1240.699951171875,2423.409912109375
2017-07-03,11.84,11.84,11.7,11.72,662700,778.88,22411.0,47.06999969482422,1217.9000244140625,2429.010009765625
2017-07-04,11.75,11.8,11.7,11.78,922560,775.54,22392.0,47.06999969482422,1217.9000244140625,2429.010009765625
2017-07-05,11.75,11.8,11.74,11.8,508490,778.32,22331.0,45.130001068115234,1220.4000244140625,2432.5400390625
2017-07-06,11.81,12.1,11.78,12.1,1924630,782.65,22730.0,45.52000045776367,1222.199951171875,2409.75
2017-07-07,12.15,12.48,12.13,12.28,2447400,775.73,22744.0,44.22999954223633,1208.5999755859375,2425.179931640625
2017-07-10,12.18,12.31,12.03,12.18,1816570,766.56,22390.0,44.400001525878906,1212.0999755859375,2427.429931640625
2017-07-11,12.1,12.15,11.88,12.03,1027560,769.36,22246.0,45.040000915527344,1213.5999755859375,2425.530029296875
2017-07-12,12.1,12.15,11.89,12.12,758630,774.17,22463.0,45.4900016784668,1218.0999755859375,2443.25
2017-07-13,12.08,12.34,12.05,12.34,972830,778.3,22357.0,46.08000183105469,1216.300048828125,2447.830078125
2017-07-14,12.34,12.37,12.23,12.31,541080,777.6,22274.0,46.540000915527344,1226.5999755859375,2459.27001953125
2017-07-17,12.31,12.31,12.05,12.13,905330,768.91,22344.0,46.02000045776367,1232.800048828125,2459.139892578125
2017-07-18,12.03,12.13,11.96,12.08,866850,767.49,22387.0,46.400001525878906,1241.0999755859375,2460.610107421875
2017-07-19,12.08,12.2,11.78,11.85,984170,771.3,22400.0,47.119998931884766,1241.199951171875,2473.830078125
2017-07-20,11.78,11.85,11.67,11.83,896480,768.41,22142.0,46.790000915527344,1244.800048828125,2473.449951171875
2017-07-21,11.88,11.95,11.67,11.67,663330,761.86,22356.0,45.77000045776367,1254.300048828125,2472.5400390625
2017-07-24,11.67,11.78,11.62,11.75,596990,759.74,22401.0,46.34000015258789,1253.9000244140625,2469.909912109375
2017-07-25,11.75,11.85,11.67,11.8,592490,767.27,22397.0,47.88999938964844,1251.699951171875,2477.1298828125
2017-07-26,11.8,12.08,11.8,12.08,702050,773.88,22194.0,48.75,1249.0,2477.830078125
2017-07-27,12.13,12.29,12.05,12.18,1244010,771.5,22440.0,49.040000915527344,1259.5999755859375,2475.419921875
2017-07-28,12.18,12.29,12.1,12.27,1611740,777.0,22307.0,49.709999084472656,1268.4000244140625,2472.10009765625
2017-07-31,12.26,12.28,12.15,12.22,663380,784.0,22181.0,50.16999816894531,1266.5999755859375,2470.300048828125
2017-08-01,12.24,12.5,12.18,12.38,1455870,786.81,22400.0,49.15999984741211,1272.5999755859375,2476.35009765625
2017-08-02,12.42,12.61,12.31,12.48,2150390,786.23,22346.0,49.59000015258789,1271.800048828125,2477.570068359375
2017-08-03,12.56,12.91,12.51,12.66,1998770,788.49,22330.0,49.029998779296875,1267.800048828125,2472.159912109375
2017-08-04,12.71,12.74,12.52,12.66,827080,788.68,22582.0,49.58000183105469,1258.300048828125,2476.830078125
2017-08-07,12.66,12.66,12.56,12.6,766980,792.98,22399.0,49.38999938964844,1258.199951171875,2480.909912109375
2017-08-08,12.6,12.63,12.37,12.37,1460460,791.57,22517.0,49.16999816894531,1256.4000244140625,2474.919921875
2017-08-09,12.36,12.36,12.17,12.23,1842380,773.66,22345.0,49.560001373291016,1273.0,2474.02001953125
2017-08-10,12.13,12.37,12.13,12.36,872820,773.43,22302.0,48.59000015258789,1283.699951171875,2438.2099609375
2017-08-11,12.38,12.51,12.28,12.5,548460,772.08,22271.0,48.81999969482422,1287.699951171875,2441.320068359375
2017-08-14,12.63,12.63,12.43,12.43,773240,776.17,22423.0,47.59000015258789,1284.199951171875,2465.840087890625
2017-08-15,12.43,12.43,12.26,12.36,820690,771.06,22411.0,47.54999923706055,1273.699951171875,2464.610107421875
2017-08-16,12.36,12.36,12.24,12.28,814430,773.57,22252.0,46.779998779296875,1276.9000244140625,2468.110107421875
2017-08-17,12.38,12.44,12.23,12.23,640030,767.59,22336.0,47.09000015258789,1286.4000244140625,2430.010009765625
2017-08-18,12.23,12.33,12.1,12.25,363920,768.97,22366.0,48.5099983215332,1285.699951171875,2425.550048828125
2017-08-21,12.38,12.38,12.25,12.32,355750,768.79,22284.0,47.369998931884766,1290.800048828125,2428.3701171875
2017-08-22,12.31,12.32,12.15,12.15,416720,761.26,22371.0,47.63999938964844,1285.0999755859375,2452.510009765625
2017-08-23,12.13,12.25,12.13,12.18,517300,765.98,22342.0,48.40999984741211,1288.9000244140625,2444.0400390625
2017-08-24,12.23,12.33,12.18,12.31,433820,769.77,22386.0,47.43000030517578,1286.5,2438.969970703125
2017-08-25,12.33,12.35,12.25,12.25,374570,771.63,22196.0,47.869998931884766,1292.5,2443.050048828125
2017-08-28,12.2,12.28,12.19,12.28,569140,777.26,22323.0,46.56999969482422,1309.699951171875,2444.239990234375
2017-08-29,12.25,12.41,12.24,12.32,828090,774.03,22528.0,46.439998626708984,1313.0999755859375,2446.300048828125
2017-08-30,12.29,12.36,12.27,12.33,322140,778.65,22502.0,45.959999084472656,1308.0999755859375,2457.590087890625
2017-08-31,12.33,12.59,12.33,12.51,1115030,783.0,22290.0,47.22999954223633,1316.199951171875,2471.64990234375
2017-09-01,12.54,12.55,12.46,12.54,268680,788.73,22495.0,47.290000915527344,1324.5,2476.550048828125
2017-09-05,12.54,12.54,12.45,12.51,447330,792.31,22366.0,48.65999984741211,1339.199951171875,2457.85009765625
2017-09-06,12.5,12.5,12.33,12.44,510590,793.55,22406.0,49.15999984741211,1333.9000244140625,2465.5400390625
2017-09-07,12.38,12.46,12.36,12.36,479950,796.72,22326.0,49.09000015258789,1345.0999755859375,2465.10009765625
2017-09-08,12.38,12.38,12.31,12.31,478140,801.2,22458.0,47.47999954223633,1346.0,2461.429931640625
2017-09-11,12.31,12.44,12.2,12.22,843320,797.47,22500.0,48.06999969482422,1331.0,2488.110107421875
2017-09-12,12.25,12.41,12.23,12.41,853680,799.94,22343.0,48.22999954223633,1328.0,2496.47998046875
2017-09-13,12.46,12.75,12.46,12.58,1944610,802.78,22575.0,49.29999923706055,1323.4000244140625,2498.3701171875
2017-09-14,12.64,12.64,12.47,12.47,857090,806.32,22362.0,49.88999938964844,1324.699951171875,2495.6201171875
2017-09-15,12.46,12.51,12.38,12.44,794420,805.82,22398.0,49.88999938964844,1320.4000244140625,2500.22998046875
2017-09-18,12.47,12.49,12.38,12.47,803430,807.87,22398.0,49.90999984741211,1306.300048828125,2503.8701171875
2017-09-19,12.51,12.6,12.49,12.49,869330,805.93,22386.0,49.47999954223633,1306.199951171875,2506.64990234375
2017-09-20,12.55,12.58,12.47,12.55,631410,805.86,22612.0,50.40999984741211,1312.0,2508.239990234375
2017-09-21,12.62,12.8,12.58,12.75,2667670,803.93,22329.0,50.54999923706055,1290.5999755859375,2500.60009765625
2017-09-22,12.8,12.89,12.75,12.76,1394280,807.13,22433.0,50.65999984741211,1293.300048828125,2502.219970703125
2017-09-25,12.84,12.84,12.6,12.6,745050,805.58,22452.0,52.220001220703125,1306.800048828125,2496.659912109375
2017-09-26,12.6,12.64,12.51,12.64,878850,805.35,22389.0,51.880001068115234,1297.0,2496.840087890625
2017-09-27,12.64,12.75,12.56,12.64,868830,803.77,22398.0,52.13999938964844,1283.4000244140625,2507.0400390625
2017-09-28,12.64,12.71,12.49,12.63,774370,804.82,22378.0,51.560001373291016,1285.5,2510.06005859375
2017-09-29,12.62,12.64,12.54,12.58,395560,804.42,22523.0,51.66999816894531,1281.5,2519.360107421875
2017-10-02,12.58,12.63,12.4,12.44,911190,802.23,22413.0,50.58000183105469,1272.699951171875,2529.1201171875
2017-10-03,12.44,12.44,12.29,12.35,1087970,798.0,22421.0,50.41999816894531,1271.5,2534.580078125
2017-10-04,12.36,12.44,12.33,12.4,518400,805.66,22421.0,49.97999954223633,1273.699951171875,2537.739990234375
2017-10-05,12.49,12.63,12.38,12.46,658270,805.23,22451.0,50.790000915527344,1269.9000244140625,2552.070068359375
2017-10-06,12.46,12.59,12.46,12.58,569960,807.8,22343.0,49.290000915527344,1271.5999755859375,2549.330078125
2017-10-09,12.64,12.64,12.54,12.59,585830,808.96,22395.0,49.58000183105469,1281.800048828125,2544.72998046875
2017-10-10,12.58,12.72,12.58,12.72,1234640,810.65,22331.0,50.91999816894531,1290.5999755859375,2550.639892578125
2017-10-11,12.75,13.03,12.72,12.87,2540980,813.95,22311.0,51.29999923706055,1285.800048828125,2555.239990234375
2017-10-12,12.9,13.26,12.9,13.16,2004500,815.87,22426.0,50.599998474121094,1293.300048828125,2550.929931640625
2017-10-13,13.21,13.24,13.05,13.21,1078760,820.95,22392.0,51.45000076293945,1301.5,2553.169921875
2017-10-16,13.16,13.42,13.13,13.26,1249640,819.43,22385.0,51.869998931884766,1299.9000244140625,2557.639892578125
2017-10-17,13.29,13.29,13.13,13.29,861260,828.29,22365.0,51.880001068115234,1283.0,2559.360107421875
2017-10-18,13.26,13.39,13.03,13.03,1237160,827.72,22303.0,52.040000915527344,1279.9000244140625,2561.260009765625
2017-10-19,13.03,13.21,12.93,13.05,977340,828.93,22340.0,51.290000915527344,1286.9000244140625,2562.10009765625
2017-10-20,12.98,13.08,12.9,12.98,767080,826.84,22422.0,51.470001220703125,1277.4000244140625,2575.2099609375
2017-10-23,12.98,12.98,12.72,12.72,1116150,820.04,22372.0,51.900001525878906,1277.699951171875,2564.97998046875
2017-10-24,12.72,12.85,12.68,12.72,879390,825.24,22372.0,52.470001220703125,1275.0,2569.1298828125
2017-10-25,12.77,12.85,12.72,12.82,768500,830.69,22314.0,52.18000030517578,1275.4000244140625,2557.14990234375
2017-10-26,12.85,12.87,12.64,12.8,1089860,830.11,22688.0,52.63999938964844,1266.300048828125,2560.39990234375
2017-10-27,12.75,12.95,12.68,12.95,734980,840.37,22407.0,53.900001525878906,1268.5,2581.070068359375
2017-10-30,12.95,13.11,12.87,12.9,1707190,845.2,22350.0,54.150001525878906,1274.0999755859375,2572.830078125
2017-10-31,12.9,13.26,12.8,13.0,1618160,837.0,22351.0,54.380001068115234,1267.0,2575.260009765625
2017-11-01,13.03,13.16,13.0,13.11,907980,842.71,22409.0,54.29999923706055,1274.0999755859375,2579.360107421875
2017-11-02,13.13,13.26,12.85,13.03,1244900,833.09,22358.0,54.540000915527344,1274.9000244140625,2579.85009765625
2017-11-03,12.9,13.16,12.75,13.16,1200390,843.73,22447.0,55.63999938964844,1266.5,2587.840087890625
2017-11-06,13.26,13.36,13.13,13.26,1608490,849.09,22330.0,57.349998474121094,1279.4000244140625,2591.1298828125
2017-11-07,13.29,13.29,13.13,13.21,1141790,850.33,22331.0,57.20000076293945,1273.699951171875,2590.639892578125
2017-11-08,13.21,13.67,13.16,13.67,3385930,859.7,22372.0,56.810001373291016,1281.5999755859375,2594.3798828125
2017-11-09,13.78,13.8,13.52,13.57,1720600,860.4,22367.0,57.16999816894531,1285.5999755859375,2584.6201171875
2017-11-10,13.54,13.75,13.47,13.47,1369700,868.21,22321.0,56.7400016784668,1272.4000244140625,2582.300048828125
2017-11-13,13.47,14.14,13.39,13.93,4769280,879.34,22340.0,56.7599983215332,1277.300048828125,2584.840087890625
2017-11-14,14.06,14.32,13.8,13.91,4332100,880.9,22229.0,55.70000076293945,1281.5,2578.8701171875
2017-11-15,13.96,14.71,13.93,14.68,4665890,882.59,22509.0,55.33000183105469,1276.5,2564.6201171875
2017-11-16,14.81,15.14,14.6,14.71,3733760,892.8,22358.0,55.13999938964844,1277.4000244140625,2585.639892578125
2017-11-17,14.78,14.78,14.42,14.63,3930560,890.69,22378.0,56.54999923706055,1295.800048828125,2578.85009765625
2017-11-20,14.47,14.96,14.42,14.94,3802520,903.55,22452.0,56.09000015258789,1274.5999755859375,2582.139892578125
2017-11-21,15.02,15.17,14.76,14.76,3385720,918.3,22350.0,56.83000183105469,1281.0999755859375,2599.030029296875
2017-11-22,14.71,14.96,14.71,14.96,2596350,932.66,22245.0,58.02000045776367,1291.5999755859375,2597.080078125
2017-11-23,14.96,15.17,14.76,14.86,3536130,933.7,22385.0,58.02000045776367,1291.5999755859375,2597.080078125
2017-11-24,14.83,14.96,14.71,14.94,2370820,935.57,22248.0,58.95000076293945,1286.699951171875,2602.419921875
2017-11-27,14.96,15.4,14.96,15.02,2653980,938.61,22454.0,58.11000061035156,1293.800048828125,2601.419921875
2017-11-28,14.96,15.02,14.76,14.83,2292500,941.21,22455.0,57.9900016784668,1294.699951171875,2627.0400390625
2017-11-29,14.96,15.4,14.81,15.3,3845300,952.14,22367.0,57.29999923706055,1282.0999755859375,2626.070068359375
2017-11-30,15.45,15.48,15.07,15.07,3002720,950.0,22275.0,57.400001525878906,1273.199951171875,2647.580078125
2017-12-01,15.02,15.12,14.89,15.07,1829280,960.33,22382.0,58.36000061035156,1278.800048828125,2642.219970703125
2017-12-04,15.09,15.25,15.04,15.17,2204370,970.02,22361.0,57.470001220703125,1274.300048828125,2639.43994140625
2017-12-05,15.17,15.3,14.78,14.78,3558740,953.3,22454.0,57.619998931884766,1261.5999755859375,2629.570068359375
2017-12-06,14.71,14.78,14.45,14.65,3522030,947.64,22393.0,55.959999084472656,1262.800048828125,2629.27001953125
2017-12-07,14.65,14.83,14.4,14.47,1655580,938.65,22395.0,56.689998626708984,1249.800048828125,2636.97998046875
2017-12-08,14.45,14.58,14.22,14.32,1924190,940.16,22301.0,57.36000061035156,1245.199951171875,2651.5
2017-12-11,14.06,14.24,13.8,13.8,2736380,917.45,22407.0,57.9900016784668,1243.699951171875,2659.989990234375
2017-12-12,13.96,14.11,13.11,13.85,3113980,927.25,22441.0,57.13999938964844,1238.5,2664.110107421875
2017-12-13,14.01,14.14,13.85,14.11,1625860,924.4,22208.0,56.599998474121094,1245.4000244140625,2662.85009765625
2017-12-14,14.06,14.42,14.06,14.42,1276430,935.85,22476.0,57.040000915527344,1253.800048828125,2652.010009765625
2017-12-15,14.45,14.65,14.32,14.58,1611640,935.16,22473.0,57.29999923706055,1254.300048828125,2675.81005859375
2017-12-18,14.71,14.76,14.47,14.53,1793760,958.06,22395.0,57.15999984741211,1262.199951171875,2690.159912109375
2017-12-19,14.53,14.63,14.16,14.24,2483570,951.42,22319.0,57.459999084472656,1260.699951171875,2681.469970703125
2017-12-20,14.24,14.71,14.24,14.53,1960650,953.51,22306.0,58.09000015258789,1266.0999755859375,2679.25
2017-12-21,14.65,14.81,14.47,14.55,1845520,946.06,22370.0,58.36000061035156,1267.300048828125,2684.570068359375
2017-12-22,14.55,14.81,14.5,14.73,1738070,952.32,22355.0,58.470001220703125,1275.4000244140625,2683.340087890625
2017-12-25,14.78,14.99,14.78,14.86,2393910,958.31,22335.0,58.470001220703125,1275.4000244140625,2683.340087890625
2017-12-26,14.96,14.96,14.73,14.73,1246050,965.93,22363.0,59.970001220703125,1284.0999755859375,2680.5
2017-12-27,14.83,14.83,14.6,14.63,1703070,968.46,22366.0,59.63999938964844,1287.0,2682.6201171875
2017-12-28,14.63,14.86,14.58,14.76,1916250,976.72,22370.0,59.84000015258789,1294.0999755859375,2687.5400390625
2017-12-29,14.76,14.86,14.71,14.73,1559860,984.24,22343.0,60.41999816894531,1306.300048828125,2673.610107421875
2018-01-02,14.78,15.43,14.76,15.43,5022160,995.77,22384.0,60.369998931884766,1313.699951171875,2695.81005859375
2018-01-03,15.61,15.66,15.35,15.43,2829930,1005.67,22378.0,61.630001068115234,1316.199951171875,2713.06005859375
2018-01-04,15.48,15.74,15.45,15.74,2784800,1019.75,22365.0,62.0099983215332,1319.4000244140625,2723.989990234375
2018-01-05,15.74,15.76,15.45,15.48,2851450,1012.65,22419.0,61.439998626708984,1320.300048828125,2743.14990234375
2018-01-08,15.38,15.71,15.3,15.71,2529030,1022.9,22410.0,61.72999954223633,1318.5999755859375,2747.7099609375
2018-01-09,15.74,16.07,15.56,16.02,4010010,1033.56,22358.0,62.959999084472656,1311.699951171875,2751.2900390625
2018-01-10,16.0,16.25,15.76,15.87,2610670,1038.11,22482.0,63.56999969482422,1317.4000244140625,2748.22998046875
2018-01-11,15.76,15.97,15.66,15.87,2420150,1048.17,22202.0,63.79999923706055,1320.5999755859375,2767.56005859375
2018-01-12,15.94,16.0,15.53,15.53,2824950,1050.11,22236.0,64.30000305175781,1333.4000244140625,2786.239990234375
2018-01-15,15.51,15.79,15.4,15.74,2296030,1063.47,22365.0,64.30000305175781,1333.4000244140625,2786.239990234375
2018-01-16,15.71,15.87,15.56,15.74,1512380,1062.96,22299.0,63.72999954223633,1335.4000244140625,2776.419921875
2018-01-17,15.74,15.76,15.22,15.22,2259230,1034.69,22424.0,63.970001220703125,1338.0,2802.56005859375
2018-01-18,15.04,15.22,14.86,15.22,3314290,1050.25,22385.0,63.95000076293945,1326.0,2798.030029296875
2018-01-19,15.22,15.43,15.2,15.2,2002690,1062.07,22475.0,63.369998931884766,1331.9000244140625,2810.300048828125
2018-01-22,15.35,15.87,15.33,15.71,2509650,1086.51,22675.0,63.4900016784668,1330.9000244140625,2832.969970703125
2018-01-25,15.87,16.15,15.71,15.76,5368250,1104.57,22678.400390625,65.51000213623047,1362.4000244140625,2839.25
2018-01-26,16.0,16.0,15.61,15.69,1631780,1115.64,22676.0,66.13999938964844,1351.5999755859375,2872.8701171875
2018-01-29,15.71,15.97,15.45,15.56,1335440,1109.8,22666.0,65.55999755859375,1351.5999755859375,2853.530029296875
2018-01-30,15.43,16.51,15.35,16.51,4719350,1110.56,22676.099609375,64.5,1335.4000244140625,2822.429931640625
2018-01-31,16.72,16.9,16.23,16.23,3988780,1110.36,22661.80078125,64.7300033569336,1339.0,2823.81005859375
2018-02-01,16.23,16.38,15.89,15.89,2086500,1099.67,22674.80078125,65.80000305175781,1344.300048828125,2821.97998046875
2018-02-02,15.89,15.94,15.61,15.74,1671290,1105.04,22675.80078125,65.44999694824219,1333.699951171875,2762.1298828125
2018-02-05,15.51,15.69,14.73,14.73,3754890,1048.71,22674.5,64.1500015258789,1333.0,2648.93994140625
2018-02-06,13.73,14.58,13.73,13.98,5312890,1011.6,22675.5,63.38999938964844,1326.0999755859375,2695.139892578125
2018-02-07,14.71,14.78,14.45,14.6,1872960,1040.55,22665.099609375,61.790000915527344,1311.5999755859375,2681.659912109375
2018-02-08,14.45,14.71,14.19,14.24,1709000,1023.25,22660.0,61.150001525878906,1316.9000244140625,2581.0
2018-02-09,13.54,14.19,13.54,14.19,2139970,1003.94,22667.400390625,59.20000076293945,1313.0999755859375,2619.550048828125
2018-02-12,14.53,14.73,14.06,14.73,1166010,1041.79,22671.30078125,59.290000915527344,1324.199951171875,2656.0
2018-02-13,15.02,15.3,14.91,15.22,1448350,1059.73,22678.0,59.189998626708984,1328.0999755859375,2662.93994140625
2018-02-21,15.51,15.56,15.22,15.33,1574450,1087.15,22682.599609375,61.68000030517578,1330.0,2701.330078125
2018-02-22,15.3,15.35,15.02,15.07,1433060,1076.03,22687.599609375,62.77000045776367,1330.5999755859375,2703.9599609375
2018-02-23,15.09,15.63,15.09,15.61,1607200,1102.85,22705.5,63.54999923706055,1328.199951171875,2747.300048828125
2018-02-26,15.74,15.94,15.58,15.58,2467750,1114.53,22711.5,63.90999984741211,1330.699951171875,2779.60009765625
2018-02-27,15.66,15.69,15.35,15.43,1415610,1119.61,22709.30078125,63.0099983215332,1315.5,2744.280029296875
2018-02-28,15.27,15.58,15.25,15.43,1835710,1124.87,22718.80078125,61.63999938964844,1315.5,2713.830078125
2018-03-01,15.33,15.79,15.25,15.69,2114250,1115.79,22722.5,60.9900016784668,1302.9000244140625,2677.669921875
2018-03-02,15.61,15.82,15.48,15.76,1840930,1121.21,22715.0,61.25,1321.0999755859375,2691.25
2018-03-05,15.82,16.64,15.82,15.87,6025340,1093.48,22725.0,62.56999969482422,1318.0999755859375,2720.93994140625
2018-03-06,16.12,16.33,15.92,16.33,2577540,1120.29,22730.0,62.599998474121094,1333.5999755859375,2728.1201171875
2018-03-07,16.38,16.43,15.87,16.05,2000410,1112.26,22735.0,61.150001525878906,1326.0,2726.800048828125
2018-03-08,16.0,16.12,15.82,16.05,1316600,1124.15,22722.5,60.119998931884766,1319.9000244140625,2738.969970703125
2018-03-09,16.18,16.28,15.87,15.89,2068410,1123.41,22725.0,62.040000915527344,1322.4000244140625,2786.570068359375
2018-03-12,16.0,16.15,15.84,15.84,1611250,1126.29,22723.5,61.36000061035156,1319.4000244140625,2783.02001953125
2018-03-13,15.79,15.79,15.33,15.51,4159670,1133.31,22727.5,60.709999084472656,1325.9000244140625,2765.31005859375
2018-03-14,15.51,15.69,15.33,15.69,2070230,1138.09,22731.5,60.959999084472656,1324.4000244140625,2749.47998046875
2018-03-15,15.74,15.76,15.56,15.63,1189330,1138.76,22735.0,61.189998626708984,1316.800048828125,2747.330078125
2018-03-16,15.63,15.69,15.4,15.51,1426890,1150.19,22744.400390625,62.34000015258789,1311.300048828125,2752.010009765625
2018-03-19,15.53,15.63,15.45,15.61,1337110,1159.22,22713.30078125,62.060001373291016,1316.800048828125,2712.919921875
2018-03-20,15.53,16.07,15.48,15.82,2921440,1159.39,22739.5,63.400001525878906,1311.0999755859375,2716.93994140625
2018-03-21,15.82,15.94,15.74,15.74,999470,1169.36,22734.80078125,65.16999816894531,1320.699951171875,2711.929931640625
2018-03-22,15.74,15.84,15.51,15.51,1264760,1172.36,22738.0,64.30000305175781,1326.5999755859375,2643.68994140625
2018-03-23,15.22,15.38,14.96,15.12,2833670,1153.59,22770.0,65.87999725341797,1349.300048828125,2588.260009765625
2018-03-26,15.12,15.33,15.12,15.27,940840,1171.22,22757.0,65.55000305175781,1354.4000244140625,2658.550048828125
2018-03-27,15.45,15.51,15.22,15.35,993260,1171.73,22780.5,65.25,1341.300048828125,2612.6201171875
2018-03-28,15.25,15.33,15.17,15.2,660440,1172.24,22784.0,64.37999725341797,1324.199951171875,2605.0
2018-03-29,15.33,15.4,15.22,15.35,827280,1167.03,22777.900390625,64.94000244140625,1322.800048828125,2640.8701171875
2018-03-30,15.38,15.82,15.33,15.66,2434830,1174.46,22759.0,64.94000244140625,1322.800048828125,2640.8701171875
2018-04-02,15.87,15.92,15.74,15.87,2194820,1196.61,22505.0,63.0099983215332,1342.0999755859375,2581.8798828125
2018-04-03,15.79,15.84,15.71,15.79,1140770,1188.29,22775.0,63.5099983215332,1332.800048828125,2614.449951171875
2018-04-04,16.0,16.2,15.89,15.92,2297950,1191.54,22775.0,63.369998931884766,1335.800048828125,2644.68994140625
2018-04-05,16.0,16.43,15.87,16.25,2874100,1193.17,22780.5,63.540000915527344,1324.300048828125,2662.840087890625
2018-04-06,16.56,16.59,16.18,16.18,3614250,1199.96,22778.0,62.060001373291016,1331.9000244140625,2604.469970703125
2018-04-09,16.15,16.41,16.15,16.36,1502210,1204.33,22767.5,63.41999816894531,1336.300048828125,2613.159912109375
2018-04-10,16.41,16.82,16.38,16.62,4490010,1198.12,22374.0,65.51000213623047,1342.0,2656.8701171875
2018-04-11,16.72,16.87,16.25,16.25,3296390,1167.11,22757.5,66.81999969482422,1356.5,2642.18994140625
2018-04-12,16.25,16.41,16.02,16.41,1321110,1173.02,22755.5,67.06999969482422,1338.4000244140625,2663.989990234375
2018-04-13,16.49,16.49,16.0,16.0,2146710,1157.14,22753.5,67.38999938964844,1344.800048828125,2656.300048828125
2018-04-16,16.0,16.1,15.71,15.76,1181050,1148.49,22751.5,66.22000122070312,1347.5,2677.840087890625
2018-04-17,15.87,16.0,15.71,16.0,1105060,1153.28,22742.5,66.5199966430664,1347.199951171875,2706.389892578125
2018-04-18,16.07,16.23,15.97,16.0,1247240,1138.53,22737.5,68.47000122070312,1351.199951171875,2708.639892578125
2018-04-19,16.0,16.02,15.66,15.66,2377390,1094.63,22739.0,68.29000091552734,1346.800048828125,2693.1298828125
2018-04-20,15.74,15.87,15.56,15.82,972550,1119.86,22744.0,68.37999725341797,1336.699951171875,2670.139892578125
2018-04-23,15.82,15.92,14.76,14.96,1461440,1076.78,22428.0,68.63999938964844,1322.5,2670.2900390625
2018-04-24,14.81,15.09,14.47,14.55,1850860,1080.74,22736.0,67.69999694824219,1331.4000244140625,2634.56005859375
2018-04-26,14.68,14.89,14.19,14.19,2031810,1044.86,22734.0,68.19000244140625,1316.300048828125,2666.93994140625
2018-04-27,14.19,14.81,14.16,14.71,1597710,1050.26,22732.0,68.0999984741211,1320.300048828125,2669.909912109375
2018-05-02,14.91,14.96,14.65,14.71,1370180,1029.08,22494.0,67.93000030517578,1302.5999755859375,2635.669921875
2018-05-03,14.65,14.96,14.37,14.96,2162850,1026.46,22726.0,68.43000030517578,1310.699951171875,2629.72998046875
2018-05-04,15.09,15.22,15.02,15.17,1171180,1026.8,22727.5,69.72000122070312,1312.699951171875,2663.419921875
2018-05-07,15.17,15.38,15.12,15.38,878040,1062.26,22416.0,70.7300033569336,1312.199951171875,2672.6298828125
2018-05-08,15.27,15.38,15.17,15.22,1114210,1060.45,22733.5,69.05999755859375,1312.0,2671.919921875
2018-05-09,15.12,15.25,14.99,15.07,1004740,1056.97,22737.5,71.13999938964844,1311.300048828125,2697.7900390625
2018-05-10,15.07,15.33,14.96,15.04,1546130,1028.87,22742.0,71.36000061035156,1320.800048828125,2723.070068359375
2018-05-11,14.96,15.35,14.96,15.35,1169610,1044.85,22458.0,70.69999694824219,1319.0,2727.719970703125
2018-05-14,15.51,15.92,15.38,15.89,2012550,1066.98,22398.0,70.95999908447266,1316.5,2730.1298828125
2018-05-15,16.0,16.0,15.74,15.84,910810,1073.5,22732.5,71.30999755859375,1288.9000244140625,2711.449951171875
2018-05-16,15.74,15.84,15.61,15.61,672930,1054.62,22735.5,71.48999786376953,1290.199951171875,2722.4599609375
2018-05-17,15.58,15.84,15.58,15.63,719700,1030.64,22737.5,71.48999786376953,1288.199951171875,2720.1298828125
2018-05-18,15.63,15.74,15.17,15.69,979930,1040.54,22740.0,71.27999877929688,1290.199951171875,2712.969970703125
2018-05-21,15.79,16.1,15.74,15.74,1483830,1014.98,22428.0,72.23999786376953,1290.199951171875,2733.010009765625
2018-05-22,15.74,15.87,15.35,15.4,1101490,985.91,22736.5,72.12999725341797,1291.699951171875,2724.43994140625
2018-05-23,15.48,15.74,15.35,15.63,1077080,988.94,22734.5,71.83999633789062,1289.300048828125,2733.2900390625
2018-05-24,15.71,15.79,15.35,15.35,1035660,985.92,22739.0,70.70999908447266,1303.699951171875,2727.760009765625
2018-05-25,15.52,15.52,14.88,14.88,788360,963.9,22743.0,67.87999725341797,1303.300048828125,2721.330078125
2018-05-28,14.37,14.67,13.85,13.85,2034970,931.75,22746.0,67.87999725341797,1303.300048828125,2721.330078125
2018-05-29,13.85,14.67,13.65,14.43,2350500,952.18,22779.5,66.7300033569336,1298.699951171875,2689.860107421875
2018-05-30,14.4,14.4,13.82,13.83,1590980,948.5,22802.5,68.20999908447266,1301.5,2724.010009765625
2018-05-31,13.71,14.21,13.7,14.0,1105040,971.0,22820.0,67.04000091552734,1300.0999755859375,2705.27001953125
2018-06-01,14.0,14.21,13.91,14.14,1291490,992.87,22771.0,65.80999755859375,1294.800048828125,2734.6201171875
2018-06-04,14.15,14.44,14.11,14.38,1150670,1013.78,22533.0,64.75,1293.0999755859375,2746.8701171875
2018-06-05,14.46,14.64,14.37,14.55,1347750,1022.74,22532.0,65.5199966430664,1297.5,2748.800048828125
2018-06-06,14.61,14.76,14.4,14.76,1017540,1034.5,22794.5,64.7300033569336,1297.0999755859375,2772.35009765625
2018-06-07,14.88,14.88,14.52,14.55,1138280,1036.69,22773.5,65.94999694824219,1298.699951171875,2770.3701171875
2018-06-08,14.58,14.67,14.46,14.6,1050890,1039.01,22767.0,65.73999786376953,1298.0999755859375,2779.030029296875
2018-06-11,14.53,14.6,14.46,14.46,721890,1039.02,22366.0,66.0999984741211,1298.9000244140625,2782.0
2018-06-12,14.46,14.46,13.91,14.09,1257200,1020.76,22780.5,66.36000061035156,1295.0999755859375,2786.85009765625
2018-06-13,14.0,14.28,14.0,14.25,452120,1030.53,22778.5,66.63999938964844,1296.9000244140625,2775.6298828125
2018-06-14,14.31,14.38,14.18,14.18,460360,1015.72,22777.5,66.88999938964844,1304.0,2782.489990234375
2018-06-15,14.09,14.21,14.08,14.15,442100,1016.51,22778.0,65.05999755859375,1274.5999755859375,2779.659912109375
2018-06-18,14.28,14.28,13.82,13.82,693660,987.34,22781.0,65.8499984741211,1276.199951171875,2773.75
2018-06-19,13.73,13.73,13.0,13.55,2015520,962.16,22801.0,65.06999969482422,1275.5999755859375,2762.590087890625
2018-06-20,13.67,13.82,13.39,13.82,650560,980.95,22818.5,66.22000122070312,1271.199951171875,2767.320068359375
2018-06-21,13.82,13.82,13.42,13.51,349770,969.4,22832.5,65.54000091552734,1267.199951171875,2749.760009765625
2018-06-22,13.48,13.7,13.36,13.7,375270,983.17,22842.0,68.58000183105469,1267.4000244140625,2754.8798828125
2018-06-25,13.82,13.82,13.67,13.73,511540,990.52,22840.0,68.08000183105469,1265.5999755859375,2717.070068359375
2018-06-26,13.55,13.64,13.48,13.55,240850,983.02,22865.0,70.52999877929688,1256.5999755859375,2723.06005859375
2018-06-27,13.67,13.67,13.47,13.48,256990,968.91,22886.0,72.76000213623047,1252.800048828125,2699.6298828125
2018-06-28,13.48,13.48,12.94,12.94,1175250,957.35,22901.5,73.44999694824219,1247.800048828125,2716.31005859375
2018-06-29,12.94,13.09,12.63,12.63,759780,960.78,22906.0,74.1500015258789,1251.300048828125,2718.3701171875
2018-07-02,12.63,12.75,12.18,12.24,979030,947.15,22923.5,73.94000244140625,1239.800048828125,2726.7099609375
2018-07-03,12.24,12.37,11.87,11.87,1351030,906.01,22919.5,74.13999938964844,1251.5999755859375,2713.219970703125
2018-07-04,11.89,12.18,11.72,12.18,980200,914.99,23011.0,74.13999938964844,1251.5999755859375,2713.219970703125
2018-07-05,12.18,12.21,11.72,12.02,711240,899.4,23004.0,72.94000244140625,1257.300048828125,2736.610107421875
2018-07-06,11.87,12.69,11.84,12.42,913260,917.51,23006.5,73.80000305175781,1254.300048828125,2759.820068359375
2018-07-09,12.48,12.59,12.11,12.22,583920,915.12,22602.400390625,73.8499984741211,1258.0999755859375,2784.169921875
2018-07-10,12.27,12.39,12.18,12.3,249100,911.12,23005.0,74.11000061035156,1253.800048828125,2793.840087890625
2018-07-11,12.02,12.18,11.75,11.93,801770,893.16,23004.5,70.37999725341797,1242.800048828125,2774.02001953125
2018-07-12,11.75,12.07,11.72,11.81,684480,898.51,23009.0,70.33000183105469,1245.0,2798.2900390625
2018-07-13,12.02,12.42,11.96,12.36,1060620,909.72,23013.0,71.01000213623047,1239.5999755859375,2801.31005859375
2018-07-16,12.51,12.63,12.37,12.45,645230,911.11,23010.0,68.05999755859375,1238.0999755859375,2798.429931640625
2018-07-17,12.39,12.75,12.34,12.75,1297460,921.27,23012.400390625,68.08000183105469,1225.699951171875,2809.550048828125
2018-07-18,12.78,13.06,12.75,13.06,1096080,942.39,23006.80078125,68.76000213623047,1226.300048828125,2815.6201171875
2018-07-19,12.85,13.06,12.85,12.94,753150,943.97,23016.19921875,69.45999908447266,1222.4000244140625,2804.489990234375
2018-07-20,12.88,12.88,12.56,12.66,851350,933.39,23017.0,70.45999908447266,1229.5,2801.830078125
2018-07-23,12.85,13.0,12.74,12.78,1111700,936.74,22555.69921875,67.88999938964844,1224.0,2806.97998046875
2018-07-24,12.78,12.92,12.6,12.85,1167460,934.08,23018.0,68.5199966430664,1223.9000244140625,2820.39990234375
2018-07-25,12.88,13.33,12.85,12.91,1326030,927.58,23216.0,69.30000305175781,1231.4000244140625,2846.070068359375
2018-07-26,13.0,13.09,12.81,12.95,717640,930.16,23182.5,69.61000061035156,1225.300048828125,2837.43994140625
2018-07-27,13.06,13.36,12.95,13.18,1291840,935.52,23145.0,68.69000244140625,1222.5999755859375,2818.820068359375
2018-07-30,13.21,13.24,13.15,13.18,1197220,949.73,23197.5,70.12999725341797,1221.300048828125,2802.60009765625
2018-07-31,13.18,13.24,13.03,13.03,1591210,956.0,23222.5,68.76000213623047,1223.699951171875,2816.2900390625
2018-08-01,13.0,13.1,12.75,12.78,2431450,952.77,23248.0,67.66000366210938,1217.9000244140625,2813.360107421875
2018-08-02,12.78,13.0,12.66,13.0,726710,953.55,23256.5,68.95999908447266,1210.5999755859375,2827.219970703125
2018-08-03,13.09,13.12,12.91,12.97,719840,959.6,23247.5,68.48999786376953,1214.199951171875,2840.35009765625
2018-08-06,12.91,13.0,12.86,12.86,350030,960.23,23271.0,69.01000213623047,1208.5999755859375,2850.39990234375
2018-08-07,12.88,12.88,12.71,12.77,645810,956.79,23272.5,69.16999816894531,1209.5999755859375,2858.449951171875
2018-08-08,12.77,12.97,12.75,12.94,764020,966.27,23268.0,66.94000244140625,1212.5999755859375,2857.699951171875
2018-08-09,13.09,13.15,12.95,13.03,1232720,963.5,23249.0,66.80999755859375,1211.9000244140625,2853.580078125
2018-08-10,13.03,13.23,13.0,13.12,797270,968.47,23242.5,67.62999725341797,1211.0999755859375,2833.280029296875
2018-08-13,13.12,13.3,13.12,13.23,1038760,978.04,23242.0,67.19999694824219,1191.300048828125,2821.929931640625
2018-08-14,13.32,13.5,13.27,13.48,1601310,978.27,23280.0,67.04000091552734,1193.0,2839.9599609375
2018-08-15,13.48,13.61,13.3,13.33,1658080,961.37,23280.0,65.01000213623047,1177.5,2818.3701171875
2018-08-16,13.36,13.39,13.22,13.39,1378580,964.28,23277.5,65.45999908447266,1176.199951171875,2840.68994140625
2018-08-17,13.46,13.55,13.39,13.55,928050,968.88,23278.0,65.91000366210938,1176.5,2850.1298828125
2018-08-20,13.55,13.8,13.44,13.61,955270,969.62,23259.0,66.43000030517578,1186.800048828125,2857.050048828125
2018-08-21,13.58,13.64,13.52,13.61,720470,979.21,23238.0,67.3499984741211,1192.5999755859375,2862.9599609375
2018-08-22,13.63,13.8,13.61,13.72,1152700,982.15,23234.0,67.86000061035156,1196.300048828125,2861.820068359375
2018-08-23,13.74,13.86,13.74,13.83,1004880,987.36,23240.0,67.83000183105469,1187.0,2856.97998046875
2018-08-24,13.83,13.86,13.67,13.85,629740,987.05,23247.0,68.72000122070312,1206.300048828125,2874.68994140625
2018-08-27,13.8,13.86,13.77,13.83,808140,991.92,22872.400390625,68.87000274658203,1209.0,2896.739990234375
2018-08-28,13.8,13.85,13.72,13.77,909720,995.19,23259.0,68.52999877929688,1207.4000244140625,2897.52001953125
2018-08-29,13.75,13.83,13.69,13.77,775370,988.17,23261.5,69.51000213623047,1204.5,2914.0400390625
2018-08-30,13.77,13.77,13.69,13.75,632170,998.07,23266.0,70.25,1197.699951171875,2901.1298828125
2018-08-31,13.75,13.99,13.74,13.77,1027280,990.0,23268.0,69.80000305175781,1200.300048828125,2901.52001953125
2018-09-04,13.74,13.92,13.71,13.74,634400,975.94,23271.0,69.87000274658203,1192.699951171875,2896.719970703125
2018-09-05,13.72,13.77,13.39,13.49,843460,968.44,23289.900390625,68.72000122070312,1194.9000244140625,2888.60009765625
2018-09-06,13.43,13.49,13.19,13.19,1206190,958.19,23279.0,67.7699966430664,1197.9000244140625,2878.050048828125
2018-09-07,13.24,13.39,13.19,13.39,508770,968.9,23279.5,67.75,1193.5999755859375,2871.679931640625
2018-09-10,13.46,13.46,13.25,13.25,367280,970.34,23291.5,67.54000091552734,1193.0,2877.1298828125
2018-09-11,13.25,13.46,13.25,13.44,562280,985.06,23267.5,69.25,1195.4000244140625,2887.889892578125
2018-09-12,13.55,13.61,13.41,13.41,477500,987.01,23249.19921875,70.37000274658203,1204.699951171875,2888.919921875
2018-09-13,13.61,13.67,13.46,13.52,646170,987.95,23245.400390625,68.58999633789062,1202.0,2904.179931640625
2018-09-14,13.58,13.92,13.58,13.88,2772660,991.34,23242.0,68.98999786376953,1195.0,2904.97998046875
2018-09-17,13.86,13.86,13.74,13.74,564810,987.61,23213.5,68.91000366210938,1199.699951171875,2888.800048828125
2018-09-18,13.61,13.95,13.61,13.95,799660,993.49,23256.5,69.8499984741211,1196.800048828125,2904.31005859375
2018-09-19,14.02,14.22,13.95,14.16,1352060,995.54,23246.5,71.12000274658203,1202.199951171875,2907.949951171875
2018-09-20,14.03,14.39,14.03,14.3,1126260,1004.74,23272.5,70.80000305175781,1206.199951171875,2930.75
2018-09-21,14.34,14.34,14.08,14.3,1327270,1002.97,23287.5,70.77999877929688,1196.199951171875,2929.669921875
2018-09-24,14.3,14.48,14.27,14.36,991190,1011.29,22978.900390625,72.08000183105469,1199.300048828125,2919.3701171875
2018-09-25,14.33,14.36,14.27,14.3,746530,1010.74,23024.69921875,72.27999877929688,1200.0,2915.56005859375
2018-09-26,14.33,14.58,14.28,14.34,1028940,1009.61,23310.5,71.56999969482422,1194.0,2905.969970703125
2018-09-27,14.34,14.48,14.34,14.39,750790,1015.37,23313.5,72.12000274658203,1182.300048828125,2914.0
2018-09-28,14.48,14.48,14.41,14.42,559790,1017.13,23312.5,73.25,1191.5,2913.97998046875
2018-10-01,14.42,14.47,14.31,14.33,519760,1012.88,23292.5,75.30000305175781,1187.0999755859375,2924.590087890625
2018-10-02,14.28,14.33,14.09,14.11,854660,1018.79,23296.0,75.2300033569336,1202.4000244140625,2923.429931640625
2018-10-03,14.11,14.24,14.09,14.17,373060,1020.4,23292.5,76.41000366210938,1198.300048828125,2925.510009765625
2018-10-04,14.17,14.33,14.14,14.28,471280,1023.62,23307.5,74.33000183105469,1197.199951171875,2901.610107421875
2018-10-05,14.31,14.33,14.19,14.2,508450,1008.39,23311.5,74.33999633789062,1201.199951171875,2885.570068359375
2018-10-08,14.17,14.17,14.02,14.02,511810,996.12,22910.400390625,74.29000091552734,1184.4000244140625,2884.429931640625
2018-10-09,14.02,14.06,13.92,13.92,399440,996.19,23317.5,74.95999908447266,1187.199951171875,2880.340087890625
2018-10-10,13.92,14.14,13.92,14.11,695690,993.96,23321.5,73.16999816894531,1189.300048828125,2785.679931640625
2018-10-11,13.71,13.83,13.18,13.3,2177930,945.89,23316.0,70.97000122070312,1223.5,2728.3701171875
2018-10-12,13.24,13.71,12.99,13.64,1377940,970.08,23311.0,71.33999633789062,1218.0999755859375,2767.1298828125
2018-10-15,13.64,13.71,13.39,13.39,495650,951.64,23310.5,71.77999877929688,1226.4000244140625,2750.7900390625
2018-10-16,13.55,13.55,13.3,13.47,603710,963.37,23297.5,71.91999816894531,1227.300048828125,2809.919921875
2018-10-17,13.64,13.71,13.55,13.58,474320,971.6,23304.0,69.75,1223.699951171875,2809.2099609375
2018-10-18,13.61,13.71,13.52,13.58,710630,963.47,23310.0,68.6500015258789,1226.5,2768.780029296875
2018-10-19,13.39,13.55,13.36,13.39,925420,958.36,23312.5,69.12000274658203,1225.300048828125,2767.780029296875
2018-10-22,13.52,13.61,13.43,13.44,429360,953.51,23311.80078125,69.16999816894531,1221.199951171875,2755.8798828125
2018-10-23,13.44,13.44,12.96,13.14,1150850,939.68,23313.5,66.43000030517578,1233.4000244140625,2740.68994140625
2018-10-24,13.1,13.25,13.02,13.02,562380,922.73,23313.5,66.81999969482422,1227.800048828125,2656.10009765625
2018-10-25,12.46,12.86,12.46,12.79,757730,910.17,23321.599609375,67.33000183105469,1229.0999755859375,2705.570068359375
2018-10-26,12.93,13.0,12.71,12.71,919770,900.82,23320.0,67.58999633789062,1232.5,2658.68994140625
2018-10-29,12.62,12.91,12.62,12.77,462380,888.82,22898.599609375,67.04000091552734,1224.5,2641.25
2018-10-30,12.8,13.02,12.72,12.77,452630,888.69,23310.5,66.18000030517578,1222.5999755859375,2682.6298828125
2018-10-31,13.0,13.08,12.86,13.07,325140,915.0,23310.0,65.30999755859375,1212.300048828125,2711.739990234375
2018-11-01,13.1,13.21,13.05,13.05,469760,907.96,23311.099609375,63.689998626708984,1236.0,2740.3701171875
2018-11-02,13.19,13.39,13.1,13.36,593810,924.86,23308.400390625,63.13999938964844,1230.9000244140625,2723.06005859375
2018-11-05,13.27,13.39,13.14,13.25,265620,925.53,23307.0,63.099998474121094,1229.800048828125,2738.31005859375
2018-11-06,13.3,13.32,13.11,13.13,470930,922.05,23300.0,62.209999084472656,1223.800048828125,2755.449951171875
2018-11-07,13.13,13.24,12.97,13.04,495560,922.16,23291.0,61.66999816894531,1226.199951171875,2813.889892578125
2018-11-08,13.16,13.21,13.07,13.13,352130,926.28,23295.0,60.66999816894531,1222.9000244140625,2806.830078125
2018-11-09,13.02,13.11,12.83,12.85,635120,914.29,23289.19921875,60.189998626708984,1206.4000244140625,2781.010009765625
2018-11-12,12.83,13.07,12.82,13.07,273110,918.12,23260.0,59.93000030517578,1201.300048828125,2726.219970703125
2018-11-13,12.83,13.0,12.83,12.97,438030,907.99,23267.5,55.689998626708984,1199.199951171875,2722.179931640625
2018-11-14,13.05,13.16,12.96,13.16,752440,900.93,23280.0,56.25,1207.9000244140625,2701.580078125
2018-11-15,13.08,13.21,12.99,13.14,498790,897.15,23278.599609375,56.459999084472656,1212.800048828125,2730.199951171875
2018-11-16,13.24,13.36,13.16,13.32,639910,898.19,23274.0,56.459999084472656,1220.800048828125,2736.27001953125
2018-11-19,13.39,13.46,13.33,13.44,396020,916.06,22771.30078125,56.7599983215332,1223.0999755859375,2690.72998046875
2018-11-20,13.46,13.52,13.35,13.52,550140,919.02,23276.5,53.43000030517578,1219.0,2641.889892578125
2018-11-21,13.33,13.52,13.3,13.52,513360,922.56,23302.0,54.630001068115234,1225.800048828125,2649.929931640625
2018-11-22,13.52,13.58,13.47,13.52,323300,924.42,23318.0,54.630001068115234,1225.800048828125,2649.929931640625
2018-11-23,13.43,13.53,13.39,13.41,346060,917.97,23318.0,50.41999816894531,1221.0,2632.56005859375
2018-11-26,13.41,13.41,13.22,13.22,483470,921.03,23021.400390625,51.630001068115234,1220.199951171875,2673.449951171875
2018-11-27,13.36,13.36,13.24,13.32,341670,923.12,23306.0,51.560001373291016,1211.199951171875,2682.169921875
2018-11-28,13.32,13.35,13.25,13.33,256240,930.2,23312.5,50.290000915527344,1221.4000244140625,2743.7900390625
2018-11-29,13.49,13.55,13.36,13.36,523610,926.79,23301.0,51.45000076293945,1224.0999755859375,2737.800048828125
2018-11-30,13.36,13.38,13.28,13.36,323780,927.0,23292.5,50.93000030517578,1220.199951171875,2760.169921875
2018-12-03,13.46,13.99,13.46,13.99,1136360,951.59,23074.900390625,52.95000076293945,1233.9000244140625,2790.3701171875
2018-12-04,13.99,14.17,13.94,14.0,1011170,958.84,23267.5,53.25,1241.0999755859375,2700.06005859375
2018-12-05,13.85,14.0,13.83,13.89,605880,957.14,23257.5,53.25,1241.0999755859375,2700.06005859375
2018-12-06,13.86,13.95,13.72,13.83,484120,954.82,23270.0,51.4900016784668,1238.0999755859375,2695.949951171875
2018-12-07,13.89,14.13,13.89,14.05,763170,958.59,23297.5,52.61000061035156,1246.800048828125,2633.080078125
2018-12-10,13.95,14.02,13.77,13.77,694990,955.89,23277.5,51.0,1243.699951171875,2637.719970703125
2018-12-11,13.8,13.86,13.67,13.72,382700,954.58,23271.0,51.650001525878906,1241.9000244140625,2636.780029296875
2018-12-12,13.72,13.88,13.72,13.85,664120,961.28,23270.0,51.150001525878906,1244.4000244140625,2651.070068359375
2018-12-13,14.0,14.09,13.86,13.89,780570,960.25,23268.099609375,52.58000183105469,1242.699951171875,2650.5400390625
2018-12-14,13.89,13.95,13.74,13.75,787920,952.04,23255.0,51.20000076293945,1237.0,2599.949951171875
2018-12-17,13.74,13.74,13.39,13.39,777640,933.65,23253.0,49.880001068115234,1247.4000244140625,2545.93994140625
2018-12-18,13.19,13.33,13.04,13.08,1125660,927.25,23284.0,46.2400016784668,1249.199951171875,2546.159912109375
2018-12-19,13.08,13.27,13.04,13.11,471580,919.24,23285.5,47.20000076293945,1252.0999755859375,2506.9599609375
2018-12-20,13.18,13.21,13.1,13.1,461210,918.24,23278.5,45.880001068115234,1263.5999755859375,2467.419921875
2018-12-21,13.05,13.24,13.05,13.24,453810,912.26,23267.5,45.59000015258789,1253.800048828125,2416.6201171875
2018-12-24,13.27,13.33,13.08,13.08,212530,908.56,23248.5,42.529998779296875,1267.5,2351.10009765625
2018-12-25,12.9,12.93,12.77,12.93,732310,897.94,22939.900390625,42.529998779296875,1267.5,2351.10009765625
2018-12-26,12.93,13.04,12.9,12.9,333590,891.75,23243.5,46.220001220703125,1269.199951171875,2467.699951171875
2018-12-27,13.11,13.16,13.02,13.02,454860,900.81,23243.0,44.61000061035156,1277.300048828125,2488.830078125
2018-12-28,13.1,13.14,13.02,13.14,387170,892.54,23187.5,45.33000183105469,1279.9000244140625,2485.739990234375
2019-01-02,13.02,13.13,12.82,12.83,459120,891.75,23194.0,46.540000915527344,1281.0,2510.030029296875
2019-01-03,12.91,12.91,12.68,12.71,716600,878.22,23194.0,47.09000015258789,1291.800048828125,2447.889892578125
2019-01-04,12.65,12.91,12.62,12.8,318570,880.9,23194.0,47.959999084472656,1282.699951171875,2531.93994140625
2019-01-07,13.02,13.11,12.96,13.02,408470,889.64,23194.0,48.52000045776367,1286.800048828125,2549.68994140625
2019-01-08,13.02,13.08,12.99,13.08,295660,887.44,23194.0,49.779998779296875,1283.199951171875,2574.409912109375
2019-01-09,13.11,13.27,13.05,13.21,309040,896.99,23194.0,52.36000061035156,1289.300048828125,2584.9599609375
2019-01-10,13.21,13.25,13.13,13.13,207330,898.3,23194.0,52.59000015258789,1284.699951171875,2596.639892578125
2019-01-11,13.21,13.25,13.1,13.14,596090,902.71,23194.0,51.59000015258789,1287.0999755859375,2596.260009765625
2019-01-14,13.18,13.27,13.08,13.24,398400,901.8,23194.0,50.5099983215332,1289.0999755859375,2582.610107421875
2019-01-15,13.18,13.33,13.18,13.33,339480,909.68,23194.0,52.11000061035156,1286.199951171875,2610.300048828125
2019-01-16,13.39,13.39,13.25,13.25,186590,908.7,23194.0,52.310001373291016,1291.5999755859375,2616.10009765625
2019-01-17,13.24,13.32,13.08,13.08,379770,901.89,23194.0,52.06999969482422,1291.0,2635.9599609375
2019-01-18,13.11,13.24,13.08,13.08,227150,902.3,23194.0,53.79999923706055,1281.300048828125,2670.7099609375
2019-01-21,13.14,13.33,13.14,13.24,247800,911.05,23194.0,53.79999923706055,1281.300048828125,2670.7099609375
2019-01-22,13.24,13.32,13.19,13.19,141480,906.55,23194.0,52.56999969482422,1282.5,2632.89990234375
2019-01-23,13.18,13.21,13.13,13.19,193460,908.02,23194.0,52.619998931884766,1283.0999755859375,2638.699951171875
2019-01-24,13.21,13.27,13.19,13.22,234470,908.79,23194.0,53.130001068115234,1279.0999755859375,2642.330078125
2019-01-25,13.21,13.27,13.18,13.21,213470,908.88,23194.0,53.689998626708984,1297.4000244140625,2664.760009765625
2019-01-28,13.24,13.24,13.11,13.11,216330,912.18,22733.19921875,51.9900016784668,1302.4000244140625,2643.85009765625
2019-01-29,13.21,13.24,13.08,13.24,430580,915.93,23194.0,53.310001373291016,1308.199951171875,2640.0
2019-01-30,13.24,13.52,13.21,13.46,689260,915.84,23194.0,54.22999954223633,1309.9000244140625,2681.050048828125
2019-01-31,13.49,13.52,13.36,13.46,517260,910.65,23194.0,53.790000915527344,1319.699951171875,2704.10009765625
2019-02-01,13.46,13.46,12.93,13.27,599890,908.67,23203.0,55.2599983215332,1316.9000244140625,2706.530029296875
2019-02-11,13.39,13.8,13.3,13.75,1000430,926.1,22862.69921875,52.40999984741211,1307.0,2709.800048828125
2019-02-12,13.71,13.89,13.67,13.67,701570,937.54,23203.0,53.099998474121094,1309.199951171875,2744.72998046875
2019-02-13,13.71,14.02,13.71,13.88,1125370,945.25,23203.0,53.900001525878906,1310.800048828125,2753.030029296875
2019-02-14,13.91,13.99,13.78,13.78,616980,952.34,23203.0,54.40999984741211,1309.800048828125,2745.72998046875
2019-02-15,13.78,13.85,13.71,13.77,647230,950.89,23203.0,55.59000015258789,1318.0999755859375,2775.60009765625
2019-02-18,13.86,13.89,13.74,13.83,306310,961.3,23203.0,55.59000015258789,1318.0999755859375,2775.60009765625
2019-02-19,13.92,14.06,13.8,13.83,1470880,964.35,23203.0,56.09000015258789,1340.0999755859375,2779.760009765625
2019-02-20,13.8,14.03,13.8,13.97,499430,970.58,23203.0,56.91999816894531,1343.300048828125,2784.699951171875
2019-02-21,13.92,13.99,13.8,13.95,749950,987.57,23203.0,56.959999084472656,1323.5,2774.8798828125
2019-02-22,13.95,14.14,13.83,14.08,1243720,988.91,23203.0,57.2599983215332,1329.199951171875,2792.669921875
2019-02-25,14.19,14.39,14.16,14.17,1023660,994.43,22851.5,55.47999954223633,1325.9000244140625,2796.110107421875
2019-02-26,14.2,14.2,14.02,14.08,663220,987.06,23203.0,55.5,1325.0999755859375,2793.89990234375
2019-02-27,14.08,14.16,13.99,14.05,485650,990.27,23203.0,56.939998626708984,1317.699951171875,2792.3798828125
2019-02-28,14.05,14.05,13.77,13.77,1372190,965.47,23198.0,57.220001220703125,1312.800048828125,2784.489990234375
2019-03-01,13.88,13.89,13.75,13.89,590780,979.63,23198.0,55.79999923706055,1296.4000244140625,2803.68994140625
2019-03-04,13.89,14.08,13.89,14.02,806770,993.99,23198.0,56.59000015258789,1284.800048828125,2792.81005859375
2019-03-05,14.02,14.08,13.95,13.99,824300,992.45,23198.0,56.560001373291016,1282.0,2789.64990234375
2019-03-06,14.0,14.05,13.85,13.89,695230,994.49,23198.0,56.220001220703125,1284.9000244140625,2771.449951171875
2019-03-07,13.89,14.02,13.89,13.94,374340,994.03,23198.0,56.65999984741211,1283.800048828125,2748.929931640625
2019-03-08,13.92,13.95,13.85,13.91,693180,985.25,23198.0,56.06999969482422,1297.0,2743.070068359375
2019-03-11,13.91,13.97,13.85,13.86,364520,984.6,22793.69921875,56.790000915527344,1288.800048828125,2783.300048828125
2019-03-12,13.94,14.48,13.94,14.48,1930870,1001.32,23198.0,56.869998931884766,1296.300048828125,2791.52001953125
2019-03-13,14.48,14.55,14.39,14.39,1001890,1005.41,23198.0,58.2599983215332,1307.5,2810.919921875
2019-03-14,14.39,14.48,14.33,14.44,510200,1009.56,23198.0,58.61000061035156,1293.4000244140625,2808.47998046875
2019-03-15,14.41,14.42,14.25,14.33,1041840,1004.12,23198.0,58.52000045776367,1301.800048828125,2822.47998046875
2019-03-18,14.42,14.47,14.31,14.39,994080,1011.86,23198.0,59.09000015258789,1300.300048828125,2832.93994140625
2019-03-19,14.39,14.42,14.24,14.24,914720,1006.59,23198.0,59.029998779296875,1305.0,2832.570068359375
2019-03-20,14.2,14.3,14.09,14.16,797270,1002.3,23198.0,59.83000183105469,1300.5,2824.22998046875
2019-03-21,14.27,14.27,14.05,14.05,825740,981.78,23198.0,59.97999954223633,1306.0999755859375,2854.8798828125
2019-03-22,14.05,14.14,14.03,14.03,687690,988.71,23198.0,59.040000915527344,1311.5999755859375,2800.7099609375
2019-03-25,13.77,14.02,13.77,13.83,633520,970.07,22803.80078125,58.81999969482422,1321.9000244140625,2798.360107421875
2019-03-26,14.02,14.02,13.86,13.94,386120,969.79,23198.0,59.939998626708984,1314.300048828125,2818.4599609375
2019-03-27,13.95,14.05,13.95,14.02,589040,975.91,23198.0,59.40999984741211,1309.9000244140625,2805.3701171875
2019-03-28,13.94,14.13,13.94,14.06,362360,982.98,23198.0,59.29999923706055,1289.800048828125,2815.43994140625
2019-03-29,14.2,14.2,14.11,14.17,446750,980.76,23198.0,60.13999938964844,1293.0,2834.39990234375
2019-04-01,14.3,14.3,14.17,14.27,327500,988.53,23198.0,61.59000015258789,1288.4000244140625,2867.18994140625
2019-04-02,14.27,14.55,14.27,14.33,1354480,985.81,23198.0,62.58000183105469,1290.0,2867.239990234375
2019-04-03,14.45,14.7,14.33,14.7,1034100,984.46,23198.0,62.459999084472656,1289.9000244140625,2873.39990234375
2019-04-04,14.8,15.01,14.72,14.89,1716130,986.91,23198.0,62.099998474121094,1289.0,2879.389892578125
2019-04-05,14.89,14.92,14.78,14.89,615200,989.26,23198.0,63.08000183105469,1290.4000244140625,2892.739990234375
2019-04-08,14.84,14.95,14.78,14.89,452660,997.56,23198.0,64.4000015258789,1297.0999755859375,2895.77001953125
2019-04-09,14.89,15.11,14.73,14.73,1011680,988.48,23198.0,63.97999954223633,1303.5,2878.199951171875
2019-04-10,14.64,14.73,14.56,14.61,731100,981.91,23198.0,64.61000061035156,1309.0999755859375,2888.2099609375
2019-04-11,14.61,14.8,14.59,14.64,359910,985.95,23198.0,63.58000183105469,1288.5999755859375,2888.320068359375
2019-04-12,14.59,15.08,14.59,15.01,875090,982.9,23198.0,63.88999938964844,1290.5999755859375,2907.409912109375
2019-04-16,14.8,15.01,14.8,14.92,907000,977.17,23164.5,64.05000305175781,1272.5999755859375,2907.06005859375
2019-04-17,15.04,15.42,15.01,15.11,1959530,972.1,23167.5,63.7599983215332,1272.199951171875,2900.449951171875
2019-04-18,15.11,15.34,14.97,15.11,975930,962.3,23163.5,64.0,1271.9000244140625,2905.030029296875
2019-04-19,15.17,15.23,15.08,15.09,453980,966.21,23168.5,64.0,1271.9000244140625,2905.030029296875
2019-04-22,15.11,15.11,14.89,14.92,826090,965.86,23177.5,65.69999694824219,1273.5,2907.969970703125
2019-04-23,14.92,15.09,14.8,14.92,549400,968.0,22868.400390625,66.30000305175781,1269.300048828125,2933.679931640625
2019-04-24,15.11,15.15,14.98,15.12,855130,976.92,23182.5,65.88999938964844,1275.5,2927.25
2019-04-25,15.11,15.31,15.09,15.2,970660,974.13,23182.80078125,65.20999908447266,1275.800048828125,2926.169921875
2019-04-26,15.23,15.5,15.2,15.43,864950,979.64,23185.0,63.29999923706055,1284.9000244140625,2939.8798828125
2019-05-02,15.51,15.64,15.47,15.53,885020,978.5,23243.80078125,61.810001373291016,1269.699951171875,2917.52001953125
2019-05-03,15.54,15.57,15.45,15.57,1059570,974.14,23235.0,61.939998626708984,1279.199951171875,2945.639892578125
2019-05-06,15.26,15.39,15.09,15.19,1455140,957.97,23217.5,62.25,1281.699951171875,2932.469970703125
2019-05-07,15.29,15.48,15.28,15.48,1094880,957.56,23246.5,61.400001525878906,1283.5,2884.050048828125
2019-05-08,15.36,15.48,15.26,15.47,959020,951.22,23260.0,62.119998931884766,1279.4000244140625,2879.419921875
2019-05-09,15.45,15.47,15.14,15.14,860940,947.01,23332.5,61.70000076293945,1283.5,2870.719970703125
2019-05-10,15.26,15.34,15.19,15.26,1027830,952.55,23365.0,61.65999984741211,1285.699951171875,2881.39990234375
2019-05-13,15.26,15.51,15.26,15.42,850540,958.54,23312.5,61.040000915527344,1300.0999755859375,2811.8701171875
2019-05-14,15.39,15.82,15.29,15.64,1560830,965.34,23294.0,61.779998779296875,1294.699951171875,2834.409912109375
2019-05-15,15.73,15.76,15.61,15.7,1539940,975.64,23345.0,62.02000045776367,1296.300048828125,2850.9599609375
2019-05-16,15.7,15.79,15.47,15.47,1891290,975.69,23290.0,62.869998931884766,1285.0,2876.320068359375
2019-05-17,15.74,15.74,15.49,15.54,1487590,976.48,23272.69921875,62.7599983215332,1274.5,2859.530029296875
2019-05-20,15.56,15.84,15.56,15.82,1792130,987.13,23357.5,63.099998474121094,1276.0999755859375,2840.22998046875
2019-05-21,15.91,16.1,15.86,16.05,1016530,986.29,23372.5,62.9900016784668,1272.0,2864.360107421875
2019-05-22,16.07,16.14,15.82,15.82,1563650,983.78,23372.5,61.41999816894531,1273.5999755859375,2856.27001953125
2019-05-23,15.82,16.02,15.81,15.98,1267520,982.71,23048.599609375,57.90999984741211,1284.800048828125,2822.239990234375
2019-05-24,15.91,16.07,15.82,15.95,1014750,970.03,23354.0,58.630001068115234,1283.0,2826.06005859375
2019-05-27,15.84,15.89,15.61,15.82,1261950,975.14,22990.19921875,58.630001068115234,1283.0,2826.06005859375
2019-05-28,15.74,15.88,15.65,15.68,518470,972.0,23355.0,59.13999938964844,1276.5,2802.389892578125
2019-05-29,15.68,15.68,15.39,15.42,1505300,971.54,23087.19921875,58.810001373291016,1280.5999755859375,2783.02001953125
2019-05-30,15.42,15.63,15.35,15.58,986450,969.34,23367.5,56.59000015258789,1287.0999755859375,2788.860107421875
2019-05-31,15.6,15.67,15.42,15.42,611860,959.88,23382.69921875,53.5,1305.800048828125,2752.06005859375
2019-06-03,15.39,15.42,15.21,15.21,881810,946.47,22945.900390625,53.25,1322.699951171875,2744.449951171875
2019-06-04,15.21,15.28,15.12,15.14,537160,951.16,23359.5,53.47999954223633,1323.4000244140625,2803.27001953125
2019-06-05,15.21,15.35,15.21,15.25,500100,951.41,23362.5,51.68000030517578,1328.300048828125,2826.14990234375
2019-06-06,15.32,15.63,15.25,15.56,922740,948.21,23375.0,52.59000015258789,1337.5999755859375,2843.489990234375
2019-06-07,15.67,15.82,15.63,15.81,1304680,958.28,23368.0,53.9900016784668,1341.199951171875,2873.340087890625
2019-06-10,15.91,15.98,15.67,15.77,1227340,962.9,23362.0,53.2599983215332,1324.699951171875,2886.72998046875
2019-06-11,15.77,15.95,15.7,15.81,1296500,962.07,23330.0,53.27000045776367,1326.4000244140625,2885.719970703125
2019-06-12,15.81,15.95,15.74,15.75,1284520,954.17,23330.0,51.13999938964844,1331.9000244140625,2879.840087890625
2019-06-13,15.75,15.77,15.56,15.58,856270,950.08,23285.5,52.279998779296875,1339.199951171875,2891.639892578125
2019-06-14,15.6,15.7,15.53,15.53,559800,953.61,23285.0,52.5099983215332,1340.0999755859375,2886.97998046875
2019-06-17,15.42,15.56,15.35,15.4,1013550,946.95,23034.5,51.93000030517578,1338.699951171875,2889.669921875
2019-06-18,15.51,15.54,15.3,15.4,763680,944.01,23315.0,53.900001525878906,1346.5999755859375,2917.75
2019-06-19,15.49,15.63,15.46,15.61,530820,949.69,23301.0,53.7599983215332,1344.5999755859375,2926.4599609375
2019-06-20,15.68,15.88,15.61,15.88,1356030,959.18,23300.0,56.650001525878906,1392.9000244140625,2954.179931640625
2019-06-21,15.91,15.95,15.82,15.88,872460,959.2,23265.0,57.43000030517578,1396.199951171875,2950.4599609375
2019-06-24,15.88,15.89,15.79,15.79,726160,962.85,22876.5,57.900001525878906,1414.300048828125,2945.35009765625
2019-06-25,15.74,16.28,15.67,16.26,3269450,960.13,23262.5,57.83000183105469,1414.9000244140625,2917.3798828125
2019-06-26,16.26,16.26,16.12,16.14,1014470,959.13,23272.599609375,59.380001068115234,1411.5999755859375,2913.780029296875
2019-06-27,16.1,16.12,15.84,15.88,1221860,943.11,23270.0,59.43000030517578,1408.4000244140625,2924.919921875
2019-06-28,15.88,16.08,15.7,15.91,2479220,949.94,23280.0,58.470001220703125,1409.699951171875,2941.760009765625
2019-07-01,16.08,16.47,16.05,16.47,2551280,965.61,23275.0,59.09000015258789,1385.5999755859375,2964.330078125
2019-07-02,16.43,16.61,16.31,16.4,1600280,961.98,22997.599609375,56.25,1404.5999755859375,2973.010009765625
2019-07-03,16.33,16.4,16.28,16.36,1275860,960.39,22901.30078125,57.34000015258789,1417.699951171875,2995.820068359375
2019-07-04,16.43,16.5,16.36,16.42,1275800,973.04,23215.0,57.34000015258789,1417.699951171875,2995.820068359375
2019-07-05,16.36,16.43,16.22,16.29,1137770,975.34,23215.0,57.5099983215332,1396.699951171875,2990.409912109375
2019-07-08,16.26,16.4,16.1,16.19,1303050,966.35,23202.5,57.65999984741211,1397.0,2975.949951171875
2019-07-09,16.19,16.38,16.12,16.35,992570,969.05,23202.5,57.83000183105469,1397.5,2979.6298828125
2019-07-10,16.42,16.59,16.36,16.45,1281980,973.65,23202.5,60.43000030517578,1410.0999755859375,2993.070068359375
2019-07-11,16.49,16.52,16.36,16.43,854140,978.63,23202.5,60.20000076293945,1404.300048828125,2999.909912109375
2019-07-12,16.47,16.59,16.36,16.43,1241970,975.4,23202.5,60.209999084472656,1409.9000244140625,3013.77001953125
2019-07-15,16.42,16.63,16.38,16.54,1176060,972.53,23202.5,59.58000183105469,1411.4000244140625,3014.300048828125
2019-07-16,16.56,16.71,16.52,16.54,1160000,982.11,23166.5,57.619998931884766,1409.199951171875,3004.0400390625
2019-07-17,16.54,16.61,16.43,16.45,1292630,982.57,23166.0,56.779998779296875,1421.300048828125,2984.419921875
2019-07-18,16.43,16.47,16.36,16.36,1035440,976.05,23167.5,55.29999923706055,1426.0999755859375,2995.110107421875
2019-07-19,16.42,16.89,16.4,16.85,2811560,982.34,23179.80078125,55.630001068115234,1425.0999755859375,2976.610107421875
2019-07-22,16.85,17.01,16.77,16.91,1755780,982.04,22901.099609375,56.220001220703125,1425.300048828125,2985.030029296875
2019-07-23,16.96,17.06,16.82,17.06,948550,989.46,23192.5,56.77000045776367,1420.0999755859375,3005.469970703125
2019-07-24,17.26,17.27,16.99,16.99,1952770,988.41,23175.0,55.880001068115234,1422.800048828125,3019.56005859375
2019-07-25,16.99,17.12,16.96,17.01,1157100,994.95,23175.0,56.02000045776367,1413.9000244140625,3003.669921875
2019-07-26,16.96,17.06,16.91,17.06,1043020,993.35,23175.099609375,56.20000076293945,1418.5,3025.860107421875
2019-07-29,17.06,17.06,16.85,16.99,1130450,997.94,23176.5,56.869998931884766,1419.5999755859375,3020.969970703125
2019-07-30,16.99,16.99,16.68,16.71,2092220,986.02,23207.0,58.04999923706055,1429.699951171875,3013.179931640625
2019-07-31,16.71,16.92,16.61,16.92,1111880,991.66,23207.0,58.58000183105469,1426.0999755859375,2980.3798828125
2019-08-01,16.92,16.99,16.85,16.91,965060,997.39,23207.0,53.95000076293945,1420.9000244140625,2953.56005859375
2019-08-02,16.8,17.13,16.73,17.06,1451900,991.1,23207.0,55.65999984741211,1445.5999755859375,2932.050048828125
2019-08-05,17.13,17.41,17.06,17.13,2322100,973.15,23207.0,54.689998626708984,1464.5999755859375,2844.739990234375
2019-08-06,16.85,17.24,16.85,17.12,1304570,964.61,23207.0,53.630001068115234,1472.4000244140625,2881.77001953125
2019-08-07,17.13,17.4,17.12,17.4,1246410,965.93,23207.0,51.09000015258789,1507.300048828125,2883.97998046875
2019-08-08,17.43,17.69,17.43,17.59,2085510,975.24,23207.0,52.540000915527344,1497.699951171875,2938.090087890625
2019-08-09,17.59,17.97,17.48,17.87,1751680,974.34,23207.0,54.5,1496.5999755859375,2918.64990234375
2019-08-12,17.87,18.39,17.73,18.29,1817920,975.31,23207.0,54.93000030517578,1505.300048828125,2882.699951171875
2019-08-13,18.22,18.6,18.08,18.36,2237980,966.83,23207.0,57.099998474121094,1502.199951171875,2926.320068359375
2019-08-14,18.53,18.78,18.46,18.6,2205370,968.91,23207.0,55.22999954223633,1515.9000244140625,2840.60009765625
2019-08-15,18.5,18.89,18.32,18.89,2223880,979.38,23207.0,54.470001220703125,1519.5999755859375,2847.60009765625
2019-08-16,18.89,19.64,18.53,18.53,4531020,980.0,23207.0,54.869998931884766,1512.5,2888.679931640625
2019-08-19,18.53,18.78,18.25,18.67,2849780,981.03,23207.0,56.209999084472656,1500.4000244140625,2923.64990234375
2019-08-20,18.67,19.24,18.67,19.24,2277750,984.67,23207.0,56.34000015258789,1504.5999755859375,2900.510009765625
2019-08-21,19.28,19.42,19.03,19.1,1808020,994.38,23207.0,55.68000030517578,1504.5999755859375,2924.429931640625
2019-08-22,19.1,19.35,18.85,18.89,1892640,997.26,23207.0,55.349998474121094,1497.300048828125,2922.949951171875
2019-08-23,18.92,19.39,18.75,19.39,1868200,992.45,23207.0,54.16999816894531,1526.5999755859375,2847.110107421875
2019-08-26,19.07,19.32,19.07,19.14,1756160,982.88,22459.900390625,53.63999938964844,1526.300048828125,2878.3798828125
2019-08-27,19.24,19.35,18.82,18.82,1566370,976.79,23207.0,54.93000030517578,1541.0,2869.159912109375
2019-08-28,18.89,18.96,18.57,18.57,1537860,977.26,23207.0,55.779998779296875,1537.800048828125,2887.93994140625
2019-08-29,18.6,18.82,18.5,18.78,972940,978.59,23207.0,56.709999084472656,1526.5,2924.580078125
2019-08-30,18.89,19.03,18.85,18.92,708360,984.06,23207.0,55.099998474121094,1519.0999755859375,2926.4599609375
2019-09-03,18.89,19.24,18.89,19.14,1360230,979.36,23207.0,53.939998626708984,1545.9000244140625,2906.27001953125
2019-09-04,19.14,19.32,18.89,18.96,1655300,977.63,23207.0,56.2599983215332,1550.300048828125,2937.780029296875
2019-09-05,19.03,19.07,18.75,18.75,1243680,976.79,23207.0,56.29999923706055,1515.4000244140625,2976.0
2019-09-06,18.85,18.96,18.64,18.85,1142710,974.08,23207.0,56.52000045776367,1506.199951171875,2978.7099609375
2019-09-09,18.89,19.39,18.71,19.17,2507800,974.12,22626.5,57.849998474121094,1502.199951171875,2978.429931640625
2019-09-10,19.32,19.39,19.1,19.24,1731610,970.26,23207.0,57.400001525878906,1490.300048828125,2979.389892578125
2019-09-11,19.24,19.32,19.03,19.28,1179670,969.31,23207.0,55.75,1494.4000244140625,3000.929931640625
2019-09-12,19.39,20.14,19.39,20.14,3799910,976.07,23207.0,55.09000015258789,1498.699951171875,3009.570068359375
2019-09-13,20.14,20.46,20.06,20.24,2123900,987.22,23207.0,54.849998474121094,1490.9000244140625,3007.389892578125
2019-09-16,20.28,20.67,20.21,20.56,1339560,989.86,23207.0,62.900001525878906,1503.0999755859375,2997.9599609375
2019-09-17,20.42,20.71,20.35,20.53,1194690,996.74,23207.0,59.34000015258789,1505.0999755859375,3005.699951171875
2019-09-18,20.63,20.63,20.06,20.1,2592910,995.15,23207.0,58.11000061035156,1507.5,3006.72998046875
2019-09-19,20.17,20.6,20.03,20.6,1432730,997.1,23207.0,58.130001068115234,1498.4000244140625,3006.7900390625
2019-09-20,20.56,20.95,20.53,20.74,1396120,990.36,23207.0,58.09000015258789,1507.300048828125,2992.070068359375
2019-09-23,20.67,20.78,20.14,20.14,2313090,987.54,23207.0,58.63999938964844,1523.699951171875,2991.780029296875
2019-09-24,20.1,20.31,19.89,20.03,2537600,988.13,23207.0,57.290000915527344,1532.0999755859375,2966.60009765625
2019-09-25,20.06,20.46,19.99,20.46,1442410,987.3,23207.0,56.4900016784668,1504.5999755859375,2984.8701171875
2019-09-26,20.56,20.67,20.38,20.56,992640,990.75,23207.0,56.40999984741211,1507.5,2977.6201171875
2019-09-27,20.53,20.95,20.46,20.85,2510520,997.84,23207.0,55.90999984741211,1499.0999755859375,2961.7900390625
2019-09-30,21.13,21.2,20.56,20.56,2199170,996.56,22835.099609375,54.06999969482422,1465.699951171875,2976.739990234375
2019-10-01,20.56,20.85,20.53,20.85,1644130,999.59,23207.0,53.619998931884766,1482.0,2940.25
2019-10-02,20.85,20.88,20.38,20.38,2439020,991.19,22764.900390625,52.63999938964844,1501.0,2887.610107421875
2019-10-03,20.17,20.46,20.1,20.38,2804850,992.45,22756.0,52.45000076293945,1507.0999755859375,2910.6298828125
2019-10-04,20.49,20.49,20.21,20.24,1271210,987.59,23207.0,52.810001373291016,1506.199951171875,2952.010009765625
2019-10-07,20.24,20.38,19.78,19.78,2371810,983.09,22855.19921875,52.75,1497.699951171875,2938.7900390625
2019-10-08,19.78,20.03,19.67,19.99,1337220,988.22,23207.0,52.630001068115234,1497.199951171875,2893.06005859375
2019-10-09,20.06,20.31,19.89,20.1,937530,987.83,23207.0,52.59000015258789,1506.0999755859375,2919.39990234375
2019-10-10,20.17,20.31,20.1,20.1,808000,987.38,23207.0,53.54999923706055,1494.800048828125,2938.1298828125
2019-10-11,20.21,20.28,20.1,20.14,794420,991.84,23207.0,54.70000076293945,1482.699951171875,2970.27001953125
2019-10-14,20.31,20.74,20.24,20.56,2231030,993.57,22842.7734375,53.59000015258789,1491.699951171875,2966.14990234375
2019-10-15,20.6,20.6,20.46,20.46,663910,993.05,23207.0,52.810001373291016,1477.5999755859375,2995.679931640625
2019-10-16,20.6,20.67,20.46,20.49,829050,994.46,23207.0,53.36000061035156,1488.0,2989.68994140625
2019-10-17,20.46,20.49,20.17,20.21,1621590,989.82,23207.0,53.93000030517578,1492.300048828125,2997.949951171875
2019-10-18,20.24,20.53,20.17,20.35,1447340,989.2,23207.0,53.779998779296875,1488.199951171875,2986.199951171875
2019-10-21,20.46,20.46,20.06,20.14,1260490,983.56,23207.0,53.310001373291016,1482.4000244140625,3006.719970703125
2019-10-22,20.14,20.17,19.85,20.06,1534380,987.19,23207.0,54.15999984741211,1481.699951171875,2995.989990234375
2019-10-23,19.96,20.31,19.96,20.1,747810,987.79,23207.0,55.970001220703125,1489.9000244140625,3004.52001953125
2019-10-24,20.24,20.74,20.1,20.74,2233890,993.6,23207.0,56.22999954223633,1498.9000244140625,3010.2900390625
2019-10-25,20.78,20.85,20.56,20.67,1355310,996.57,23207.0,56.65999984741211,1499.5,3022.550048828125
2019-10-28,20.67,20.95,20.6,20.71,1494820,996.48,23207.0,55.810001373291016,1490.0,3039.419921875
2019-10-29,20.74,20.78,20.6,20.63,953020,995.87,23207.0,55.540000915527344,1487.0,3036.889892578125
2019-10-30,20.63,20.71,20.53,20.6,1102070,1000.89,23207.0,55.060001373291016,1493.199951171875,3046.77001953125
2019-10-31,20.67,20.92,20.6,20.63,1263390,998.82,23207.0,54.18000030517578,1511.4000244140625,3037.56005859375
2019-11-01,20.67,20.92,20.53,20.85,1732950,1015.59,23207.0,56.20000076293945,1508.0,3066.909912109375
2019-11-04,20.92,21.56,20.92,21.35,5811560,1022.43,23207.0,56.540000915527344,1508.0,3078.27001953125
2019-11-05,21.42,21.42,21.17,21.31,1239520,1024.34,23207.0,57.22999954223633,1480.800048828125,3074.6201171875
2019-11-06,21.31,21.52,21.2,21.2,1551610,1024.91,23207.0,56.349998474121094,1490.199951171875,3076.780029296875
2019-11-07,21.2,21.35,21.1,21.2,1438030,1024.03,23207.0,57.150001525878906,1464.199951171875,3085.179931640625
2019-11-08,21.31,21.31,21.1,21.24,1219540,1022.49,23207.0,57.2400016784668,1461.300048828125,3093.080078125
2019-11-11,21.28,21.6,21.2,21.38,2180490,1016.75,23207.0,56.86000061035156,1455.5,3087.010009765625
2019-11-12,21.38,21.85,21.38,21.74,2842650,1018.33,23207.0,56.79999923706055,1452.0999755859375,3091.840087890625
2019-11-13,21.81,21.85,21.56,21.56,1333940,1012.77,23207.0,57.119998931884766,1461.699951171875,3094.0400390625
2019-11-14,21.56,21.74,20.49,20.78,4799390,1012.3,23207.0,56.77000045776367,1471.800048828125,3096.6298828125
2019-11-15,20.78,20.95,20.56,20.88,2568040,1010.03,23207.0,57.720001220703125,1467.300048828125,3120.4599609375
2019-11-18,20.81,20.95,20.35,20.49,2794920,1002.91,22802.74609375,57.04999923706055,1470.9000244140625,3122.030029296875
2019-11-19,20.49,20.78,20.49,20.78,1059770,1008.35,23207.0,55.209999084472656,1473.300048828125,3120.179931640625
2019-11-20,20.74,20.74,20.17,20.24,2291760,1000.56,23207.0,57.11000061035156,1473.300048828125,3108.4599609375
2019-11-21,20.24,20.35,19.92,19.96,3303950,987.89,23207.0,58.58000183105469,1463.0999755859375,3103.5400390625
2019-11-22,20.06,20.35,19.78,19.96,1625820,977.78,23207.0,57.77000045776367,1463.0999755859375,3110.2900390625
2019-11-25,19.99,20.31,19.89,20.17,1087990,976.35,23207.0,58.0099983215332,1456.5999755859375,3133.639892578125
2019-11-26,20.31,20.38,20.24,20.35,968690,976.79,23207.0,58.40999984741211,1459.800048828125,3140.52001953125
2019-11-27,20.38,20.46,20.28,20.31,812280,978.17,23207.0,58.11000061035156,1453.4000244140625,3153.6298828125
2019-11-28,20.28,20.28,19.89,19.96,1370820,970.39,23207.0,58.11000061035156,1453.4000244140625,3153.6298828125
2019-11-29,19.96,20.24,19.89,20.1,739370,970.75,23207.0,55.16999816894531,1465.5999755859375,3140.97998046875
2019-12-02,20.14,20.14,19.46,19.46,1992380,959.31,22771.517578125,55.959999084472656,1462.300048828125,3113.8701171875
2019-12-03,19.32,19.67,18.99,19.42,1619120,953.43,23207.0,56.099998474121094,1478.199951171875,3093.199951171875
2019-12-04,19.42,19.78,19.24,19.74,932130,965.9,23207.0,58.43000030517578,1474.0,3112.760009765625
2019-12-05,19.78,19.89,19.53,19.56,1144000,963.27,23171.0,58.43000030517578,1476.9000244140625,3117.429931640625
2019-12-06,19.6,19.74,19.49,19.6,556160,963.56,23171.0,59.20000076293945,1459.0999755859375,3145.909912109375
2019-12-09,19.67,19.89,19.6,19.71,700960,966.06,23171.0,59.02000045776367,1459.300048828125,3135.9599609375
2019-12-10,19.71,19.89,19.53,19.78,797100,960.3,23171.0,59.2400016784668,1462.5999755859375,3132.52001953125
2019-12-11,19.78,20.17,19.67,20.14,877960,961.78,23171.0,58.7599983215332,1469.4000244140625,3141.6298828125
2019-12-12,20.24,20.38,20.21,20.31,942410,968.17,23171.0,59.18000030517578,1466.699951171875,3168.570068359375
2019-12-13,20.38,20.49,20.28,20.35,1681700,966.18,23171.0,60.06999969482422,1475.5999755859375,3168.800048828125
2019-12-16,20.35,20.35,20.1,20.14,968130,961.47,23171.0,60.209999084472656,1475.0,3191.449951171875
2019-12-17,20.03,20.1,19.64,19.74,2211360,954.03,23171.0,60.939998626708984,1474.5999755859375,3192.52001953125
2019-12-18,19.74,19.96,19.6,19.78,1022490,951.13,23171.0,60.93000030517578,1472.5999755859375,3191.139892578125
2019-12-19,19.78,20.03,19.74,19.89,817820,952.26,23171.0,61.220001220703125,1478.199951171875,3205.3701171875
2019-12-20,19.96,20.21,19.89,20.14,777100,956.41,23171.0,60.439998626708984,1474.699951171875,3221.219970703125
2019-12-23,20.28,20.31,19.96,19.99,766000,959.43,23171.0,60.52000045776367,1482.5,3224.010009765625
2019-12-24,20.1,20.14,19.99,20.1,692100,958.88,23171.0,61.11000061035156,1499.0999755859375,3223.3798828125
2019-12-25,20.1,20.63,20.1,20.49,1604350,960.92,23171.0,61.11000061035156,1499.0999755859375,3223.3798828125
2019-12-26,20.6,20.71,20.46,20.46,1124500,958.59,23171.0,61.68000030517578,1509.300048828125,3239.909912109375
2019-12-27,20.46,20.6,20.24,20.53,1004860,963.51,23171.0,61.720001220703125,1513.800048828125,3240.02001953125
2019-12-30,20.6,20.99,20.53,20.88,2881060,965.03,23171.0,61.68000030517578,1514.5,3221.2900390625
2019-12-31,20.88,20.92,20.67,20.78,689030,960.99,23171.0,61.060001373291016,1519.5,3230.780029296875
2020-01-02,20.78,21.03,20.67,20.88,896720,966.67,23171.0,61.18000030517578,1524.5,3257.85009765625
2020-01-03,20.99,21.06,20.46,20.53,2047880,965.14,23171.0,63.04999923706055,1549.199951171875,3234.85009765625
2020-01-06,20.35,20.53,20.24,20.31,1091660,955.79,23171.0,63.27000045776367,1566.199951171875,3246.280029296875
2020-01-07,20.42,20.71,20.31,20.71,837240,958.88,23171.0,62.70000076293945,1571.800048828125,3237.179931640625
2020-01-08,20.49,20.56,20.24,20.24,1814290,948.98,23171.0,59.61000061035156,1557.4000244140625,3253.050048828125
2020-01-09,20.42,20.56,20.35,20.53,967050,960.15,23171.0,59.560001373291016,1551.699951171875,3274.699951171875
2020-01-10,20.49,20.6,20.35,20.49,1018650,968.54,23171.0,59.040000915527344,1557.5,3265.35009765625
2020-01-13,20.46,20.53,20.31,20.35,786760,965.84,22761.69140625,58.08000183105469,1548.4000244140625,3288.1298828125
2020-01-14,20.35,20.46,20.31,20.31,721680,967.0,23171.0,58.22999954223633,1542.4000244140625,3283.14990234375
2020-01-15,20.31,20.35,20.24,20.31,940870,967.56,23171.0,57.810001373291016,1552.0999755859375,3289.2900390625
2020-01-16,20.31,20.74,20.31,20.67,1942970,974.31,23171.0,58.52000045776367,1549.0,3316.81005859375
2020-01-17,20.67,20.71,20.31,20.53,1388810,978.96,23171.0,58.540000915527344,1558.800048828125,3329.6201171875
2020-01-20,20.49,20.67,20.38,20.46,1227100,978.63,23171.0,58.540000915527344,1558.800048828125,3329.6201171875
2020-01-21,20.6,20.67,19.78,19.78,4351820,986.37,23171.0,58.34000015258789,1556.4000244140625,3320.7900390625
2020-01-22,19.6,20.14,19.49,20.14,3165650,991.46,23171.0,56.7400016784668,1555.300048828125,3321.75
2020-01-30,19.71,19.89,19.21,19.49,2638460,959.58,23171.0,52.13999938964844,1583.5,3283.659912109375
2020-01-31,19.24,19.56,18.53,18.53,4118150,936.62,23182.0,51.560001373291016,1582.9000244140625,3225.52001953125
2020-02-03,17.68,18.71,17.46,18.35,3602970,928.14,23182.0,50.11000061035156,1577.199951171875,3248.919921875
2020-02-04,18.67,18.67,18.18,18.46,1651440,929.09,23182.0,49.61000061035156,1550.4000244140625,3297.590087890625
2020-02-05,18.64,18.82,18.53,18.53,1648620,925.91,23237.0,50.75,1557.800048828125,3334.68994140625
2020-02-06,18.71,19.1,18.46,19.1,1708550,938.54,23237.0,50.95000076293945,1565.0999755859375,3345.780029296875
2020-02-07,18.89,19.07,18.82,18.99,1218660,940.75,23237.0,50.31999969482422,1568.5999755859375,3327.7099609375
2020-02-10,18.67,18.89,18.57,18.75,738090,930.73,23237.0,49.56999969482422,1574.699951171875,3352.090087890625
2020-02-11,18.85,19.14,18.78,19.1,1085380,934.67,23237.0,49.939998626708984,1565.5999755859375,3357.75
2020-02-12,19.17,19.49,19.14,19.28,1104870,937.68,23237.0,51.16999816894531,1567.4000244140625,3379.449951171875
2020-02-13,19.28,19.42,19.14,19.35,1030570,938.24,23237.0,51.41999816894531,1575.0999755859375,3373.93994140625
2020-02-14,19.28,19.42,19.24,19.42,884240,937.45,23237.0,52.04999923706055,1582.699951171875,3380.159912109375
2020-02-17,19.46,19.46,19.24,19.32,726390,934.77,23237.0,52.04999923706055,1582.699951171875,3380.159912109375
2020-02-18,19.39,19.96,19.35,19.96,1760940,927.93,23237.0,52.04999923706055,1600.0,3370.2900390625
2020-02-19,19.92,20.03,19.78,19.85,681250,928.76,23235.0,53.290000915527344,1607.5,3386.14990234375
2020-02-20,19.99,20.1,19.78,19.89,780810,938.13,23235.0,53.779998779296875,1616.5999755859375,3373.22998046875
2020-02-21,19.92,19.92,19.49,19.49,1458040,933.09,23235.0,53.380001068115234,1644.5999755859375,3337.75
2020-02-24,18.92,19.21,18.71,18.71,2261990,903.34,23235.0,51.43000030517578,1672.4000244140625,3225.889892578125
2020-02-25,18.57,19.24,18.53,19.24,1407720,909.67,23235.0,49.900001525878906,1646.9000244140625,3128.2099609375
2020-02-26,19.03,19.67,18.89,19.6,3221270,895.97,23235.0,48.72999954223633,1640.0,3116.389892578125
2020-02-27,19.6,20.14,19.46,19.96,2927040,898.44,23240.0,47.09000015258789,1640.0,2978.760009765625
2020-02-28,19.6,19.85,19.46,19.64,2132200,882.19,23240.0,44.7599983215332,1564.0999755859375,2954.219970703125
2020-03-02,19.64,20.03,19.53,19.85,1787060,884.43,23234.0,46.75,1592.300048828125,3090.22998046875
2020-03-03,20.03,20.31,19.85,19.92,1193800,890.61,23234.0,47.18000030517578,1642.0999755859375,3003.3701171875
2020-03-04,19.78,19.78,19.56,19.78,1660790,889.37,23234.0,46.779998779296875,1641.0999755859375,3130.1201171875
2020-03-05,19.78,19.92,19.46,19.46,1296450,893.31,23204.0,45.900001525878906,1666.4000244140625,3023.93994140625
2020-03-06,19.32,19.35,19.07,19.24,1305030,891.44,23204.0,41.279998779296875,1670.800048828125,2972.3701171875
2020-03-09,18.25,18.53,17.93,17.93,4735140,835.49,23204.0,31.1299991607666,1674.5,2746.56005859375
2020-03-10,18.18,18.53,17.93,18.42,2030340,837.5,23204.0,34.36000061035156,1659.0999755859375,2882.22998046875
2020-03-11,18.53,18.71,17.64,18.1,2753310,811.35,23204.0,32.97999954223633,1641.4000244140625,2741.3798828125
2020-03-12,17.32,17.57,16.86,17.14,3981670,769.25,23204.0,31.5,1589.300048828125,2480.639892578125
2020-03-13,16.14,17.82,16.11,17.16,2919140,761.78,23204.0,31.729999542236328,1515.699951171875,2711.02001953125
2020-03-16,17.16,17.71,16.93,16.96,1898960,747.86,23204.0,28.700000762939453,1485.9000244140625,2386.1298828125
2020-03-17,16.75,17.28,16.57,17.28,2474650,745.78,23204.0,26.950000762939453,1524.9000244140625,2529.18994140625
2020-03-18,17.46,17.5,17.23,17.25,1642800,747.66,23244.0,20.3700008392334,1477.300048828125,2398.10009765625
2020-03-19,16.96,17.14,16.96,17.0,1296590,725.94,23244.0,25.219999313354492,1478.5999755859375,2409.389892578125
2020-03-20,17.18,17.19,16.87,17.0,1291360,709.73,23244.0,22.43000030517578,1484.0,2304.919921875
2020-03-23,16.43,16.71,15.82,15.82,2826690,666.59,23244.0,23.360000610351562,1567.0,2237.39990234375
2020-03-24,16.04,16.04,15.5,15.86,2191500,659.21,23244.0,24.010000228881836,1660.199951171875,2447.330078125
2020-03-25,16.39,16.54,16.09,16.39,2131790,690.25,23244.0,24.489999771118164,1632.300048828125,2475.56005859375
2020-03-26,16.21,16.34,15.75,15.75,2358310,694.21,23244.0,22.600000381469727,1650.0999755859375,2630.070068359375
2020-03-27,15.82,15.82,15.29,15.36,2633750,696.06,23244.0,21.510000228881836,1623.9000244140625,2541.469970703125
2020-03-30,14.43,14.65,14.29,14.4,2157690,662.26,23010.337890625,20.09000015258789,1622.0,2626.64990234375
2020-03-31,14.83,15.11,14.29,14.65,1663050,662.53,23631.0,20.479999542236328,1583.4000244140625,2584.590087890625
2020-04-01,14.54,15.4,14.54,15.07,1453030,680.23,23631.0,20.309999465942383,1578.199951171875,2470.5
2020-04-03,15.32,15.91,15.22,15.89,2072000,701.8,23631.0,28.34000015258789,1633.699951171875,2488.64990234375
2020-04-06,16.39,16.93,16.21,16.93,2718990,736.75,23631.0,26.079999923706055,1677.0,2663.679931640625
2020-04-07,16.93,17.0,16.57,16.86,2463810,746.69,23631.0,23.6299991607666,1664.800048828125,2659.409912109375
2020-04-08,16.43,16.77,16.3,16.7,1576670,748.02,23631.0,25.09000015258789,1665.4000244140625,2749.97998046875
2020-04-09,16.75,16.96,16.57,16.7,2142370,760.33,23631.0,22.760000228881836,1736.199951171875,2789.820068359375
2020-04-10,16.61,16.75,16.36,16.54,1882020,757.94,23631.0,22.760000228881836,1736.199951171875,2789.820068359375
2020-04-13,16.54,16.75,16.43,16.57,1255360,765.79,23631.0,22.40999984741211,1744.800048828125,2761.6298828125
2020-04-14,16.96,17.64,16.75,17.64,4072050,767.41,23631.0,20.110000610351562,1756.699951171875,2846.06005859375
2020-04-15,18.0,18.1,17.77,17.85,2205200,777.22,23449.0,19.8700008392334,1727.199951171875,2783.360107421875
2020-04-16,17.71,18.1,17.57,17.93,1508480,780.7,23441.0,19.8700008392334,1720.4000244140625,2799.550048828125
2020-04-17,18.25,18.28,17.89,18.25,2631630,789.6,23441.0,18.270000457763672,1689.199951171875,2874.56005859375
2020-04-20,18.5,18.53,18.07,18.28,2239780,794.97,22972.873046875,18.270000457763672,1701.5999755859375,2823.159912109375
2020-04-21,18.0,18.14,17.43,17.57,3737050,766.84,23441.0,10.010000228881836,1678.199951171875,2736.56005859375
2020-04-22,17.39,18.25,17.36,18.21,2445860,768.92,23441.0,13.779999732971191,1728.699951171875,2799.31005859375
2020-04-23,18.57,18.6,18.18,18.18,1363410,773.91,23441.0,16.5,1733.300048828125,2797.800048828125
2020-04-24,18.14,18.25,17.85,18.18,1411380,776.66,23441.0,16.940000534057617,1723.5,2836.739990234375
2020-04-27,18.35,18.35,18.0,18.07,1419750,770.77,23441.0,12.779999732971191,1711.9000244140625,2878.47998046875
2020-04-28,18.07,18.1,17.89,18.07,974310,767.21,23441.0,12.34000015258789,1710.5,2863.389892578125
2020-04-29,18.1,18.32,18.0,18.1,1349230,769.11,23444.0,15.0600004196167,1703.4000244140625,2939.510009765625
2020-05-04,17.89,18.14,17.75,18.0,895530,762.47,23444.0,20.389999389648438,1706.9000244140625,2842.739990234375
2020-05-05,18.1,18.18,17.96,18.14,677990,764.16,23444.0,24.559999465942383,1704.4000244140625,2868.43994140625
2020-05-06,18.18,18.92,18.18,18.85,3470150,782.59,23444.0,23.989999771118164,1684.199951171875,2848.419921875
2020-05-07,18.89,19.07,18.67,19.07,2030720,796.54,23444.0,23.549999237060547,1721.800048828125,2881.18994140625
2020-05-08,19.1,19.64,19.1,19.14,3585320,813.73,23444.0,24.739999771118164,1709.9000244140625,2929.800048828125
2020-05-11,19.24,19.39,18.99,19.24,2119430,828.33,23399.0,24.139999389648438,1695.300048828125,2930.18994140625
2020-05-12,19.24,19.39,19.1,19.39,2828190,835.32,23399.0,25.780000686645508,1704.4000244140625,2870.1201171875
2020-05-13,19.83,20.69,19.79,20.6,6853810,834.21,23334.0,25.290000915527344,1713.9000244140625,2820.0
2020-05-14,20.44,20.5,20.25,20.33,2597400,832.4,23334.0,27.559999465942383,1738.0999755859375,2852.5
2020-05-15,20.16,20.42,19.94,20.04,2430890,827.03,23334.0,29.43000030517578,1753.4000244140625,2863.699951171875
2020-05-18,19.83,20.19,19.79,20.19,2000950,823.23,23334.0,31.81999969482422,1731.800048828125,2953.909912109375
2020-05-19,20.54,20.75,20.29,20.56,2879030,845.92,23334.0,32.5,1744.199951171875,2922.93994140625
2020-05-20,20.46,20.46,20.27,20.42,1245380,850.46,23334.0,33.4900016784668,1750.5999755859375,2971.610107421875
2020-05-21,20.42,20.58,20.39,20.58,2007060,862.73,23334.0,33.91999816894531,1720.5,2948.510009765625
2020-05-22,20.46,20.46,20.23,20.23,1731720,852.74,23334.0,33.25,1734.5999755859375,2955.449951171875
2020-05-25,20.23,20.29,19.96,20.23,2033000,857.99,23334.0,33.25,1734.5999755859375,2955.449951171875
2020-05-26,20.25,20.37,20.19,20.37,1615680,863.74,23334.0,34.349998474121094,1704.800048828125,2991.77001953125
2020-05-27,20.42,20.62,20.04,20.04,2098580,857.48,23312.0,32.810001373291016,1710.300048828125,3036.1298828125
2020-05-28,20.12,20.29,20.04,20.04,1194380,861.39,23312.0,33.709999084472656,1713.300048828125,3029.72998046875
2020-05-29,20.04,20.08,19.83,20.02,1346170,864.47,23309.0,35.4900016784668,1736.9000244140625,3044.31005859375
2020-06-01,20.04,20.19,20.04,20.16,1298150,873.62,23280.0,35.439998626708984,1737.800048828125,3055.72998046875
2020-06-02,20.16,20.25,20.04,20.04,1456730,879.24,23264.0,36.810001373291016,1725.199951171875,3080.820068359375
2020-06-03,20.04,20.44,20.0,20.31,1893060,881.17,23264.0,37.290000915527344,1697.800048828125,3122.8701171875
2020-06-04,20.42,20.42,20.21,20.21,1260060,883.9,23264.0,37.40999984741211,1718.9000244140625,3112.35009765625
2020-06-05,20.21,20.33,20.1,20.33,1236200,886.22,23264.0,39.54999923706055,1676.199951171875,3193.929931640625
2020-06-08,20.46,20.87,20.46,20.6,4113250,899.92,23264.0,38.189998626708984,1698.300048828125,3232.389892578125
2020-06-09,20.71,20.73,20.42,20.44,1491540,899.43,23264.0,38.939998626708984,1714.699951171875,3207.179931640625
2020-06-10,20.46,20.46,20.21,20.37,1307540,900.0,23264.0,39.599998474121094,1713.300048828125,3190.139892578125
2020-06-11,20.37,20.37,19.2,19.2,4278060,873.39,23264.0,36.34000015258789,1732.0,3002.10009765625
2020-06-12,18.79,19.62,18.79,19.62,3145450,863.52,23264.0,36.2599983215332,1729.300048828125,3041.31005859375
2020-06-15,20.04,20.04,19.16,19.2,1207500,832.47,23264.0,37.119998931884766,1720.300048828125,3066.590087890625
2020-06-16,19.46,19.54,19.33,19.46,1100730,856.13,23264.0,38.380001068115234,1729.5999755859375,3124.739990234375
2020-06-17,19.5,19.52,19.31,19.35,788630,854.44,23264.0,37.959999084472656,1729.199951171875,3113.489990234375
2020-06-18,19.33,19.5,19.27,19.46,822980,855.27,23264.0,38.84000015258789,1724.800048828125,3115.340087890625
2020-06-19,19.46,19.62,19.46,19.62,745470,868.56,23264.0,39.75,1745.9000244140625,3097.739990234375
2020-06-22,19.62,19.62,19.56,19.62,787180,871.28,23264.0,40.459999084472656,1756.699951171875,3117.860107421875
2020-06-23,19.6,20.21,19.52,19.85,1693730,868.2,23264.0,40.369998931884766,1772.0999755859375,3131.2900390625
2020-06-24,20.0,20.02,19.64,19.71,607000,859.71,23264.0,38.0099983215332,1765.800048828125,3050.330078125
2020-06-25,19.48,19.66,19.46,19.54,730810,854.59,23264.0,38.720001220703125,1762.0999755859375,3083.760009765625
2020-06-26,19.54,19.68,19.5,19.56,602880,851.98,23264.0,38.4900016784668,1772.5,3009.050048828125
2020-06-29,19.46,19.46,19.14,19.23,1281220,829.36,23210.0,39.70000076293945,1774.800048828125,3053.239990234375
2020-06-30,19.27,19.37,18.95,19.06,1594210,825.11,23264.0,39.27000045776367,1793.0,3100.2900390625
2020-07-01,19.2,19.33,19.12,19.29,866660,843.49,23264.0,39.81999969482422,1773.199951171875,3115.860107421875
2020-07-02,19.33,19.33,19.18,19.27,539160,842.38,23264.0,40.650001525878906,1784.0,3130.010009765625
2020-07-03,19.41,19.41,19.25,19.31,529760,847.44,23202.0,40.650001525878906,1784.0,3130.010009765625
2020-07-06,19.41,19.6,19.33,19.54,1089910,861.16,23199.0,40.630001068115234,1788.5,3179.719970703125
2020-07-07,19.62,20.0,19.62,19.81,2739150,863.42,23201.0,40.619998931884766,1804.199951171875,3145.320068359375
2020-07-08,19.75,20.0,19.75,19.91,1472610,864.5,23180.0,40.900001525878906,1815.5,3169.93994140625
2020-07-09,20.0,20.21,19.96,20.19,2298900,875.57,23188.0,39.619998931884766,1799.199951171875,3152.050048828125
2020-07-10,20.08,20.14,19.83,19.96,1164310,871.21,23184.0,40.54999923706055,1798.199951171875,3185.0400390625
2020-07-13,20.04,20.44,19.94,20.31,2662490,874.05,22824.259765625,40.099998474121094,1811.0,3155.219970703125
2020-07-14,20.16,20.39,20.16,20.27,1549540,863.84,23179.0,40.290000915527344,1810.5999755859375,3197.52001953125
2020-07-15,20.35,20.44,20.21,20.29,1516540,873.57,23181.0,41.20000076293945,1811.4000244140625,3226.56005859375
2020-07-16,20.27,20.35,20.21,20.29,1060530,876.83,23183.0,40.75,1798.699951171875,3215.570068359375
2020-07-17,20.25,20.25,20.08,20.08,1313100,872.02,23184.0,40.59000015258789,1808.300048828125,3224.72998046875
2020-07-20,20.08,20.12,19.77,19.79,2049680,861.4,23191.0,40.810001373291016,1815.9000244140625,3251.840087890625
2020-07-21,19.83,20.02,19.73,19.96,940230,861.69,23188.0,41.959999084472656,1842.4000244140625,3257.300048828125
2020-07-22,20.04,20.04,19.75,19.79,817890,855.08,23180.0,41.900001525878906,1864.0999755859375,3276.02001953125
2020-07-23,19.79,19.94,19.66,19.94,918630,856.75,23184.0,41.06999969482422,1889.0999755859375,3235.659912109375
2020-07-24,19.79,19.85,18.95,19.16,3170540,829.16,23180.0,41.290000915527344,1897.300048828125,3215.6298828125
2020-07-27,18.79,19.16,18.2,18.24,3274350,785.17,23175.0,41.599998474121094,1931.0,3239.409912109375
2020-07-28,18.54,19.12,18.43,19.08,1953510,813.36,23181.0,41.040000915527344,1944.699951171875,3218.43994140625
2020-07-29,18.54,18.75,18.29,18.6,1554200,788.29,23170.0,41.27000045776367,1953.5,3258.43994140625
2020-07-30,18.62,18.85,18.62,18.85,612240,801.13,23175.0,39.91999816894531,1942.300048828125,3246.219970703125
2020-07-31,18.37,18.87,18.37,18.58,1106250,798.39,23175.0,40.27000045776367,1962.800048828125,3271.1201171875
2020-08-03,18.62,19.16,18.58,19.16,1392200,814.65,23170.0,41.0099983215332,1966.0,3294.610107421875
2020-08-04,19.41,19.54,19.29,19.43,1051310,827.57,23170.0,41.70000076293945,2001.199951171875,3306.510009765625
2020-08-05,19.41,19.68,19.31,19.62,1328520,837.8,23175.0,42.189998626708984,2031.0999755859375,3327.77001953125
2020-08-06,19.62,19.73,19.5,19.54,1153660,840.04,23174.0,41.95000076293945,2051.5,3349.159912109375
2020-08-07,19.54,19.96,19.54,19.66,1283690,841.46,23173.0,41.220001220703125,2010.0999755859375,3351.280029296875
2020-08-10,19.77,19.96,19.66,19.71,1160370,843.2,22903.845703125,41.939998626708984,2024.4000244140625,3360.469970703125
2020-08-11,19.81,19.81,19.62,19.62,1209690,843.08,23170.0,41.61000061035156,1932.5999755859375,3333.68994140625
2020-08-12,19.66,19.83,19.58,19.83,1233230,846.92,23174.0,42.66999816894531,1934.9000244140625,3380.35009765625
2020-08-13,20.02,20.02,19.83,20.02,1709100,855.05,23175.0,42.2400016784668,1956.699951171875,3373.429931640625
2020-08-14,20.08,20.12,19.81,19.96,1633770,850.74,23174.0,42.0099983215332,1937.0,3372.85009765625
2020-08-17,20.0,20.04,19.83,20.04,1048820,850.15,23174.0,42.88999938964844,1985.0,3381.989990234375
2020-08-18,20.04,20.11,19.96,19.98,625200,846.43,23174.0,42.88999938964844,1999.4000244140625,3389.780029296875
2020-08-19,20.0,20.06,19.89,19.98,877190,853.04,23174.0,42.93000030517578,1958.699951171875,3374.85009765625
2020-08-20,20.0,20.23,19.98,20.06,1824430,848.21,23174.0,42.58000183105469,1933.800048828125,3385.510009765625
2020-08-21,20.15,20.25,20.13,20.21,1260210,854.78,23174.0,42.34000015258789,1934.5999755859375,3397.159912109375
2020-08-24,20.45,20.72,20.4,20.66,3540210,868.68,23175.0,42.619998931884766,1927.699951171875,3431.280029296875
2020-08-25,20.72,20.87,20.7,20.83,3304670,874.12,23177.0,43.349998474121094,1911.800048828125,3443.6201171875
2020-08-26,20.81,20.83,20.55,20.64,1328990,873.47,23170.0,43.38999938964844,1940.699951171875,3478.72998046875
2020-08-27,20.57,21.36,20.57,21.26,3724990,874.71,23174.0,43.040000915527344,1921.5999755859375,3484.550048828125
2020-08-28,21.41,21.79,21.28,21.28,4009380,878.98,23174.0,42.970001220703125,1964.5999755859375,3508.010009765625
2020-08-31,21.28,21.45,21.04,21.11,1940640,881.65,23174.0,42.61000061035156,1967.5999755859375,3500.31005859375
2020-09-01,21.11,21.53,21.04,21.28,1757410,891.73,23174.0,42.7599983215332,1968.199951171875,3526.64990234375
2020-09-03,21.49,21.53,21.28,21.49,2281510,903.97,23174.0,41.369998931884766,1927.5999755859375,3455.06005859375
2020-09-04,21.11,21.32,21.11,21.32,1538510,901.54,23174.0,39.77000045776367,1923.9000244140625,3426.9599609375
2020-09-07,21.3,21.32,20.68,20.68,2270970,888.25,23178.0,39.77000045776367,1923.9000244140625,3426.9599609375
2020-09-08,20.79,21.11,20.68,21.11,1628870,890.14,23174.0,36.7599983215332,1933.0,3331.840087890625
2020-09-09,20.74,21.11,20.72,20.98,1490820,889.32,23176.0,38.04999923706055,1944.699951171875,3398.9599609375
2020-09-10,21.11,21.23,20.94,20.98,1005950,888.82,23175.0,37.29999923706055,1954.199951171875,3339.18994140625
2020-09-11,20.89,20.98,20.83,20.96,872160,888.0,23173.0,37.33000183105469,1937.800048828125,3340.969970703125
2020-09-14,21.0,21.11,20.94,21.02,1127400,894.57,23174.0,37.2599983215332,1953.0999755859375,3383.5400390625
2020-09-15,21.11,21.32,21.02,21.32,1906730,896.26,23175.0,38.279998779296875,1956.300048828125,3401.199951171875
2020-09-16,21.32,21.66,21.32,21.53,1918130,897.47,23175.0,40.15999984741211,1960.199951171875,3385.489990234375
2020-09-17,21.45,21.53,21.28,21.32,1563010,897.44,23178.0,40.970001220703125,1940.0,3357.010009765625
2020-09-18,21.36,21.92,21.32,21.83,3306720,900.95,23170.0,41.11000061035156,1952.0999755859375,3319.469970703125
2020-09-21,21.87,22.05,21.83,21.83,1530250,908.49,23170.0,39.310001373291016,1901.199951171875,3281.06005859375
2020-09-22,21.66,21.87,21.58,21.87,1630570,906.19,23178.0,39.599998474121094,1898.5999755859375,3315.570068359375
2020-09-23,21.87,21.96,21.66,21.79,1797680,912.5,23177.0,39.93000030517578,1859.9000244140625,3236.919921875
2020-09-24,21.62,21.75,21.41,21.53,1728380,908.58,23185.0,40.310001373291016,1868.300048828125,3246.590087890625
2020-09-25,21.62,21.66,21.32,21.66,1205550,908.27,23184.0,40.25,1857.699951171875,3298.4599609375
2020-09-28,21.7,21.87,21.58,21.79,1312300,912.5,23191.0,40.599998474121094,1872.800048828125,3351.60009765625
2020-09-29,21.92,21.92,21.41,21.41,1900490,905.28,23188.0,39.290000915527344,1894.300048828125,3335.469970703125
2020-09-30,21.41,21.49,21.21,21.32,2500310,905.21,23190.0,40.220001220703125,1887.5,3363.0
2020-10-01,21.41,21.66,21.41,21.66,905510,914.09,23181.0,38.720001220703125,1908.4000244140625,3380.800048828125
2020-10-02,21.66,21.79,20.89,21.45,1947940,909.91,23188.0,37.04999923706055,1900.199951171875,3348.419921875
2020-10-05,21.49,21.66,21.28,21.53,1498360,914.68,23191.0,39.220001220703125,1912.5,3408.60009765625
2020-10-06,21.66,21.7,21.45,21.53,1520290,915.67,23203.0,40.66999816894531,1901.0999755859375,3360.969970703125
2020-10-07,21.41,21.62,21.41,21.49,1493710,919.72,23205.0,39.95000076293945,1883.5999755859375,3419.43994140625
2020-10-08,21.53,21.96,21.45,21.79,3062690,918.4,23205.0,41.189998626708984,1888.5999755859375,3446.830078125
2020-10-09,21.75,21.83,21.66,21.66,1173500,924.0,23191.0,40.599998474121094,1919.5,3477.139892578125
2020-10-12,21.7,21.92,21.58,21.7,1550680,925.83,23180.0,39.43000030517578,1922.5,3534.219970703125
2020-10-13,21.7,21.75,21.53,21.62,1222200,929.86,23178.0,40.20000076293945,1888.5,3511.929931640625
2020-10-14,21.66,21.92,21.49,21.75,2409760,940.18,23177.0,41.040000915527344,1901.300048828125,3488.669921875
2020-10-15,21.83,21.92,21.62,21.83,1925370,942.76,23175.0,40.959999084472656,1903.199951171875,3483.340087890625
2020-10-16,21.83,22.98,21.7,22.68,5769540,943.3,23170.0,40.880001068115234,1900.800048828125,3483.81005859375
2020-10-19,22.86,22.94,22.6,22.73,2333670,943.69,23175.0,40.83000183105469,1906.4000244140625,3426.919921875
2020-10-20,22.64,22.73,22.39,22.68,1886160,939.16,23175.0,41.459999084472656,1910.4000244140625,3443.1201171875
2020-10-21,22.68,23.24,22.51,22.51,3305010,939.03,23179.0,40.029998779296875,1924.5999755859375,3435.56005859375
2020-10-22,22.51,23.03,22.43,23.03,2346540,949.9,23177.0,40.63999938964844,1901.0999755859375,3453.489990234375
2020-10-23,23.11,23.24,22.81,22.98,2646310,961.26,23176.0,39.849998474121094,1902.0,3465.389892578125
2020-10-26,22.98,23.24,22.51,22.51,3852510,950.8,23176.0,38.560001373291016,1902.699951171875,3400.969970703125
2020-10-27,22.56,22.68,22.22,22.22,3188810,946.47,23175.0,39.56999969482422,1908.800048828125,3390.679931640625
2020-10-28,22.17,22.34,21.62,21.62,3596230,921.05,23175.0,37.38999938964844,1876.199951171875,3271.030029296875
2020-10-29,21.49,21.87,21.41,21.7,2719690,921.53,23176.0,36.16999816894531,1865.5999755859375,3310.110107421875
2020-10-30,21.96,21.96,21.53,21.96,1469970,925.47,23170.0,35.790000915527344,1877.4000244140625,3269.9599609375
2020-11-02,21.96,22.05,21.83,22.05,866110,933.68,23180.0,36.810001373291016,1890.4000244140625,3310.239990234375
2020-11-03,22.13,22.56,22.05,22.51,2562890,935.41,23177.0,37.65999984741211,1908.5,3369.159912109375
2020-11-04,22.6,22.73,22.39,22.6,1369690,939.76,23176.0,39.150001525878906,1894.5999755859375,3443.43994140625
2020-11-05,22.47,22.77,22.17,22.17,1305860,937.75,23176.0,38.790000915527344,1945.300048828125,3510.449951171875
2020-11-06,22.34,22.51,22.22,22.34,987260,938.29,23175.0,37.13999938964844,1950.300048828125,3509.43994140625
2020-11-09,22.51,22.77,22.47,22.77,2011650,951.99,23176.0,40.290000915527344,1853.199951171875,3550.5
2020-11-10,23.03,23.03,22.6,22.6,1739340,951.9,23170.0,41.36000061035156,1875.4000244140625,3545.530029296875
2020-11-11,22.77,22.77,22.47,22.6,1668230,952.22,23173.0,41.45000076293945,1860.699951171875,3572.659912109375
2020-11-12,22.6,22.81,22.56,22.81,1234540,959.28,23175.0,41.119998931884766,1872.5999755859375,3537.010009765625
2020-11-13,22.94,22.94,22.81,22.94,1318170,966.29,23175.0,40.130001068115234,1885.699951171875,3585.14990234375
2020-11-16,23.03,23.2,22.6,22.73,3713690,950.79,23175.0,41.34000015258789,1887.300048828125,3626.909912109375
2020-11-17,22.86,23.07,22.6,23.03,2515530,968.9,23175.0,41.43000030517578,1884.5,3609.530029296875
2020-11-18,23.15,23.15,22.9,23.03,1757160,973.53,23163.0,41.81999969482422,1873.5,3567.7900390625
2020-11-19,23.15,23.88,23.03,23.49,4980430,983.26,23160.0,41.7400016784668,1861.0999755859375,3581.8701171875
2020-11-20,23.49,23.84,23.45,23.54,1837360,990.0,23176.0,42.150001525878906,1872.5999755859375,3557.5400390625
2020-11-23,23.54,23.96,23.28,23.84,2824640,994.19,23176.0,43.060001373291016,1837.800048828125,3577.590087890625
2020-11-24,23.84,24.09,23.45,23.71,3003940,995.76,23177.0,44.90999984741211,1804.800048828125,3635.409912109375
2020-11-25,24.01,24.01,23.54,23.54,1835630,999.94,23151.0,45.709999084472656,1805.699951171875,3629.64990234375
2020-11-26,23.67,23.88,23.37,23.75,1635130,1005.97,23160.0,45.709999084472656,1805.699951171875,3629.64990234375
2020-11-27,23.84,23.96,23.71,23.96,1986420,1010.22,23164.0,45.529998779296875,1781.9000244140625,3638.35009765625
2020-11-30,24.18,24.18,23.62,23.62,2761700,1003.08,23160.0,45.34000015258789,1775.699951171875,3621.6298828125
2020-12-01,23.45,23.62,23.37,23.54,3427370,1008.87,23140.0,44.54999923706055,1814.0999755859375,3662.449951171875
2020-12-02,23.45,23.75,23.45,23.71,2108200,1014.32,23129.0,45.279998779296875,1825.699951171875,3669.010009765625
2020-12-03,23.71,23.75,23.49,23.71,1627980,1019.8,23129.0,45.63999938964844,1836.800048828125,3666.719970703125
2020-12-04,23.62,23.84,23.62,23.75,1380920,1021.49,23125.0,46.2599983215332,1835.9000244140625,3699.1201171875
2020-12-07,23.84,23.88,23.67,23.75,1455180,1029.98,23130.0,45.7599983215332,1861.800048828125,3691.9599609375
2020-12-08,23.75,24.13,23.67,23.96,2297110,1028.63,23127.0,45.599998474121094,1870.800048828125,3702.25
2020-12-09,24.01,24.65,23.96,24.52,3001820,1039.13,23128.0,45.52000045776367,1834.5999755859375,3672.820068359375
2020-12-10,24.31,24.6,24.09,24.09,2112490,1030.91,23128.0,46.779998779296875,1833.5999755859375,3668.10009765625
2020-12-11,24.13,24.31,24.01,24.31,1750270,1045.96,23128.0,46.56999969482422,1839.800048828125,3663.4599609375
2020-12-14,24.31,24.73,24.26,24.39,1443760,1064.09,23128.0,46.9900016784668,1828.699951171875,3647.489990234375
2020-12-15,24.52,24.56,24.13,24.18,2666900,1055.27,23126.0,47.619998931884766,1852.300048828125,3694.6201171875
2020-12-16,24.39,24.52,24.31,24.35,1995530,1066.99,23126.0,47.81999969482422,1856.0999755859375,3701.169921875
2020-12-17,24.26,24.35,23.88,24.09,3594500,1051.77,23126.0,48.36000061035156,1887.199951171875,3722.47998046875
2020-12-18,24.09,24.35,24.09,24.26,1532820,1067.46,23120.0,49.099998474121094,1885.699951171875,3709.409912109375
2020-12-21,24.43,24.65,24.35,24.52,2307390,1081.08,23124.0,47.7400016784668,1879.199951171875,3694.919921875
2020-12-22,24.48,24.94,24.35,24.77,2576390,1083.45,23120.0,47.02000045776367,1866.5999755859375,3687.260009765625
2020-12-23,24.86,24.99,24.39,24.52,1391420,1078.9,23127.0,48.119998931884766,1874.699951171875,3690.010009765625
2020-12-24,24.52,24.65,24.05,24.31,2386210,1067.52,23130.0,48.22999954223633,1879.9000244140625,3703.06005859375
2020-12-25,24.31,24.56,24.13,24.56,1625110,1084.42,23125.0,48.22999954223633,1879.9000244140625,3703.06005859375
2020-12-28,24.69,24.99,24.52,24.69,2197090,1091.33,23130.0,47.619998931884766,1877.199951171875,3735.360107421875
2020-12-29,24.69,25.07,24.56,24.99,2172950,1099.49,23125.0,48.0,1879.699951171875,3727.0400390625
2020-12-30,25.12,25.12,24.77,24.77,1204180,1097.54,23120.0,48.400001525878906,1891.0,3732.0400390625
2020-12-31,24.77,25.24,24.73,25.2,2036370,1103.87,23088.0,48.52000045776367,1893.0999755859375,3756.070068359375
2021-01-04,25.41,25.67,25.29,25.67,2151300,1120.47,23070.0,47.619998931884766,1944.699951171875,3700.64990234375
2021-01-05,25.58,27.08,25.5,26.74,2332200,1132.55,23070.0,49.93000030517578,1952.699951171875,3726.860107421875
2021-01-06,26.91,27.12,26.57,26.61,1796000,1143.21,23080.0,50.630001068115234,1906.9000244140625,3748.139892578125
2021-01-07,26.69,26.82,26.39,26.65,2150200,1156.49,23090.0,50.83000183105469,1912.300048828125,3803.7900390625
2021-01-08,26.86,27.16,26.69,26.99,2720400,1167.69,23078.0,52.2400016784668,1834.0999755859375,3824.679931640625
2021-01-11,27.25,27.59,26.99,27.59,1972800,1184.89,22788.548828125,52.25,1849.5999755859375,3799.610107421875
2021-01-12,27.72,28.14,27.29,28.06,2435200,1192.28,23050.0,53.209999084472656,1842.9000244140625,3801.18994140625
2021-01-13,28.1,28.74,28.1,28.36,2612000,1186.05,23065.0,52.90999984741211,1853.5999755859375,3809.840087890625
2021-01-14,28.36,28.57,28.01,28.31,1777500,1187.4,23064.0,53.56999969482422,1850.300048828125,3795.5400390625
2021-01-15,28.57,28.57,28.31,28.4,1540400,1194.2,23064.0,52.36000061035156,1829.300048828125,3768.25
2021-01-18,28.57,28.57,28.23,28.27,1209000,1191.94,22818.826171875,52.36000061035156,1829.300048828125,3768.25
2021-01-19,28.14,28.19,26.31,26.44,3505600,1131.0,23069.0,52.97999954223633,1839.5,3798.909912109375
2021-01-20,26.74,27.16,25.67,26.99,3663800,1134.68,23069.0,53.2400016784668,1865.9000244140625,3851.85009765625
2021-01-21,27.5,28.06,26.99,27.97,2313100,1164.21,23072.0,53.130001068115234,1865.300048828125,3853.070068359375
2021-01-22,28.01,28.78,27.89,28.53,2090300,1166.78,23060.0,52.27000045776367,1855.699951171875,3841.469970703125
2021-01-25,28.48,29.08,28.23,28.57,3111900,1166.05,23070.0,52.77000045776367,1854.9000244140625,3855.360107421875
2021-01-26,28.78,28.78,27.93,28.14,2597500,1136.12,23060.0,52.61000061035156,1850.699951171875,3849.6201171875
2021-01-27,28.01,28.19,26.82,26.86,2226800,1097.17,23069.0,52.849998474121094,1844.9000244140625,3750.77001953125
2021-01-28,25.58,26.57,24.99,24.99,5092400,1023.94,23069.0,52.34000015258789,1837.9000244140625,3787.3798828125
2021-01-29,25.16,26.74,25.16,26.74,3211900,1056.61,23059.0,52.20000076293945,1847.300048828125,3714.239990234375
2021-02-01,27.46,27.89,26.57,27.08,2017400,1035.51,22699.072265625,53.54999923706055,1860.800048828125,3773.860107421875
2021-02-02,26.91,28.14,26.86,28.14,3264600,1075.53,23045.0,54.7599983215332,1830.5,3826.31005859375
2021-02-03,28.78,30.1,28.19,29.85,4173500,1111.29,23027.0,55.689998626708984,1832.199951171875,3830.169921875
2021-02-04,29.98,31.21,29.93,30.91,4398700,1112.19,23020.0,56.22999954223633,1788.9000244140625,3871.739990234375
2021-02-05,31.13,31.3,30.62,31.08,2084900,1126.91,23015.0,56.849998474121094,1810.9000244140625,3886.830078125
2021-02-08,31.04,31.08,29.68,30.4,4035600,1083.18,23000.0,57.970001220703125,1831.9000244140625,3915.590087890625
2021-02-09,30.45,31.81,29.85,31.81,4224300,1114.93,22970.0,58.36000061035156,1835.300048828125,3911.22998046875
2021-02-17,32.49,33.69,32.36,33.22,3139100,1155.78,23010.0,61.13999938964844,1771.0999755859375,3931.330078125
2021-02-18,33.22,33.39,32.66,33.34,2243100,1174.38,23010.0,60.52000045776367,1773.4000244140625,3913.969970703125
2021-02-19,33.0,33.26,32.41,32.66,3722700,1173.5,23015.0,59.2400016784668,1775.800048828125,3906.7099609375
2021-02-22,32.66,33.05,32.45,32.75,2319300,1175.04,22727.703125,61.4900016784668,1806.699951171875,3876.5
2021-02-23,32.53,32.83,31.81,32.19,3369500,1177.64,23020.0,61.66999816894531,1804.4000244140625,3881.3701171875
2021-02-24,32.41,32.62,31.94,32.15,2225200,1162.01,23025.0,63.220001220703125,1796.4000244140625,3925.429931640625
2021-02-25,32.45,32.53,31.77,32.49,1927500,1165.43,23020.0,63.529998779296875,1774.4000244140625,3829.340087890625
2021-02-26,31.98,32.58,31.94,32.49,1936000,1169.04,23025.0,61.5,1728.0999755859375,3811.14990234375
2021-03-01,32.79,33.26,32.75,33.22,2078100,1186.17,23015.0,60.63999938964844,1722.5,3901.820068359375
2021-03-02,33.64,33.64,32.79,33.22,1821700,1186.61,23020.0,59.75,1733.0999755859375,3870.2900390625
2021-03-03,33.26,33.3,33.0,33.13,1599400,1186.95,23022.0,61.279998779296875,1715.300048828125,3819.719970703125
2021-03-04,33.13,33.17,32.02,32.36,2901500,1168.52,23020.0,63.83000183105469,1700.199951171875,3768.469970703125
2021-03-05,32.24,32.41,31.77,32.36,2507500,1168.69,23019.0,66.08999633789062,1698.0,3841.93994140625
2021-03-08,32.41,32.62,32.15,32.32,1656600,1168.27,23033.0,65.05000305175781,1677.699951171875,3821.35009765625
2021-03-09,31.98,32.28,31.77,31.98,2182400,1161.97,22707.5,64.01000213623047,1716.5999755859375,3875.43994140625
2021-03-10,32.36,33.05,31.98,32.53,2602400,1170.08,22726.470703125,64.44000244140625,1721.5,3898.81005859375
2021-03-11,32.62,32.88,32.45,32.71,1477800,1181.73,23052.0,66.0199966430664,1722.300048828125,3939.340087890625
2021-03-12,32.83,32.88,32.53,32.62,2062800,1181.56,23051.0,65.61000061035156,1719.5,3943.340087890625
2021-03-15,32.66,33.05,32.45,32.62,1760900,1184.56,22651.580078125,65.38999938964844,1728.9000244140625,3968.93994140625
2021-03-16,32.83,34.75,32.66,34.54,5111000,1179.9,23081.0,64.80000305175781,1730.5999755859375,3962.7099609375
2021-03-17,34.75,34.75,34.11,34.45,1603200,1186.09,23082.0,64.5999984741211,1726.800048828125,3974.1201171875
2021-03-18,34.54,34.54,34.11,34.54,1807500,1200.94,23045.0,60.0,1732.199951171875,3915.4599609375
2021-03-19,34.11,34.33,33.86,34.03,2247800,1194.05,23065.0,61.41999816894531,1741.4000244140625,3913.10009765625
2021-03-22,33.9,33.94,33.39,33.56,2084800,1194.43,22761.62890625,61.54999923706055,1737.800048828125,3940.590087890625
2021-03-23,33.47,34.11,33.39,33.6,2201700,1183.45,23076.0,57.7599983215332,1724.699951171875,3910.52001953125
2021-03-24,33.22,33.64,32.62,32.83,2480100,1161.81,23070.0,61.18000030517578,1732.9000244140625,3889.139892578125
2021-03-25,33.05,33.05,32.62,32.66,2305400,1163.1,23080.0,58.560001373291016,1724.9000244140625,3909.52001953125
2021-03-26,32.58,32.75,31.77,32.45,2672600,1148.46,23084.0,60.970001220703125,1732.199951171875,3974.5400390625
2021-03-29,32.62,33.3,32.45,33.09,1997700,1175.68,23084.0,61.560001373291016,1712.0999755859375,3971.090087890625
2021-03-30,33.17,33.26,32.83,32.88,1512500,1186.36,23070.0,60.54999923706055,1683.9000244140625,3958.550048828125
2021-03-31,32.88,33.3,32.66,33.13,1373400,1191.44,23070.0,59.15999984741211,1713.800048828125,3972.889892578125
2021-04-01,33.22,33.98,33.22,33.98,2500900,1216.1,23074.0,61.45000076293945,1726.5,4019.8701171875
2021-04-02,34.28,34.33,34.03,34.03,1950200,1224.45,23065.0,61.45000076293945,1726.5,4019.8701171875
2021-04-05,34.28,34.33,33.64,33.94,1487000,1236.05,23073.0,58.650001525878906,1727.0,4077.909912109375
2021-04-06,33.73,34.11,33.73,33.86,1505800,1239.96,23079.0,59.33000183105469,1741.5,4073.93994140625
2021-04-07,33.77,33.98,33.73,33.94,1503800,1242.38,23090.0,59.77000045776367,1740.0999755859375,4079.949951171875
2021-04-08,34.2,34.37,33.9,33.94,1609800,1234.89,23090.0,59.599998474121094,1756.800048828125,4097.169921875
2021-04-09,34.07,35.39,34.07,35.01,3970400,1231.66,23085.0,59.31999969482422,1743.300048828125,4128.7998046875
2021-04-12,35.14,35.14,34.75,35.01,2022500,1252.45,22697.6328125,59.70000076293945,1731.199951171875,4127.990234375
2021-04-13,34.97,35.05,34.33,34.41,2038100,1248.33,23067.0,60.18000030517578,1746.199951171875,4141.58984375
2021-04-14,34.11,34.54,33.9,34.54,2530600,1255.87,23069.0,63.150001525878906,1734.9000244140625,4124.66015625
2021-04-15,34.54,34.71,34.03,34.11,2096200,1247.25,23078.0,63.459999084472656,1765.4000244140625,4170.419921875
2021-04-16,34.03,34.62,33.6,33.98,2194600,1238.71,23073.0,63.130001068115234,1779.0,4185.47021484375
2021-04-19,34.11,34.75,33.9,34.75,2380800,1260.58,22747.548828125,63.380001068115234,1769.4000244140625,4163.259765625
2021-04-20,34.88,36.2,34.79,35.35,4742800,1268.28,23073.0,62.439998626708984,1777.300048828125,4134.93994140625
2021-04-22,35.01,35.78,34.11,34.11,2271200,1227.82,23074.0,61.43000030517578,1781.199951171875,4134.97998046875
2021-04-23,34.11,35.39,33.98,35.39,3166400,1248.53,23070.0,62.13999938964844,1777.0,4180.169921875
2021-04-26,35.18,35.31,34.33,34.54,2551300,1215.77,22664.841796875,61.90999984741211,1779.199951171875,4187.6201171875
2021-04-27,34.28,34.71,34.16,34.41,1287100,1219.75,23040.0,62.939998626708984,1778.0,4186.72021484375
2021-04-28,34.16,34.67,34.16,34.45,1366700,1229.55,23042.0,63.86000061035156,1773.199951171875,4183.18017578125
2021-04-29,34.45,34.88,34.45,34.5,2095500,1239.39,23047.0,65.01000213623047,1768.0999755859375,4211.47021484375
2021-05-04,34.11,35.6,34.11,35.35,2362100,1242.2,23054.0,65.69000244140625,1775.800048828125,4164.66015625
2021-05-05,35.86,36.03,35.26,35.35,2321300,1256.43,23050.0,65.62999725341797,1784.0999755859375,4167.58984375
2021-05-06,35.39,35.6,35.05,35.26,1969000,1250.57,23060.0,64.70999908447266,1815.5,4201.6201171875
2021-05-07,35.26,35.82,35.09,35.39,2705900,1241.81,23067.0,64.9000015258789,1831.0999755859375,4232.60009765625
2021-05-10,35.43,36.67,35.39,36.59,4504300,1259.58,22562.2265625,64.91999816894531,1837.5,4188.43017578125
2021-05-11,36.67,36.93,36.33,36.33,2078700,1256.04,23060.0,65.27999877929688,1835.9000244140625,4152.10009765625
2021-05-12,36.24,36.42,35.95,36.42,1844500,1269.09,23055.0,66.08000183105469,1822.5999755859375,4063.0400390625
2021-05-13,36.24,36.42,35.82,35.82,2558300,1261.99,23053.0,63.81999969482422,1823.800048828125,4112.5
2021-05-14,35.95,36.76,35.86,36.16,1858700,1266.36,23040.0,65.37000274658203,1837.9000244140625,4173.85009765625
2021-05-17,36.59,36.93,36.33,36.54,1744500,1258.7,23048.0,66.2699966430664,1867.5,4163.2900390625
2021-05-18,36.84,37.27,36.76,37.1,2133500,1252.68,23046.0,65.48999786376953,1867.800048828125,4127.830078125
2021-05-19,37.31,38.85,37.01,38.72,2876300,1262.49,23040.0,63.36000061035156,1881.300048828125,4115.68017578125
2021-05-20,38.72,40.72,38.55,40.72,3523900,1278.22,23045.0,62.04999923706055,1881.800048828125,4159.1201171875
2021-05-21,40.21,41.19,39.66,40.0,3222700,1283.93,23045.0,63.58000183105469,1876.699951171875,4155.85986328125
2021-05-24,40.0,40.04,39.27,39.87,2669500,1297.98,23054.0,66.05000305175781,1884.5999755859375,4197.0498046875
2021-05-25,39.87,40.59,39.57,40.0,2156300,1308.58,23056.0,66.06999969482422,1898.0999755859375,4188.1298828125
2021-05-26,40.17,40.72,39.95,40.64,1992800,1316.7,23060.0,66.20999908447266,1901.300048828125,4195.990234375
2021-05-27,40.64,40.68,39.87,40.0,1745800,1303.57,23055.0,66.8499984741211,1895.699951171875,4200.8798828125
2021-05-28,40.21,40.51,39.95,40.42,1874300,1320.46,23045.0,66.31999969482422,1902.5,4204.10986328125
2021-05-31,40.72,41.79,40.38,41.75,3237700,1328.05,23045.0,66.31999969482422,1902.5,4204.10986328125
2021-06-01,43.55,43.84,43.1,43.15,3495000,1337.78,23040.0,67.72000122070312,1902.9000244140625,4202.0400390625
2021-06-02,43.15,43.35,42.11,42.36,3053900,1340.78,23044.0,68.83000183105469,1907.5,4208.1201171875
2021-06-03,42.11,42.31,41.76,42.21,3190800,1364.28,23040.0,68.80999755859375,1871.199951171875,4192.85009765625
2021-06-04,42.11,42.16,41.52,41.96,3820600,1374.05,23041.0,69.62000274658203,1889.800048828125,4229.89013671875
2021-06-07,41.91,41.96,40.13,40.97,3711200,1358.78,23044.0,69.2300033569336,1896.800048828125,4226.52001953125
2021-06-08,40.62,41.12,39.93,40.03,3486000,1319.88,23000.0,70.05000305175781,1892.199951171875,4227.259765625
2021-06-09,39.93,40.67,39.14,40.48,3576100,1332.9,22952.0,69.95999908447266,1893.199951171875,4219.5498046875
2021-06-10,40.48,40.87,40.13,40.57,2214900,1323.58,22955.0,70.29000091552734,1894.199951171875,4239.18017578125
2021-06-11,40.38,41.57,40.28,41.37,2359600,1351.74,22947.0,70.91000366210938,1877.4000244140625,4247.43994140625
2021-06-14,41.32,41.91,41.12,41.52,2547600,1361.72,22945.0,70.87999725341797,1864.0,4255.14990234375
2021-06-15,41.52,41.86,41.22,41.22,1778700,1367.36,22944.0,72.12000274658203,1854.5,4246.58984375
2021-06-16,41.27,41.91,40.97,41.17,2462000,1356.52,22947.0,72.1500015258789,1859.5,4223.7001953125
2021-06-17,40.67,41.17,40.67,40.92,2236400,1359.92,22946.0,71.04000091552734,1773.800048828125,4221.85986328125
2021-06-18,41.17,41.71,40.97,41.52,1681700,1377.77,22960.0,71.63999938964844,1767.9000244140625,4166.4501953125
2021-06-21,41.42,42.75,41.22,42.41,3878300,1372.63,22995.0,73.66000366210938,1781.800048828125,4224.7900390625
2021-06-22,42.66,42.9,42.31,42.31,1760300,1379.97,23014.0,73.05999755859375,1776.300048828125,4246.43994140625
2021-06-23,42.26,42.41,41.66,42.06,1599900,1376.87,23025.0,73.08000183105469,1782.300048828125,4241.83984375
2021-06-24,42.06,42.06,41.57,41.96,1657800,1379.72,23020.0,73.30000305175781,1775.5999755859375,4266.490234375
2021-06-25,41.96,42.31,41.71,42.21,1503400,1390.12,23003.0,74.05000305175781,1776.5999755859375,4280.7001953125
2021-06-28,42.61,42.66,42.31,42.46,1858800,1405.81,22700.0546875,72.91000366210938,1779.5999755859375,4290.60986328125
2021-06-29,42.9,44.09,42.75,43.89,4897800,1410.04,23020.0,72.9800033569336,1762.800048828125,4291.7998046875
2021-06-30,44.09,44.14,43.6,43.6,1651100,1408.55,23020.0,73.47000122070312,1770.800048828125,4297.5
2021-07-01,43.65,44.04,43.6,44.04,1700100,1417.08,23014.0,75.2300033569336,1775.9000244140625,4319.93994140625
2021-07-02,44.24,45.83,44.04,45.53,3873500,1420.27,23010.0,75.16000366210938,1782.5999755859375,4352.33984375
2021-07-05,47.06,47.06,45.08,45.93,2934200,1411.13,22590.8125,75.16000366210938,1782.5999755859375,4352.33984375
2021-07-06,45.83,46.07,43.1,43.1,2640500,1354.79,22996.0,73.37000274658203,1793.5,4343.5400390625
2021-07-07,43.1,45.08,42.11,44.84,4910200,1388.55,23007.0,72.19999694824219,1801.5,4358.1298828125
2021-07-08,44.79,44.84,44.09,44.49,2375400,1374.68,23015.0,72.94000244140625,1799.5999755859375,4320.81982421875
2021-07-09,44.39,45.58,43.99,44.44,2947000,1347.14,23007.0,74.55999755859375,1810.0,4369.5498046875
2021-07-12,43.99,44.44,41.42,42.66,6764400,1296.3,22626.92578125,74.0999984741211,1805.5,4384.6298828125
2021-07-13,43.05,43.25,42.11,43.1,2207400,1297.54,23020.0,75.25,1809.4000244140625,4369.2099609375
2021-07-14,43.4,43.4,41.96,42.21,2433500,1279.91,23010.0,73.12999725341797,1824.300048828125,4374.2998046875
2021-07-15,41.96,42.9,41.96,42.31,2714600,1293.92,23011.0,71.6500015258789,1828.4000244140625,4360.02978515625
2021-07-16,42.56,43.6,42.36,43.0,2285700,1299.31,23009.0,71.80999755859375,1814.5,4327.16015625
2021-07-19,42.21,42.8,41.86,41.96,3288800,1243.51,22667.59375,66.41999816894531,1808.699951171875,4258.490234375
2021-07-20,42.01,43.0,41.57,43.0,2553700,1273.29,23020.0,67.41999816894531,1810.9000244140625,4323.06005859375
2021-07-21,43.0,43.55,42.66,42.9,3369200,1270.79,23026.0,70.30000305175781,1802.9000244140625,4358.68994140625
2021-07-22,42.7,44.39,42.7,44.29,4445600,1293.67,23022.0,71.91000366210938,1805.0,4367.47998046875
2021-07-23,44.29,46.02,43.94,44.84,6755700,1268.83,23010.0,72.06999969482422,1801.4000244140625,4411.7900390625
2021-07-26,44.74,46.52,44.69,46.42,5773100,1272.71,22652.552734375,71.91000366210938,1798.699951171875,4422.2998046875
2021-07-27,46.77,47.02,45.83,46.17,5007000,1276.93,23008.0,71.6500015258789,1799.5,4401.4599609375
2021-07-28,45.97,46.42,45.43,45.58,3346700,1277.07,23005.0,72.38999938964844,1799.5,4400.64013671875
2021-07-29,45.58,46.52,45.43,46.27,3712900,1293.6,22999.0,73.62000274658203,1831.199951171875,4419.14990234375
2021-07-30,46.32,46.97,45.97,46.57,4525900,1310.05,22965.0,73.94999694824219,1812.5999755859375,4395.259765625
2021-08-02,46.57,47.86,46.57,47.36,4275900,1314.22,22950.0,71.26000213623047,1818.0999755859375,4387.16015625
2021-08-03,47.46,47.56,46.92,47.46,3607200,1332.44,22950.0,70.55999755859375,1810.0999755859375,4423.14990234375
2021-08-04,47.51,47.66,47.02,47.36,2818400,1334.74,22950.0,68.1500015258789,1810.5,4402.66015625
2021-08-05,47.16,48.06,47.02,47.86,2485600,1345.55,22945.0,69.08999633789062,1805.0999755859375,4429.10009765625
2021-08-06,47.96,48.15,47.46,47.86,3413900,1341.45,22936.0,68.27999877929688,1760.0,4436.52001953125
2021-08-09,48.06,48.4,47.51,48.3,2934500,1359.86,22672.322265625,66.4800033569336,1723.4000244140625,4432.35009765625
2021-08-10,48.7,48.75,48.35,48.45,2680700,1362.43,22925.0,68.29000091552734,1728.800048828125,4436.75
2021-08-11,48.4,48.45,47.61,47.61,4883200,1357.79,22887.0,69.25,1750.4000244140625,4442.41015625
2021-08-12,47.46,47.56,46.27,46.47,8399400,1353.05,22809.0,69.08999633789062,1749.0,4460.830078125
2021-08-13,46.12,47.06,46.07,47.06,3618700,1357.05,22805.0,68.44000244140625,1775.199951171875,4468.0
2021-08-16,47.56,47.66,47.26,47.36,1906800,1370.96,22830.0,67.29000091552734,1786.9000244140625,4479.7099609375
2021-08-17,47.11,47.36,46.81,46.96,2801700,1363.09,22830.0,66.58999633789062,1785.0,4448.080078125
2021-08-18,46.96,47.51,46.96,47.06,1951000,1360.94,22830.0,65.45999908447266,1781.5999755859375,4400.27001953125
2021-08-19,47.56,47.56,46.96,47.31,2721600,1374.85,22807.0,63.689998626708984,1780.199951171875,4405.7998046875
2021-08-20,47.31,47.41,45.61,46.46,4349300,1329.43,22812.0,62.31999969482422,1781.0,4441.669921875
2021-08-23,46.31,46.31,45.56,45.56,3436600,1298.86,22451.056640625,65.63999938964844,1803.199951171875,4479.52978515625
2021-08-24,45.81,46.06,45.01,46.01,3081500,1298.74,22825.0,67.54000091552734,1805.5999755859375,4486.22998046875
2021-08-25,46.26,46.26,45.56,46.01,1344000,1309.55,22820.0,68.36000061035156,1788.199951171875,4496.18994140625
2021-08-26,46.06,46.51,45.66,45.76,1758700,1301.12,22790.0,67.41999816894531,1792.199951171875,4470.0
2021-08-27,45.56,46.06,45.36,46.06,1896200,1313.2,22785.0,68.73999786376953,1816.5999755859375,4509.3701171875
2021-08-30,46.56,46.56,46.11,46.16,1494800,1328.14,22789.0,69.20999908447266,1809.0,4528.7900390625
2021-08-31,46.21,46.66,46.06,46.26,1952500,1331.47,22775.0,68.5,1815.0,4522.68017578125
2021-09-01,46.11,46.56,46.11,46.26,1353300,1334.65,22775.0,68.58999633789062,1813.0999755859375,4524.08984375
2021-09-06,46.26,47.51,46.21,47.51,3124600,1346.39,22760.0,69.29000091552734,1830.9000244140625,4535.43017578125
2021-09-07,47.71,47.71,46.81,46.81,2290600,1341.9,22760.0,68.3499984741211,1795.9000244140625,4520.02978515625
2021-09-08,46.81,47.16,46.46,46.61,1453800,1333.61,22758.0,69.30000305175781,1790.699951171875,4514.06982421875
2021-09-09,46.61,47.01,46.46,46.66,1393700,1343.98,22757.0,68.13999938964844,1797.4000244140625,4493.27978515625
2021-09-10,46.76,47.26,46.76,46.81,1440100,1345.31,22765.0,69.72000122070312,1789.5999755859375,4458.580078125
2021-09-13,46.86,47.06,46.51,46.56,1600000,1341.43,22757.0,70.44999694824219,1792.0,4468.72998046875
2021-09-14,46.71,47.41,46.56,46.96,2523200,1339.7,22759.0,70.45999908447266,1804.699951171875,4443.0498046875
2021-09-15,46.96,47.26,46.71,47.11,1690100,1345.83,22759.0,72.61000061035156,1792.4000244140625,4480.7001953125
2021-09-16,47.26,47.56,47.16,47.41,1924700,1345.87,22758.0,72.61000061035156,1754.5999755859375,4473.75
2021-09-17,47.81,48.57,47.76,47.91,3325700,1352.64,22753.0,71.97000122070312,1749.4000244140625,4432.990234375
2021-09-20,48.06,48.16,47.11,47.26,2526100,1350.48,22770.0,70.29000091552734,1761.800048828125,4357.72998046875
2021-09-21,46.76,47.06,46.31,46.81,2697100,1339.84,22769.0,70.55999755859375,1776.0,4354.18994140625
2021-09-22,46.66,46.76,46.41,46.66,2027200,1350.68,22755.0,72.2300033569336,1776.699951171875,4395.64013671875
2021-09-23,46.66,46.96,46.56,46.61,1394200,1352.76,22760.0,73.30000305175781,1747.699951171875,4448.97998046875
2021-09-24,46.66,46.66,46.41,46.41,1449000,1351.17,22762.0,73.9800033569336,1749.699951171875,4455.47998046875
2021-09-27,46.51,46.81,46.11,46.11,1546100,1324.99,22760.0,75.44999694824219,1750.0,4443.10986328125
2021-09-28,45.91,46.56,45.81,46.56,1393500,1339.31,22766.0,75.29000091552734,1735.800048828125,4352.6298828125
2021-09-29,46.56,46.76,46.21,46.66,1177400,1339.21,22761.0,74.83000183105469,1721.5,4359.4599609375
2021-09-30,46.81,47.01,46.56,46.56,996900,1342.06,22753.0,75.02999877929688,1755.300048828125,4307.5400390625
2021-10-01,46.51,46.61,46.31,46.51,1055400,1334.89,22750.0,75.87999725341797,1757.0,4357.0400390625
2021-10-04,46.56,47.66,46.26,47.36,2277800,1339.54,22757.0,77.62000274658203,1766.199951171875,4300.4599609375
2021-10-05,47.56,48.06,47.26,47.26,1392800,1354.63,22757.0,78.93000030517578,1759.5999755859375,4345.72021484375
2021-10-06,47.31,47.41,46.91,47.26,1571300,1362.82,22754.0,77.43000030517578,1760.5,4363.5498046875
2021-10-07,47.51,47.56,47.11,47.21,1497000,1365.99,22750.0,78.30000305175781,1757.9000244140625,4399.759765625
2021-10-08,47.56,49.82,47.26,49.52,8305600,1372.73,22750.0,79.3499984741211,1756.300048828125,4391.33984375
2021-10-11,49.57,49.72,49.22,49.67,2295500,1394.09,22399.798828125,80.5199966430664,1754.5999755859375,4361.18994140625
2021-10-12,49.67,49.67,49.32,49.57,1125300,1394.8,22750.0,80.63999938964844,1758.300048828125,4350.64990234375
2021-10-13,49.57,50.82,49.32,49.77,3232500,1391.91,22757.0,80.44000244140625,1793.699951171875,4363.7998046875
2021-10-14,49.77,50.07,49.27,49.47,1824200,1391.85,22757.0,81.30999755859375,1796.699951171875,4438.259765625
2021-10-15,49.77,50.12,49.27,49.52,1702500,1392.7,22757.0,82.27999877929688,1767.199951171875,4471.3701171875
2021-10-18,49.57,50.07,49.37,49.57,2264100,1395.53,22758.0,82.44000244140625,1764.800048828125,4486.4599609375
2021-10-19,49.57,49.82,49.37,49.37,1534300,1395.33,22758.0,82.95999908447266,1769.699951171875,4519.6298828125
2021-10-20,49.42,49.82,48.37,48.87,2248600,1393.8,22755.0,83.87000274658203,1784.0999755859375,4536.18994140625
2021-10-21,49.27,49.32,48.42,48.42,2283600,1384.77,22755.0,82.5,1781.199951171875,4549.77978515625
2021-10-22,48.57,48.77,48.11,48.16,2023400,1389.24,22750.0,83.76000213623047,1795.5,4544.89990234375
2021-10-25,48.16,48.16,47.51,47.51,2938500,1385.4,22394.345703125,83.76000213623047,1806.0,4566.47998046875
2021-10-26,47.56,48.52,47.21,48.52,1855700,1391.63,22745.0,84.6500015258789,1792.699951171875,4574.7900390625
2021-10-27,48.47,49.17,48.32,49.17,2326700,1423.02,22757.0,82.66000366210938,1797.9000244140625,4551.68017578125
2021-10-28,49.17,49.27,48.67,49.07,1644700,1438.01,22755.0,82.80999755859375,1801.5999755859375,4596.419921875
2021-10-29,49.07,49.07,48.52,48.52,2382700,1444.27,22750.0,83.56999969482422,1783.0,4605.3798828125
2021-11-01,48.77,48.77,47.86,47.96,2855800,1438.97,22750.0,84.05000305175781,1795.0999755859375,4613.669921875
2021-11-02,47.81,48.57,47.81,48.11,2109100,1452.46,22750.0,83.91000366210938,1788.699951171875,4630.64990234375
2021-11-03,48.16,48.42,47.66,48.11,2680100,1444.3,22748.0,80.86000061035156,1763.5999755859375,4660.56982421875
2021-11-04,48.11,48.47,47.91,48.06,1761300,1448.34,22747.0,78.80999755859375,1793.0,4680.06005859375
2021-11-05,48.16,48.97,48.06,48.87,2169900,1456.51,22680.0,81.2699966430664,1816.4000244140625,4697.52978515625
2021-11-08,48.87,49.32,48.72,48.77,1687900,1467.57,22680.0,81.93000030517578,1827.4000244140625,4701.7001953125
2021-11-09,48.82,48.87,48.06,48.26,1845900,1461.5,22660.0,84.1500015258789,1830.199951171875,4685.25
2021-11-10,48.26,48.57,48.01,48.57,1592400,1465.02,22662.0,81.33999633789062,1847.5999755859375,4646.7099609375
2021-11-11,48.57,49.07,47.96,48.06,2122200,1462.35,22660.0,81.58999633789062,1863.199951171875,4649.27001953125
2021-11-12,48.16,49.17,48.01,49.07,2240300,1473.37,22645.0,80.79000091552734,1867.9000244140625,4682.85009765625
2021-11-15,49.32,49.32,48.72,48.72,1908900,1476.57,22640.0,80.87999725341797,1866.0999755859375,4682.7998046875
2021-11-16,48.72,49.82,48.47,49.22,3506200,1466.45,22645.0,80.76000213623047,1853.5999755859375,4700.89990234375
2021-11-17,49.22,49.27,49.07,49.22,1186200,1475.85,22650.0,78.36000061035156,1869.699951171875,4688.669921875
2021-11-18,49.22,49.42,48.32,48.32,2005000,1469.83,22648.0,79.01000213623047,1861.0,4704.5400390625
2021-11-19,48.82,48.97,47.61,47.71,2481300,1452.35,22650.0,76.0999984741211,1851.199951171875,4697.9599609375
2021-11-22,47.81,48.06,47.56,47.56,1670100,1447.25,22657.0,76.75,1806.0,4682.93994140625
2021-11-23,47.56,48.37,47.51,48.37,1150800,1463.63,22670.0,78.5,1783.5,4690.7001953125
2021-11-24,48.42,49.27,48.26,49.02,2445600,1488.87,22675.0,78.38999938964844,1784.0999755859375,4701.4599609375
2021-11-25,49.32,50.97,49.22,50.07,5487400,1500.81,22680.0,78.38999938964844,1784.0999755859375,4701.4599609375
2021-11-26,50.12,50.47,49.47,49.52,1996200,1493.03,22670.0,68.1500015258789,1785.300048828125,4594.6201171875
2021-11-29,48.82,49.52,48.82,49.12,1993000,1484.84,22678.0,69.94999694824219,1782.300048828125,4655.27001953125
2021-11-30,49.12,49.32,48.57,48.62,2563100,1478.44,22690.0,66.18000030517578,1773.5999755859375,4567.0
2021-12-01,48.82,49.37,48.42,49.17,1254900,1485.19,22688.0,65.56999969482422,1781.5999755859375,4513.0400390625
2021-12-02,48.87,49.22,48.67,48.67,952900,1482.05,22710.0,66.5,1760.699951171875,4577.10009765625
2021-12-03,48.97,48.97,47.81,47.81,2009700,1443.32,22730.0,66.26000213623047,1782.0,4538.43017578125
2021-12-06,47.81,48.32,47.16,47.31,2393800,1413.58,22830.0,69.48999786376953,1777.5,4591.669921875
2021-12-07,47.56,48.06,47.31,48.06,1451000,1446.77,23020.0,72.05000305175781,1782.5999755859375,4686.75
2021-12-08,48.32,48.32,47.56,47.86,1064800,1452.87,23070.0,72.36000061035156,1783.4000244140625,4701.2099609375
2021-12-09,47.61,48.57,47.61,48.57,993100,1467.98,22920.0,70.94000244140625,1774.5999755859375,4667.4501953125
2021-12-10,48.26,48.57,47.76,47.96,1160000,1463.54,22980.0,71.66999816894531,1782.9000244140625,4712.02001953125
2021-12-13,48.32,48.32,47.86,48.06,900200,1476.21,23025.0,71.29000091552734,1786.300048828125,4668.97021484375
2021-12-14,48.06,48.26,47.76,47.91,1144500,1476.02,22975.0,70.7300033569336,1770.4000244140625,4634.08984375
2021-12-15,47.91,48.21,47.86,48.01,808400,1475.5,23000.0,70.87000274658203,1762.5999755859375,4709.85009765625
2021-12-16,48.82,48.82,47.81,47.81,1245000,1476.61,23030.0,72.37999725341797,1796.5999755859375,4668.669921875
2021-12-17,47.86,48.57,47.81,48.26,1152100,1479.79,22990.0,70.86000061035156,1803.800048828125,4620.64013671875
2021-12-20,48.32,48.32,47.81,47.96,1019800,1477.33,22980.0,68.2300033569336,1793.699951171875,4568.02001953125
2021-12-21,47.91,48.01,47.61,47.66,1112300,1478.74,22928.0,71.12000274658203,1787.9000244140625,4649.22998046875
2021-12-22,47.56,47.76,47.36,47.56,1670500,1477.67,22933.0,72.76000213623047,1801.5999755859375,4696.56005859375
2021-12-23,47.56,47.56,46.56,46.66,1930300,1456.96,22955.0,73.79000091552734,1811.199951171875,4725.7900390625
2021-12-24,46.81,47.31,46.46,46.96,1186700,1477.03,22950.0,73.79000091552734,1811.199951171875,4725.7900390625
2021-12-27,47.16,47.56,46.71,47.31,793700,1488.88,22840.0,75.56999969482422,1808.0999755859375,4791.18994140625
2021-12-28,47.31,47.51,47.11,47.31,567300,1494.39,22810.0,75.9800033569336,1810.199951171875,4786.35009765625
2021-12-29,47.46,47.46,46.86,46.86,912200,1485.82,22835.0,76.55999755859375,1805.0999755859375,4793.06005859375
2021-12-30,46.91,47.21,46.81,46.86,810800,1485.97,22820.0,76.98999786376953,1812.699951171875,4778.72998046875
2021-12-31,46.96,47.26,46.56,46.56,1607400,1498.28,22765.0,75.20999908447266,1827.5,4766.18017578125
2022-01-04,46.76,47.16,46.71,46.81,1935000,1525.58,22825.0,76.98999786376953,1814.0,4793.5400390625
2022-01-05,46.91,47.16,46.81,46.86,1193800,1522.5,22752.0,77.8499984741211,1824.5999755859375,4700.580078125
2022-01-06,46.86,47.06,46.81,46.81,1192400,1528.57,22755.0,79.45999908447266,1788.699951171875,4696.0498046875
2022-01-07,46.61,46.91,46.61,46.76,1016800,1528.48,22745.0,78.9000015258789,1797.0,4677.02978515625
2022-01-10,46.66,46.81,46.01,46.06,1882400,1503.71,22685.0,78.2300033569336,1798.4000244140625,4670.2900390625
2022-01-11,46.06,46.16,44.61,44.81,2509300,1492.31,22695.0,81.22000122070312,1818.5999755859375,4713.06982421875
2022-01-12,44.61,45.36,44.31,44.86,1740700,1510.51,22698.0,82.63999938964844,1827.199951171875,4726.35009765625
2022-01-13,45.51,46.41,44.96,46.11,1811800,1496.05,22698.0,82.12000274658203,1821.199951171875,4659.02978515625
2022-01-14,45.91,46.11,45.51,45.71,686700,1496.02,22710.0,83.81999969482422,1816.5,4662.85009765625
2022-01-17,45.31,45.71,44.56,44.56,1568400,1452.84,22710.0,83.81999969482422,1816.5,4662.85009765625
2022-01-18,44.21,44.86,44.06,44.11,1209900,1438.94,22720.0,85.43000030517578,1812.300048828125,4577.10986328125
2022-01-19,44.11,44.66,44.06,44.21,744900,1442.79,22750.0,86.95999908447266,1843.0999755859375,4532.759765625
2022-01-20,44.26,45.56,44.21,44.46,1334600,1465.3,22700.0,86.9000015258789,1842.5,4482.72998046875
2022-01-21,44.56,44.96,44.16,44.16,841200,1472.89,22645.0,85.13999938964844,1831.800048828125,4397.93994140625
2022-01-24,44.16,44.31,42.56,42.71,2024200,1439.71,22625.0,83.30999755859375,1841.699951171875,4410.1298828125
2022-01-25,42.66,43.81,42.06,43.31,1192600,1479.58,22675.0,85.5999984741211,1852.699951171875,4356.4501953125
2022-01-26,43.56,43.56,42.81,43.06,913600,1481.58,22630.0,87.3499984741211,1829.9000244140625,4349.93017578125
2022-01-27,43.06,43.41,42.76,43.01,719600,1470.76,22630.0,86.61000061035156,1793.300048828125,4326.509765625
2022-01-28,43.06,44.81,43.01,44.81,1552300,1478.96,22630.0,86.81999969482422,1784.9000244140625,4431.85009765625
2022-02-07,45.06,45.11,44.56,44.81,518400,1497.66,22645.0,91.31999969482422,1820.5999755859375,4483.8701171875
2022-02-08,44.81,45.96,44.81,45.36,845100,1500.99,22665.0,89.36000061035156,1826.5999755859375,4521.5400390625
2022-02-09,45.91,45.91,45.36,45.41,1142700,1505.38,22715.0,89.66000366210938,1835.199951171875,4587.18017578125
2022-02-10,45.76,46.06,45.16,46.06,974900,1506.79,22680.0,89.87999725341797,1836.199951171875,4504.080078125
2022-02-11,45.96,46.26,45.76,45.86,641600,1501.71,22680.0,93.0999984741211,1840.800048828125,4418.64013671875
2022-02-14,45.56,45.86,45.26,45.56,774100,1471.96,22685.0,95.45999908447266,1868.0,4401.669921875
2022-02-15,45.56,45.91,45.31,45.61,655400,1492.75,22725.0,92.06999969482422,1854.800048828125,4471.06982421875
2022-02-16,45.91,46.31,45.71,45.71,614200,1492.1,22750.0,93.66000366210938,1870.199951171875,4475.009765625
2022-02-17,46.01,46.46,45.56,46.46,853700,1507.99,22750.0,91.76000213623047,1900.699951171875,4380.259765625
2022-02-18,46.21,46.31,45.91,46.16,618800,1504.84,22785.0,91.06999969482422,1898.5999755859375,4348.8701171875
2022-02-21,46.16,47.06,46.06,46.81,1386000,1510.84,22820.0,91.06999969482422,1898.5999755859375,4348.8701171875
2022-02-22,46.56,46.71,46.06,46.51,1158200,1503.47,22800.0,92.3499984741211,1906.0999755859375,4304.759765625
2022-02-23,46.36,47.01,46.36,46.56,973800,1512.3,22815.0,92.0999984741211,1909.199951171875,4225.5
2022-02-24,46.56,46.81,45.06,46.06,1349600,1494.85,22825.0,92.80999755859375,1925.0999755859375,4288.7001953125
2022-02-25,46.26,46.76,46.11,46.21,1059900,1498.89,22840.0,91.58999633789062,1886.5,4384.64990234375
2022-02-28,46.21,46.81,46.21,46.71,1504600,1490.13,22820.0,95.72000122070312,1899.4000244140625,4373.93994140625
2022-03-01,47.06,47.06,46.31,46.76,1101900,1498.78,22805.0,103.41000366210938,1942.4000244140625,4306.259765625
2022-03-02,46.56,46.76,46.41,46.61,1088900,1485.52,22815.0,110.5999984741211,1920.9000244140625,4386.5400390625
2022-03-03,46.66,47.06,46.66,46.76,957600,1505.0,22840.0,107.66999816894531,1934.4000244140625,4363.490234375
2022-03-04,46.71,46.96,46.56,46.81,1343800,1505.33,22835.0,115.68000030517578,1965.0999755859375,4328.8701171875
2022-03-07,46.61,47.01,46.16,46.96,1698000,1499.05,22830.0,119.4000015258789,1993.9000244140625,4201.08984375
2022-03-08,46.96,47.76,46.36,47.46,2227500,1473.71,22845.0,123.69999694824219,2040.0999755859375,4170.7001953125
2022-03-09,47.36,48.32,47.36,47.81,2204000,1473.74,22845.0,108.69999694824219,1985.9000244140625,4277.8798828125
2022-03-10,48.21,48.21,47.36,47.36,778700,1479.08,22835.0,106.0199966430664,1998.0999755859375,4259.52001953125
2022-03-11,47.31,47.36,46.41,46.66,1139000,1466.54,22835.0,109.33000183105469,1982.699951171875,4204.31005859375
2022-03-14,46.56,46.56,45.31,45.96,1943000,1446.25,22873.0,103.01000213623047,1959.5999755859375,4173.10986328125
2022-03-15,45.96,45.96,44.96,45.56,1872000,1452.74,22890.0,96.44000244140625,1928.5,4262.4501953125
2022-03-16,45.61,46.21,45.31,45.86,1139600,1459.33,22880.0,95.04000091552734,1908.0,4357.85986328125
2022-03-17,45.96,46.41,45.81,46.06,1180600,1461.34,22879.0,102.9800033569336,1942.0999755859375,4411.669921875
2022-03-18,46.56,48.37,46.56,47.61,2815100,1469.1,22865.0,104.69999694824219,1928.199951171875,4463.1201171875
2022-03-21,47.66,48.06,47.56,47.71,1560700,1494.95,22860.0,112.12000274658203,1928.5999755859375,4461.18017578125
2022-03-22,48.06,48.57,47.76,48.26,2079200,1503.78,22860.0,111.76000213623047,1920.699951171875,4511.60986328125
2022-03-23,48.32,48.82,48.06,48.32,1975800,1502.34,22870.0,114.93000030517578,1936.5999755859375,4456.240234375
2022-03-24,48.06,48.67,47.71,48.06,1823700,1498.26,22872.0,112.33999633789062,1961.5999755859375,4520.16015625
2022-03-25,48.11,48.32,47.86,47.91,1228100,1498.5,22869.0,113.9000015258789,1953.800048828125,4543.06005859375
2022-03-28,47.81,49.42,47.66,49.12,3501600,1483.18,22861.0,105.95999908447266,1939.5999755859375,4575.52001953125
2022-03-29,49.37,52.52,49.37,52.52,8224300,1497.76,22860.0,104.23999786376953,1912.0,4631.60009765625
2022-03-30,52.97,53.72,52.32,53.07,2830700,1490.51,22865.0,107.81999969482422,1933.5,4602.4501953125
2022-03-31,52.82,55.37,52.37,53.57,3472300,1492.15,22854.0,100.27999877929688,1949.199951171875,4530.41015625
2022-04-01,53.52,55.57,53.12,55.57,4317300,1516.44,22838.0,99.2699966430664,1919.0999755859375,4545.85986328125
2022-04-04,56.83,56.83,54.72,54.72,2687800,1524.7,22837.0,103.27999877929688,1929.199951171875,4582.64013671875
2022-04-05,54.62,55.88,54.57,54.57,1863900,1520.03,22846.0,101.95999908447266,1922.9000244140625,4525.1201171875
2022-04-06,54.27,57.08,54.27,56.58,4179000,1522.9,22873.0,96.2300033569336,1918.4000244140625,4481.14990234375
2022-04-07,56.93,58.53,56.13,56.73,3915200,1502.35,22866.0,96.02999877929688,1933.800048828125,4500.2099609375
2022-04-08,56.73,57.03,54.32,54.32,4069700,1482.0,22859.0,98.26000213623047,1941.5999755859375,4488.27978515625
2022-04-12,54.57,55.83,53.37,54.97,3162100,1455.25,22860.0,100.5999984741211,1972.0999755859375,4397.4501953125
2022-04-13,55.07,57.63,54.97,57.63,3322800,1477.2,22888.0,104.25,1981.0,4446.58984375
2022-04-14,57.68,59.53,57.68,58.38,3529400,1472.12,22887.0,106.94999694824219,1970.9000244140625,4392.58984375
2022-04-15,57.63,59.03,57.08,57.58,3121400,1458.56,22900.0,106.94999694824219,1970.9000244140625,4392.58984375
2022-04-18,57.58,59.38,57.08,57.83,3356100,1432.6,22899.0,108.20999908447266,1982.9000244140625,4391.68994140625
2022-04-19,58.33,58.58,56.08,56.08,4731000,1406.45,22890.0,102.55999755859375,1955.699951171875,4462.2099609375
2022-04-20,56.08,56.58,54.87,56.08,3295000,1384.72,22955.0,102.75,1952.300048828125,4459.4501953125
2022-04-21,55.67,58.03,55.67,56.08,4068500,1370.21,22962.0,103.79000091552734,1944.9000244140625,4393.66015625
2022-04-22,56.33,57.03,53.07,55.62,5708900,1379.23,22962.0,102.06999969482422,1931.0,4271.77978515625
2022-04-25,55.12,55.52,51.77,51.77,4605900,1310.92,22965.0,98.54000091552734,1893.199951171875,4296.1201171875
2022-04-26,50.17,52.57,48.57,52.22,5431400,1341.34,22983.0,101.69999694824219,1901.4000244140625,4175.2001953125
2022-04-27,51.32,52.07,50.32,51.57,2529700,1353.77,22970.0,102.0199966430664,1885.9000244140625,4183.9599609375
2022-04-28,51.52,53.47,51.32,52.82,2530400,1350.99,22965.0,105.36000061035156,1888.699951171875,4287.5
2022-04-29,52.57,53.62,52.17,52.57,3991500,1366.8,22956.0,104.69000244140625,1909.300048828125,4131.93017578125
2022-05-04,52.52,53.02,52.12,52.32,1598400,1348.68,22962.0,107.80999755859375,1867.0,4300.169921875
2022-05-05,52.37,52.82,51.02,52.42,2194900,1360.68,22966.0,108.26000213623047,1874.0,4146.8701171875
2022-05-06,51.22,52.07,50.17,50.17,2430900,1329.26,22955.0,109.7699966430664,1881.199951171875,4123.33984375
2022-05-09,49.22,49.57,47.06,47.06,4499100,1269.62,22955.0,103.08999633789062,1857.0999755859375,3991.239990234375
2022-05-10,47.06,49.47,46.06,49.27,2816700,1293.56,22950.0,99.76000213623047,1839.9000244140625,4001.050048828125
2022-05-11,49.07,51.02,48.47,51.02,1667700,1301.53,22941.0,105.70999908447266,1852.5999755859375,3935.179931640625
2022-05-12,49.72,51.02,47.56,47.86,2591500,1238.84,23050.0,106.12999725341797,1823.800048828125,3930.080078125
2022-05-13,48.11,49.57,46.61,46.86,4103700,1182.77,23096.0,110.48999786376953,1807.4000244140625,4023.889892578125
2022-05-16,48.82,48.82,46.66,46.66,1740900,1171.95,23086.0,114.19999694824219,1813.5,4008.010009765625
2022-05-17,46.56,49.92,46.31,49.92,2045800,1228.37,23095.0,112.4000015258789,1818.199951171875,4088.85009765625
2022-05-18,49.92,50.12,48.82,48.92,1934400,1240.76,23120.0,109.58999633789062,1815.9000244140625,3923.679931640625
2022-05-19,47.61,48.92,47.61,48.57,1228600,1241.64,23139.0,112.20999908447266,1841.199951171875,3900.7900390625
2022-05-20,48.92,49.52,48.57,48.82,1410400,1240.71,23140.0,113.2300033569336,1841.800048828125,3901.360107421875
2022-05-23,49.17,49.17,48.11,48.32,1136900,1218.81,23160.0,110.29000091552734,1847.800048828125,3973.75
2022-05-24,48.32,49.17,48.06,49.17,1384700,1233.38,23170.0,109.7699966430664,1865.0999755859375,3941.47998046875
2022-05-25,49.82,52.57,49.42,52.57,3770800,1268.43,23210.0,110.33000183105469,1846.199951171875,3978.72998046875
2022-05-26,52.67,53.62,52.37,52.87,1426400,1268.57,23190.0,114.08999633789062,1847.4000244140625,4057.840087890625
2022-05-27,52.87,56.08,52.82,55.98,3878400,1285.45,23205.0,115.06999969482422,1851.300048828125,4158.240234375
2022-05-30,55.62,56.28,54.67,55.73,2496900,1293.92,23195.0,115.06999969482422,1851.300048828125,4158.240234375
2022-05-31,55.73,55.73,53.82,55.02,2157000,1292.68,23176.0,114.66999816894531,1842.699951171875,4132.14990234375
2022-06-01,55.02,56.53,54.97,55.98,2036500,1299.52,23185.0,115.26000213623047,1843.300048828125,4101.22998046875
2022-06-02,56.48,57.48,55.62,55.83,2292800,1288.62,23196.0,116.87000274658203,1866.5,4176.81982421875
2022-06-03,55.83,57.08,55.52,57.08,1755900,1287.98,23193.0,118.87000274658203,1845.4000244140625,4108.5400390625
2022-06-06,57.08,58.08,56.08,56.58,2558200,1290.01,23187.0,118.5,1839.199951171875,4121.43017578125
2022-06-07,56.43,57.88,54.37,57.88,3908000,1291.35,23180.0,119.41000366210938,1847.5,4160.68017578125
2022-06-08,58.23,58.88,57.33,57.58,2660400,1307.91,23185.0,122.11000061035156,1851.9000244140625,4115.77001953125
2022-06-09,57.83,58.03,56.73,57.73,1706300,1307.8,23187.0,121.51000213623047,1848.800048828125,4017.820068359375
2022-06-10,56.78,57.43,55.07,55.07,2972500,1284.08,23155.0,120.66999816894531,1871.5,3900.860107421875
2022-06-13,53.35,55.05,52.14,52.26,3393300,1227.04,23177.0,120.93000030517578,1828.0,3749.6298828125
2022-06-14,52.14,54.51,51.84,54.02,2308300,1230.31,23195.0,118.93000030517578,1809.5,3735.47998046875
2022-06-15,54.93,54.93,53.35,54.87,1762600,1213.93,23210.0,115.30999755859375,1815.300048828125,3789.989990234375
2022-06-16,55.17,56.87,54.69,55.78,2517500,1236.63,23230.0,117.58999633789062,1845.699951171875,3666.77001953125
2022-06-17,54.75,56.14,53.96,55.78,2321400,1217.3,23232.0,109.55999755859375,1835.5999755859375,3674.840087890625
2022-06-20,56.69,57.29,55.35,55.78,2483900,1180.4,23220.0,109.55999755859375,1835.5999755859375,3674.840087890625
2022-06-21,56.02,56.69,53.96,54.02,2460200,1172.47,23230.0,110.6500015258789,1834.5999755859375,3764.7900390625
2022-06-22,54.44,54.81,51.17,51.23,2971400,1169.27,23226.0,106.19000244140625,1834.300048828125,3759.889892578125
2022-06-23,50.93,52.63,50.75,51.84,2022500,1188.88,23235.0,104.2699966430664,1825.699951171875,3795.72998046875
2022-06-24,52.2,53.23,51.84,51.84,902400,1185.48,23244.0,107.62000274658203,1826.5,3911.739990234375
2022-06-27,52.38,53.29,52.08,52.44,1254800,1202.82,23247.0,109.56999969482422,1820.9000244140625,3900.110107421875
2022-06-28,54.26,54.69,52.87,54.38,2296600,1218.1,23245.0,111.76000213623047,1817.5,3821.550048828125
2022-06-29,53.9,54.57,53.47,54.57,1182600,1218.09,23255.0,109.77999877929688,1813.699951171875,3818.830078125
2022-06-30,54.26,54.51,52.26,52.26,1506500,1197.6,23265.0,105.76000213623047,1804.0999755859375,3785.3798828125
2022-07-01,52.75,53.84,51.41,53.35,1696500,1198.9,23255.0,108.43000030517578,1798.9000244140625,3825.330078125
2022-07-04,53.66,53.66,52.14,52.57,1005500,1195.53,23300.0,108.43000030517578,1798.9000244140625,3825.330078125
2022-07-05,53.23,53.23,51.78,51.78,1395600,1181.29,23335.0,99.5,1761.800048828125,3831.389892578125
2022-07-06,50.99,52.08,50.63,50.63,2232400,1149.61,23360.0,98.52999877929688,1734.9000244140625,3845.080078125
2022-07-07,50.87,51.29,50.38,50.38,1286300,1166.48,23373.0,102.7300033569336,1737.9000244140625,3902.6201171875
2022-07-08,50.87,50.93,50.38,50.69,910400,1171.31,23350.0,104.79000091552734,1740.5999755859375,3899.3798828125
2022-07-11,51.29,51.29,50.2,50.2,998100,1155.29,23355.0,104.08999633789062,1730.0,3854.429931640625
2022-07-12,50.2,50.63,50.14,50.63,602800,1174.82,23347.0,95.83999633789062,1723.300048828125,3818.800048828125
2022-07-13,50.93,50.93,50.02,50.02,1140700,1173.92,23389.0,96.30000305175781,1734.199951171875,3801.780029296875
2022-07-14,50.2,50.63,49.84,50.2,891300,1182.17,23388.0,95.77999877929688,1704.5,3790.3798828125
2022-07-15,50.93,50.93,49.84,49.84,1382300,1179.25,23415.0,97.58999633789062,1702.4000244140625,3863.159912109375
2022-07-18,50.2,51.23,49.9,50.32,1264900,1176.49,23450.0,102.5999984741211,1709.199951171875,3830.85009765625
2022-07-19,50.26,50.32,49.84,50.32,1185400,1178.33,23440.0,104.22000122070312,1710.0,3936.68994140625
2022-07-20,51.53,52.08,50.93,51.47,2848900,1194.14,23412.0,102.26000213623047,1699.5,3959.89990234375
2022-07-21,52.08,52.08,51.23,51.53,1804200,1198.47,23410.0,96.3499984741211,1712.699951171875,3998.949951171875
2022-07-22,52.38,52.44,51.6,51.6,1307200,1194.76,23410.0,94.69999694824219,1727.0999755859375,3961.6298828125
2022-07-25,52.75,52.75,51.6,51.78,2245900,1188.5,23400.0,96.69999694824219,1719.0,3966.840087890625
2022-07-26,52.14,52.14,51.41,51.41,1128800,1185.07,23385.0,94.9800033569336,1717.699951171875,3921.050048828125
2022-07-27,51.29,51.66,51.17,51.66,771100,1191.04,23370.0,97.26000213623047,1719.0999755859375,4023.610107421875
2022-07-28,51.66,52.02,50.38,51.47,1664800,1208.12,23375.0,96.41999816894531,1750.300048828125,4072.429931640625
2022-07-29,51.6,51.66,50.63,50.63,1941800,1206.33,23358.0,98.62000274658203,1762.9000244140625,4130.2900390625
2022-08-01,50.93,51.05,50.38,50.93,1815100,1231.35,23335.0,93.88999938964844,1769.0,4118.6298828125
2022-08-02,50.93,51.6,50.63,51.53,1879700,1236.12,23355.0,94.41999816894531,1771.0999755859375,4091.18994140625
2022-08-03,51.53,51.66,51.05,51.41,2249500,1249.76,23353.0,90.66000366210938,1758.0,4155.169921875
2022-08-04,51.6,52.5,51.47,52.2,3046800,1254.15,23394.0,88.54000091552734,1788.5,4151.93994140625
2022-08-05,52.2,52.87,51.9,52.02,1773100,1252.74,23393.0,89.01000213623047,1772.9000244140625,4145.18994140625
2022-08-08,52.08,52.38,51.72,52.14,1586800,1256.75,23385.0,90.76000213623047,1786.800048828125,4140.06005859375
2022-08-09,52.14,53.05,51.96,52.26,2320800,1258.85,23388.0,90.5,1794.0,4122.47021484375
2022-08-10,52.32,52.57,52.14,52.14,1121400,1256.5,23385.0,91.93000030517578,1795.5999755859375,4210.240234375
2022-08-11,52.26,52.63,51.96,52.14,1852800,1252.07,23385.0,94.33999633789062,1789.699951171875,4207.27001953125
2022-08-12,51.96,52.44,51.96,52.44,1243100,1262.33,23390.0,92.08999633789062,1798.5999755859375,4280.14990234375
2022-08-15,52.5,54.02,52.5,53.9,3085000,1274.2,23392.0,89.41000366210938,1781.4000244140625,4297.14013671875
2022-08-16,53.9,54.2,53.41,53.78,1382800,1274.69,23400.0,86.52999877929688,1773.199951171875,4305.2001953125
2022-08-17,53.96,54.02,53.35,53.54,1506200,1275.28,23403.0,88.11000061035156,1760.300048828125,4274.0400390625
2022-08-18,53.29,54.38,53.29,53.54,2552900,1273.66,23401.0,90.5,1755.300048828125,4283.740234375
2022-08-19,53.35,53.66,52.26,52.69,1957600,1269.18,23401.0,90.7699966430664,1747.5999755859375,4228.47998046875
2022-08-22,52.5,52.93,52.08,52.63,1634000,1260.43,23400.0,90.2300033569336,1734.0,4137.990234375
2022-08-23,52.2,52.75,52.2,52.75,1085700,1270.81,23410.0,93.73999786376953,1746.800048828125,4128.72998046875
2022-08-24,53.05,53.24,52.81,52.87,1008000,1277.16,23430.0,94.88999938964844,1747.800048828125,4140.77001953125
2022-08-25,52.87,53.18,52.75,52.93,1143900,1288.88,23425.0,92.5199966430664,1757.699951171875,4199.1201171875
2022-08-26,52.99,53.85,52.93,53.48,1936600,1282.57,23423.0,93.05999755859375,1736.0999755859375,4057.659912109375
2022-08-29,53.36,53.36,51.95,53.05,2228000,1270.8,23412.0,97.01000213623047,1736.5999755859375,4030.610107421875
2022-08-30,53.05,53.36,52.75,52.99,1153200,1279.39,23430.0,91.63999938964844,1723.199951171875,3986.159912109375
2022-08-31,52.62,53.36,52.62,53.12,1173700,1280.51,23415.0,89.55000305175781,1712.800048828125,3955.0
2022-09-05,53.05,53.18,52.69,52.87,1020900,1277.35,23450.0,86.87000274658203,1709.800048828125,3924.260009765625
2022-09-06,52.75,52.99,52.62,52.62,1171600,1277.4,23505.0,86.87999725341797,1700.4000244140625,3908.18994140625
2022-09-07,52.44,52.69,51.52,51.52,2236400,1243.17,23520.0,81.94000244140625,1715.300048828125,3979.8701171875
2022-09-08,51.58,52.13,51.4,51.7,1135600,1234.6,23580.0,83.54000091552734,1708.0,4006.179931640625
2022-09-09,51.89,52.13,51.7,51.7,1145400,1248.78,23542.0,86.79000091552734,1716.199951171875,4067.360107421875
2022-09-12,52.2,52.26,51.7,51.89,741003,1249.62,23515.0,87.77999877929688,1728.0999755859375,4110.41015625
2022-09-13,52.13,52.32,51.7,51.89,1062534,1248.4,23520.0,87.30999755859375,1705.0,3932.68994140625
2022-09-14,51.21,51.83,51.21,51.52,1319726,1240.77,23553.0,88.4800033569336,1696.5,3946.010009765625
2022-09-15,51.83,51.83,51.34,51.34,787676,1245.66,23590.0,85.0999984741211,1665.4000244140625,3901.35009765625
2022-09-16,51.34,51.46,50.6,50.6,1367082,1234.03,23620.0,85.11000061035156,1671.699951171875,3873.330078125
2022-09-19,50.6,51.28,50.23,50.97,1791147,1205.43,23650.0,85.7300033569336,1666.199951171875,3899.889892578125
2022-09-20,50.97,51.4,50.48,51.15,579770,1218.93,23670.0,84.44999694824219,1659.699951171875,3855.929931640625
2022-09-21,51.09,51.09,50.48,50.48,778267,1210.55,23670.0,82.94000244140625,1664.5999755859375,3789.929931640625
2022-09-22,50.29,50.91,50.23,50.85,1176159,1214.7,23690.0,83.48999786376953,1670.800048828125,3757.989990234375
2022-09-23,50.97,50.97,50.36,50.54,843288,1203.28,23700.0,78.73999786376953,1645.300048828125,3693.22998046875
2022-09-26,49.99,50.29,49.25,49.99,1869134,1174.35,23700.0,76.70999908447266,1623.300048828125,3655.0400390625
2022-09-27,50.29,50.29,49.37,49.37,935561,1166.54,23715.0,78.5,1626.699951171875,3647.2900390625
2022-09-28,49.13,49.31,47.84,47.84,2052319,1143.62,23730.0,82.1500015258789,1660.4000244140625,3719.0400390625
2022-09-29,48.94,49.13,47.23,47.23,1306874,1126.07,23730.0,81.2300033569336,1658.5,3640.469970703125
2022-09-30,47.23,49.56,47.17,49.37,2115328,1132.11,23820.0,79.48999786376953,1662.4000244140625,3585.6201171875
2022-10-03,48.82,49.25,46.86,47.23,1250717,1086.44,23855.0,83.62999725341797,1692.9000244140625,3678.429931640625
2022-10-04,47.84,48.45,47.35,47.53,2043505,1078.14,23880.0,86.5199966430664,1721.0999755859375,3790.929931640625
2022-10-05,48.45,48.76,48.09,48.09,973961,1104.26,23875.0,87.76000213623047,1711.4000244140625,3783.280029296875
2022-10-06,48.39,48.39,46.92,46.92,1269026,1074.52,23865.0,88.44999694824219,1711.699951171875,3744.52001953125
2022-10-07,46.74,46.74,45.39,45.39,2066184,1035.91,23870.0,92.63999938964844,1700.5,3639.659912109375
2022-10-10,45.08,46.31,44.22,45.39,1629697,1042.48,23875.0,91.12999725341797,1667.300048828125,3612.389892578125
2022-10-11,45.39,45.39,43.55,43.55,1596971,1006.2,23870.0,89.3499984741211,1678.699951171875,3588.840087890625
2022-10-12,43.55,44.96,43.55,44.41,1466379,1034.81,23925.0,87.2699966430664,1670.300048828125,3577.030029296875
2022-10-13,44.28,44.77,43.85,44.77,830864,1050.99,23945.0,89.11000061035156,1670.0,3669.909912109375
2022-10-14,45.63,45.69,45.14,45.39,846734,1061.85,24120.0,85.61000061035156,1641.699951171875,3583.070068359375
2022-10-17,45.08,45.33,44.53,45.26,709751,1051.58,24110.0,85.45999908447266,1657.0,3677.949951171875
2022-10-18,45.39,46.18,45.39,45.94,880847,1063.66,24310.0,82.81999969482422,1649.0,3719.97998046875
2022-10-19,45.94,46.74,45.82,46.31,1025903,1060.07,24430.0,85.55000305175781,1627.5,3695.159912109375
2022-10-20,46.49,48.15,46.18,47.72,1733758,1058.45,24450.0,85.9800033569336,1630.800048828125,3665.780029296875
2022-10-21,47.66,47.66,45.33,45.33,1569208,1019.82,24530.0,85.05000305175781,1651.0,3752.75
2022-10-24,45.33,45.69,43.55,43.61,1429975,986.15,24820.0,84.58000183105469,1648.699951171875,3797.340087890625
2022-10-25,43.79,45.69,43.61,44.9,1567991,997.7,24830.0,85.31999969482422,1652.800048828125,3859.110107421875
2022-10-26,45.69,45.69,44.59,45.26,626989,992.85,24840.0,87.91000366210938,1664.0,3830.60009765625
2022-10-27,45.45,46.74,45.2,46.49,938494,1022.16,24830.0,89.08000183105469,1660.699951171875,3807.300048828125
2022-10-28,46.8,46.8,45.82,46.0,878087,1028.56,24830.0,87.9000015258789,1639.5999755859375,3901.06005859375
2022-10-31,46.0,46.61,45.2,46.37,1087300,1021.42,24820.0,86.52999877929688,1635.9000244140625,3871.97998046875
2022-11-01,46.8,47.1,46.0,46.31,563319,1028.41,24840.0,88.37000274658203,1645.0,3856.10009765625
2022-11-02,46.12,46.61,45.39,45.39,980330,1021.52,24850.0,90.0,1645.699951171875,3759.68994140625
2022-11-03,45.69,46.43,45.2,45.45,624173,1017.03,24835.0,88.16999816894531,1627.300048828125,3719.889892578125
2022-11-04,45.39,45.39,43.85,44.71,1649525,994.12,24860.0,92.61000061035156,1672.5,3770.550048828125
2022-11-07,44.53,45.39,44.53,44.53,1574023,971.22,24870.0,91.79000091552734,1676.5,3806.800048828125
2022-11-08,43.85,45.33,43.79,44.96,947845,976.99,24870.0,88.91000366210938,1712.0999755859375,3828.110107421875
2022-11-09,44.96,45.57,44.96,45.39,699349,981.33,24871.0,85.83000183105469,1710.0999755859375,3748.570068359375
2022-11-10,45.08,45.2,42.38,44.77,1598605,942.65,24862.0,86.47000122070312,1750.300048828125,3956.3701171875
2022-11-11,44.84,45.14,44.16,44.65,1004524,952.88,24865.0,88.95999908447266,1766.0,3992.929931640625
2022-11-14,44.16,44.41,42.93,43.42,1642109,941.04,24805.0,85.87000274658203,1773.5999755859375,3957.25
2022-11-15,42.93,42.93,40.42,40.42,3123365,911.9,24735.0,86.91999816894531,1773.800048828125,3991.72998046875
2022-11-16,37.6,42.93,37.6,42.5,3056552,942.9,24765.0,85.58999633789062,1773.0,3958.7900390625
2022-11-17,42.5,44.16,39.56,43.55,1548529,969.26,24775.0,81.63999938964844,1760.800048828125,3946.56005859375
2022-11-18,43.0,44.16,42.44,43.85,1264028,969.33,24805.0,80.08000183105469,1751.9000244140625,3965.340087890625
2022-11-21,42.63,44.04,42.63,43.0,842416,960.65,24800.0,79.7300033569336,1737.4000244140625,3949.93994140625
2022-11-22,42.93,44.16,42.38,43.24,1178595,952.12,24835.0,80.94999694824219,1738.300048828125,4003.580078125
2022-11-23,42.93,43.55,42.75,43.24,467451,946.0,24850.0,77.94000244140625,1744.9000244140625,4027.260009765625
2022-11-24,42.81,43.55,42.57,43.24,789675,947.71,24844.0,77.94000244140625,1744.9000244140625,4027.260009765625
2022-11-25,43.3,44.16,43.24,44.16,1268624,971.46,24833.0,76.27999877929688,1753.300048828125,4026.1201171875
2022-11-28,44.41,45.69,44.34,45.57,1151034,1005.69,24760.0,77.23999786376953,1740.0999755859375,3963.93994140625
2022-11-29,45.94,45.94,44.77,45.57,1146480,1032.16,24770.0,78.19999694824219,1748.4000244140625,3957.6298828125
2022-11-30,45.69,45.94,45.08,45.76,914889,1048.42,24750.0,80.55000305175781,1746.0,4080.110107421875
2022-12-01,46.06,46.49,45.45,45.82,1779052,1036.28,24630.0,81.22000122070312,1801.0999755859375,4076.570068359375
2022-12-02,45.82,47.66,45.39,47.47,2906008,1080.01,24500.0,79.9800033569336,1795.9000244140625,4071.699951171875
2022-12-05,47.84,48.45,47.47,48.02,1221587,1093.67,24350.0,76.93000030517578,1767.4000244140625,3998.840087890625
2022-12-06,48.02,48.39,46.61,46.61,1541582,1048.69,23980.0,74.25,1769.300048828125,3941.260009765625
2022-12-07,46.55,46.98,45.88,46.92,1031634,1041.02,23980.0,72.01000213623047,1785.5,3933.919921875
2022-12-08,47.17,48.33,46.37,47.23,1269574,1050.53,23900.0,71.45999908447266,1788.699951171875,3963.510009765625
2022-12-09,46.8,47.84,46.74,47.84,989370,1051.81,23780.0,71.0199966430664,1798.0999755859375,3934.3798828125
2022-12-12,47.6,47.96,46.86,47.23,1215379,1032.07,23550.0,73.16999816894531,1780.5,3990.56005859375
2022-12-13,46.74,47.41,46.12,47.35,901395,1047.45,23680.0,75.38999938964844,1813.9000244140625,4019.64990234375
2022-12-14,47.35,47.53,46.68,46.8,1159669,1050.43,23600.0,77.27999877929688,1807.5,3995.320068359375
2022-12-15,46.86,47.9,46.86,47.66,1172479,1055.32,23520.0,76.11000061035156,1777.199951171875,3895.75
2022-12-16,47.23,47.84,46.86,47.78,912560,1052.48,23500.0,74.29000091552734,1790.0,3852.360107421875
2022-12-19,48.02,48.02,46.98,46.98,1028326,1038.4,23580.0,75.19000244140625,1787.699951171875,3817.659912109375
2022-12-20,47.35,47.35,46.25,46.98,787843,1023.13,23700.0,76.08999633789062,1815.9000244140625,3821.6201171875
2022-12-21,47.35,47.47,46.43,47.35,545497,1018.88,23730.0,78.29000091552734,1815.9000244140625,3878.43994140625
2022-12-22,47.35,47.53,46.61,47.35,659431,1022.61,23700.0,77.48999786376953,1787.0,3822.389892578125
2022-12-23,46.86,47.84,46.74,47.84,1222704,1020.34,23630.0,79.55999755859375,1795.9000244140625,3844.820068359375
2022-12-26,47.66,47.9,46.86,46.86,833640,985.21,23560.0,79.55999755859375,1795.9000244140625,3844.820068359375
2022-12-27,46.86,47.53,46.61,46.92,806989,1004.57,23590.0,79.52999877929688,1814.800048828125,3829.25
2022-12-28,47.23,47.23,46.61,47.04,590282,1015.66,23580.0,78.95999908447266,1807.9000244140625,3783.219970703125
2022-12-29,46.92,47.23,46.74,46.74,656647,1009.29,23620.0,78.4000015258789,1819.5,3849.280029296875
2022-12-30,46.74,47.17,46.61,47.17,629719,1007.09,23600.0,80.26000213623047,1819.699951171875,3839.5
2023-01-03,47.17,49.07,47.1,49.07,1538861,1043.9,23610.0,76.93000030517578,1839.699951171875,3824.139892578125
2023-01-04,49.56,49.68,48.64,49.07,796544,1046.35,23515.0,72.83999633789062,1852.800048828125,3852.969970703125
2023-01-05,49.19,49.99,49.19,49.44,1014719,1055.82,23510.0,73.66999816894531,1834.800048828125,3808.10009765625
2023-01-06,49.31,49.74,49.19,49.25,721096,1051.44,23475.0,73.7699966430664,1864.199951171875,3895.080078125
2023-01-09,49.37,49.62,49.01,49.25,520315,1054.21,23460.0,74.62999725341797,1872.699951171875,3892.090087890625
2023-01-10,49.5,49.86,49.19,49.31,754254,1053.35,23447.0,75.12000274658203,1871.5999755859375,3919.25
2023-01-11,49.31,50.05,49.31,49.62,1078639,1055.76,23445.0,77.41000366210938,1874.5999755859375,3969.610107421875
2023-01-12,49.68,49.99,49.19,49.5,544065,1056.39,23440.0,78.38999938964844,1895.5,3983.169921875
2023-01-13,49.37,49.8,49.07,49.07,629501,1060.17,23438.0,79.86000061035156,1918.4000244140625,3999.090087890625
2023-01-16,49.13,49.68,48.88,49.56,576876,1066.68,23435.0,79.86000061035156,1918.4000244140625,3999.090087890625
2023-01-17,49.8,50.29,49.68,50.29,980634,1088.29,23434.0,80.18000030517578,1907.199951171875,3990.969970703125
2023-01-18,50.36,51.15,50.17,51.15,956810,1098.28,23427.0,79.4800033569336,1904.4000244140625,3928.860107421875
2023-01-19,50.91,51.64,50.85,51.46,1329468,1108.08,23437.0,80.33000183105469,1922.0999755859375,3898.85009765625
2023-01-27,51.58,52.44,51.52,51.52,1145253,1117.1,23440.0,79.68000030517578,1928.5999755859375,4070.56005859375
2023-01-30,51.64,51.77,51.34,51.34,893299,1102.57,23460.0,77.9000015258789,1922.9000244140625,4017.77001953125
2023-01-31,51.21,51.34,50.11,51.21,1531495,1111.18,23470.0,78.87000274658203,1929.5,4076.60009765625
2023-02-01,51.52,51.52,50.17,50.29,1051061,1075.97,23445.0,76.41000366210938,1927.800048828125,4119.2099609375
2023-02-02,50.36,50.54,49.86,50.23,1327690,1077.59,23440.0,75.87999725341797,1916.300048828125,4179.759765625
2023-02-03,50.29,50.29,49.13,49.13,1730152,1077.15,23449.0,73.38999938964844,1862.9000244140625,4136.47998046875
2023-02-06,49.07,50.05,48.88,49.37,946115,1089.29,23440.0,74.11000061035156,1866.199951171875,4111.080078125
2023-02-07,49.37,50.23,49.37,49.5,752838,1065.84,23480.0,77.13999938964844,1871.699951171875,4164.0
2023-02-08,49.56,50.11,49.44,49.8,671553,1072.22,23600.0,78.47000122070312,1877.4000244140625,4117.85986328125
2023-02-09,49.68,50.05,49.5,49.5,743939,1064.03,23590.0,78.05999755859375,1866.199951171875,4081.5
2023-02-10,49.74,49.8,49.37,49.5,725810,1055.3,23560.0,79.72000122070312,1862.800048828125,4090.4599609375
2023-02-13,49.5,49.8,49.07,49.5,614692,1043.7,23565.0,80.13999938964844,1851.9000244140625,4137.2900390625
2023-02-14,49.5,49.68,49.19,49.56,621417,1038.64,23595.0,79.05999755859375,1854.0,4136.1298828125
2023-02-15,49.37,50.23,49.25,50.05,646219,1048.2,23600.0,78.58999633789062,1834.199951171875,4147.60009765625
2023-02-16,50.05,50.29,49.5,50.05,425495,1058.29,23615.0,78.48999786376953,1842.0,4090.409912109375
2023-02-17,49.8,50.05,49.68,50.05,468845,1059.31,23680.0,76.33999633789062,1840.4000244140625,4079.090087890625
2023-02-20,50.05,50.91,49.93,50.78,1277504,1086.69,23810.0,76.33999633789062,1840.4000244140625,4079.090087890625
2023-02-21,50.78,51.34,50.66,50.78,841841,1082.23,23725.0,76.16000366210938,1833.0,3997.340087890625
2023-02-22,50.48,50.6,50.17,50.17,748561,1054.28,23705.0,73.94999694824219,1832.0,3991.050048828125
2023-02-23,50.11,50.11,49.44,49.93,1161953,1053.66,23780.0,75.38999938964844,1818.0,4012.320068359375
2023-02-24,49.74,49.86,49.31,49.56,559986,1039.56,23815.0,76.31999969482422,1808.800048828125,3970.0400390625
2023-02-27,49.07,49.37,49.01,49.25,1016698,1021.25,23780.0,75.68000030517578,1817.0,3982.239990234375
2023-02-28,49.07,49.5,48.76,49.37,525466,1024.68,23805.0,77.05000305175781,1828.9000244140625,3970.14990234375
2023-03-01,48.76,49.37,48.27,49.37,1377551,1040.55,23740.0,77.69000244140625,1837.699951171875,3951.389892578125
2023-03-02,49.07,49.37,48.94,49.07,431732,1037.61,23710.0,78.16000366210938,1833.5,3981.35009765625
2023-03-03,48.64,49.07,48.15,48.15,741791,1024.77,23700.0,79.68000030517578,1847.699951171875,4045.639892578125
2023-03-06,47.9,48.94,47.9,47.96,818674,1027.18,23710.0,80.45999908447266,1847.9000244140625,4048.419921875
2023-03-07,48.52,49.01,48.33,48.33,793553,1037.84,23650.0,77.58000183105469,1813.9000244140625,3986.3701171875
2023-03-08,48.15,48.76,48.15,48.76,511968,1049.18,23640.0,76.66000366210938,1812.699951171875,3992.010009765625
2023-03-09,48.76,49.5,48.58,49.44,641624,1055.95,23710.0,75.72000122070312,1829.300048828125,3918.320068359375
2023-03-10,49.19,49.31,48.45,48.76,641543,1053.0,23680.0,76.68000030517578,1862.0,3861.590087890625
2023-03-13,47.9,48.7,47.9,48.39,887883,1052.8,23660.0,74.80000305175781,1911.699951171875,3855.760009765625
2023-03-14,48.45,48.52,48.15,48.27,428257,1040.13,23570.0,71.33000183105469,1906.199951171875,3919.2900390625
2023-03-15,48.52,49.37,48.52,49.37,693264,1062.19,23570.0,67.61000061035156,1926.5999755859375,3891.929931640625
2023-03-16,49.07,49.07,48.09,48.58,850831,1047.4,23565.0,68.3499984741211,1919.0,3960.280029296875
2023-03-17,48.82,49.07,48.21,48.45,430362,1045.14,23560.0,66.73999786376953,1969.800048828125,3916.639892578125
2023-03-20,48.52,48.64,47.6,47.6,771192,1023.1,23570.0,67.63999938964844,1979.199951171875,3951.570068359375
2023-03-21,48.21,48.27,47.29,47.9,537316,1032.43,23570.0,69.33000183105469,1938.0,4002.8701171875
2023-03-22,47.96,48.21,47.6,48.15,611402,1040.54,23570.0,70.9000015258789,1946.800048828125,3936.969970703125
2023-03-23,48.09,48.15,47.6,47.84,357327,1045.1,23510.0,69.95999908447266,1993.800048828125,3948.719970703125
2023-03-24,48.02,48.33,47.84,48.21,367884,1046.79,23490.0,69.26000213623047,1982.0999755859375,3970.989990234375
2023-03-27,48.39,48.58,48.15,48.52,768784,1052.25,23510.0,72.80999755859375,1952.4000244140625,3977.530029296875
2023-03-28,48.58,48.58,47.53,48.58,1001517,1054.29,23500.0,73.19999694824219,1972.4000244140625,3971.27001953125
2023-03-29,48.58,48.64,48.21,48.45,405351,1056.33,23480.0,72.97000122070312,1966.0999755859375,4027.81005859375
2023-03-30,48.45,48.64,48.33,48.52,409438,1059.44,23480.0,74.37000274658203,1980.300048828125,4050.830078125
2023-03-31,48.52,48.76,48.45,48.52,672646,1064.64,23470.0,75.66999816894531,1969.0,4109.31005859375
2023-04-03,48.7,49.62,48.52,49.62,1172390,1079.28,23450.0,80.41999816894531,1983.9000244140625,4124.509765625
2023-04-04,49.62,49.68,49.07,49.37,585746,1078.45,23470.0,80.70999908447266,2022.199951171875,4100.60009765625
2023-04-05,49.37,49.44,48.88,49.44,423371,1080.86,23460.0,80.61000061035156,2020.9000244140625,4090.3798828125
2023-04-06,49.5,49.99,49.25,49.25,614350,1070.91,23465.0,80.69999694824219,2011.9000244140625,4105.02001953125
2023-04-07,49.19,49.5,49.07,49.37,360755,1069.71,23451.0,80.69999694824219,2011.9000244140625,4105.02001953125
2023-04-10,49.68,49.68,49.13,49.25,771039,1065.35,23442.0,79.73999786376953,1989.0999755859375,4109.10986328125
2023-04-11,49.19,49.37,49.13,49.25,534886,1069.46,23442.0,81.52999877929688,2004.800048828125,4108.93994140625
2023-04-12,49.25,49.37,49.01,49.25,575815,1069.45,23445.0,83.26000213623047,2010.9000244140625,4091.949951171875
2023-04-13,49.25,49.31,48.64,48.82,542069,1064.3,23442.0,82.16000366210938,2041.300048828125,4146.22021484375
2023-04-14,49.01,49.13,48.64,48.82,399536,1052.89,23440.0,82.5199966430664,2002.199951171875,4137.64013671875
2023-04-17,48.82,48.88,48.45,48.82,450882,1053.81,23440.0,80.83000183105469,1994.199951171875,4151.31982421875
2023-04-18,48.82,49.07,48.58,48.7,302472,1055.02,23485.0,80.86000061035156,2007.4000244140625,4154.8701171875
2023-04-19,48.94,48.94,48.64,48.64,420463,1048.98,23505.0,79.16000366210938,1995.199951171875,4154.52001953125
2023-04-20,48.94,48.94,48.58,48.7,365619,1049.25,23511.0,77.29000091552734,2007.5999755859375,4129.7900390625
2023-04-21,49.07,49.07,48.64,48.64,324840,1042.91,23488.0,77.87000274658203,1979.5,4133.52001953125
2023-04-24,48.76,49.44,48.45,48.52,795812,1041.36,23485.0,78.76000213623047,1989.0999755859375,4137.0400390625
2023-04-25,48.52,48.64,48.02,48.09,541028,1034.85,23494.0,77.06999969482422,1994.0,4071.6298828125
2023-04-26,47.9,48.09,47.6,48.02,772857,1040.8,23473.0,74.30000305175781,1985.699951171875,4055.989990234375
2023-04-27,47.9,48.33,47.9,48.02,221966,1039.63,23465.0,74.76000213623047,1989.9000244140625,4135.35009765625
2023-04-28,48.33,48.33,47.53,47.53,946202,1049.12,23445.0,76.77999877929688,1990.0999755859375,4169.47998046875
2023-05-04,47.72,48.27,47.6,48.15,498526,1040.61,23450.0,68.55999755859375,2048.0,4061.219970703125
2023-05-05,48.21,48.21,47.96,48.09,320239,1040.31,23445.0,71.33999633789062,2017.4000244140625,4136.25
2023-05-08,48.15,48.39,48.09,48.15,364297,1052.62,23440.0,73.16000366210938,2026.300048828125,4138.1201171875
2023-05-09,48.21,48.94,48.21,48.39,607003,1053.77,23443.0,73.70999908447266,2036.199951171875,4119.169921875
2023-05-10,48.45,48.82,48.45,48.45,633179,1058.26,23460.0,72.55999755859375,2030.5,4137.64013671875
2023-05-11,48.52,48.82,48.45,48.52,477378,1057.12,23465.0,70.87000274658203,2014.699951171875,4130.6201171875
2023-05-12,48.64,49.44,48.33,49.37,1085041,1066.9,23465.0,70.04000091552734,2014.5,4124.080078125
2023-05-15,49.93,50.17,49.56,49.68,936340,1065.71,23450.0,71.11000061035156,2018.0,4136.27978515625
2023-05-16,49.68,50.11,49.56,49.99,768209,1065.91,23452.0,70.86000061035156,1988.4000244140625,4109.89990234375
2023-05-17,50.23,50.72,49.74,49.99,977785,1060.44,23450.0,72.83000183105469,1980.699951171875,4158.77001953125
2023-05-18,50.17,50.91,49.93,50.85,1552354,1068.31,23450.0,71.86000061035156,1956.5,4198.0498046875
2023-05-19,50.91,51.09,50.17,50.78,1075113,1067.07,23450.0,71.55000305175781,1978.699951171875,4191.97998046875
2023-05-22,50.78,50.78,50.29,50.6,562355,1070.64,23460.0,71.98999786376953,1974.800048828125,4192.6298828125
2023-05-23,50.6,50.6,49.93,50.29,657960,1065.85,23438.0,72.91000366210938,1972.4000244140625,4145.580078125
2023-05-24,50.29,50.36,49.74,49.86,465813,1061.79,23470.0,74.33999633789062,1962.800048828125,4115.240234375
2023-05-25,49.8,51.15,49.68,51.03,1343692,1064.63,23470.0,71.83000183105469,1943.0999755859375,4151.27978515625
2023-05-26,50.97,51.15,50.48,50.97,865789,1063.76,23470.0,72.66999816894531,1944.0999755859375,4205.4501953125
2023-05-29,51.21,51.34,50.85,50.97,881263,1074.98,23475.0,72.66999816894531,1944.0999755859375,4205.4501953125
2023-05-30,50.91,52.07,50.85,51.52,1662064,1078.05,23465.0,69.45999908447266,1958.0,4205.52001953125
2023-05-31,51.64,51.64,50.97,51.58,840575,1075.17,23480.0,68.08999633789062,1963.9000244140625,4179.830078125
2023-06-01,51.52,51.52,50.97,51.21,538944,1078.39,23485.0,70.0999984741211,1978.0,4221.02001953125
2023-06-02,51.21,51.7,50.97,51.4,738485,1090.84,23485.0,71.73999786376953,1952.4000244140625,4282.3701171875
2023-06-05,51.46,52.26,51.4,52.13,1428499,1097.82,23475.0,72.1500015258789,1958.0,4273.7900390625
2023-06-06,52.32,52.32,51.95,52.32,516234,1108.31,23495.0,71.73999786376953,1965.5,4283.85009765625
2023-06-07,52.13,52.38,51.7,52.13,707049,1109.54,23485.0,72.52999877929688,1942.699951171875,4267.52001953125
2023-06-08,51.95,52.07,51.21,51.28,1246481,1101.32,23485.0,71.29000091552734,1963.5999755859375,4293.93017578125
2023-06-09,51.7,51.95,51.34,51.89,681805,1107.53,23490.0,70.16999816894531,1962.199951171875,4298.85986328125
2023-06-12,51.83,52.07,51.28,52.07,521246,1116.02,23470.0,67.12000274658203,1955.300048828125,4338.93017578125
2023-06-13,51.77,52.07,51.7,51.77,468477,1122.46,23480.0,69.41999816894531,1944.5999755859375,4369.009765625
2023-06-14,51.7,52.01,51.58,51.64,659704,1117.42,23495.0,68.2699966430664,1955.300048828125,4372.58984375
2023-06-15,51.64,51.77,51.28,51.58,800193,1116.97,23500.0,70.62000274658203,1957.800048828125,4425.83984375
2023-06-16,51.58,52.87,51.15,51.83,2234265,1115.22,23525.0,71.77999877929688,1958.4000244140625,4409.58984375
2023-06-19,51.95,52.44,51.83,51.95,664779,1105.4,23520.0,71.77999877929688,1958.4000244140625,4409.58984375
2023-06-20,52.13,52.62,51.95,52.44,946100,1111.72,23520.0,70.5,1935.5,4388.7099609375
2023-06-21,52.44,52.99,52.38,52.62,707032,1118.46,23520.0,72.52999877929688,1933.300048828125,4365.68994140625
2023-06-22,52.81,53.05,51.95,52.44,1021586,1125.3,23505.0,69.51000213623047,1912.699951171875,4381.89013671875
2023-06-23,52.5,52.5,52.01,52.2,823244,1129.38,23515.0,69.16000366210938,1919.0999755859375,4348.330078125
2023-06-26,52.2,52.62,51.89,52.62,861394,1132.03,23515.0,69.37000274658203,1923.699951171875,4328.81982421875
2023-06-27,52.75,53.54,52.75,53.54,1544056,1134.33,23530.0,67.69999694824219,1914.0,4378.41015625
2023-06-28,53.61,53.85,53.36,53.36,967842,1138.35,23520.0,69.55999755859375,1912.300048828125,4376.85986328125
2023-06-29,53.36,53.42,53.05,53.05,563802,1125.39,23555.0,69.86000061035156,1909.199951171875,4396.43994140625
2023-06-30,53.05,53.12,52.75,52.75,734840,1120.18,23569.0,70.63999938964844,1921.0999755859375,4450.3798828125
2023-07-03,53.05,53.24,52.75,52.99,1041108,1125.5,23575.0,69.79000091552734,1921.699951171875,4455.58984375
2023-07-04,52.99,53.36,52.87,53.36,1329492,1132.0,23695.0,69.79000091552734,1921.699951171875,4455.58984375
2023-07-05,53.59,54.58,53.37,53.37,1791184,1134.62,23700.0,71.79000091552734,1919.5999755859375,4446.81982421875
2023-07-06,53.37,53.66,52.8,53.23,1522489,1126.22,23745.0,71.80000305175781,1908.699951171875,4411.58984375
2023-07-07,52.94,53.87,52.94,53.73,899592,1138.07,23710.0,73.86000061035156,1926.199951171875,4398.9501953125
2023-07-10,53.73,54.16,53.44,53.73,1156888,1149.02,23635.0,72.98999786376953,1925.0,4409.52978515625
2023-07-11,53.73,53.8,53.51,53.51,1093461,1151.77,23640.0,74.83000183105469,1931.300048828125,4439.259765625
2023-07-12,53.51,54.01,53.44,53.73,906936,1154.2,23690.0,75.75,1956.199951171875,4472.16015625
2023-07-13,54.08,54.08,53.8,54.08,1255041,1165.42,23660.0,76.88999938964844,1959.199951171875,4510.0400390625
2023-07-14,54.87,55.87,54.3,55.87,2826852,1168.4,23665.0,75.41999816894531,1960.0999755859375,4505.419921875
2023-07-17,56.37,56.51,56.01,56.37,1156882,1173.13,23630.0,74.1500015258789,1952.4000244140625,4522.7900390625
2023-07-18,56.37,56.37,55.73,56.15,719990,1174.09,23630.0,75.75,1977.199951171875,4554.97998046875
2023-07-19,56.01,56.3,55.87,56.01,710544,1172.98,23635.0,75.3499984741211,1977.5,4565.72021484375
2023-07-20,56.08,58.01,56.01,57.3,2297840,1172.81,23630.0,75.62999725341797,1968.300048828125,4534.8701171875
2023-07-21,56.87,57.8,56.8,57.8,1275567,1185.9,23647.0,77.06999969482422,1964.300048828125,4536.33984375
2023-07-24,57.8,58.01,57.51,57.8,1175667,1190.72,23656.0,78.73999786376953,1960.300048828125,4554.64013671875
2023-07-25,57.8,58.65,57.8,58.01,1060033,1195.9,23665.0,79.62999725341797,1962.0999755859375,4567.4599609375
2023-07-26,57.94,59.01,57.87,59.01,1273543,1200.84,23655.0,78.77999877929688,1968.9000244140625,4566.75
2023-07-27,59.08,60.22,59.08,59.72,1421340,1197.33,23665.0,80.08999633789062,1945.4000244140625,4537.41015625
2023-07-28,59.58,60.22,59.29,60.22,900725,1207.67,23661.0,80.58000183105469,1960.4000244140625,4582.22998046875
2023-07-31,60.44,61.22,60.22,61.08,1475315,1222.9,23685.0,81.80000305175781,1970.5,4588.9599609375
2023-08-01,61.08,61.58,60.29,60.29,1290289,1217.56,23680.0,81.37000274658203,1940.699951171875,4576.72998046875
2023-08-02,60.29,60.51,59.58,59.58,999318,1220.43,23680.0,79.48999786376953,1937.4000244140625,4513.39013671875
2023-08-03,59.79,60.08,59.15,59.72,910770,1210.95,23735.0,81.55000305175781,1932.0,4501.89013671875
2023-08-04,59.94,60.29,59.44,59.44,1620226,1225.98,23750.0,82.81999969482422,1939.5999755859375,4478.02978515625
2023-08-07,59.65,60.29,59.44,60.29,755463,1241.42,23725.0,81.94000244140625,1933.5,4518.43994140625
2023-08-08,59.94,60.36,59.79,60.08,638510,1242.23,23720.0,82.91999816894531,1924.0999755859375,4499.3798828125
2023-08-09,59.94,60.44,59.22,59.29,985253,1233.99,23730.0,84.4000015258789,1915.4000244140625,4467.7099609375
2023-08-10,59.29,59.44,58.65,58.65,1345605,1220.61,23735.0,82.81999969482422,1914.4000244140625,4468.830078125
2023-08-11,58.51,59.22,58.15,58.51,1146772,1232.21,23740.0,83.19000244140625,1912.9000244140625,4464.0498046875
2023-08-14,58.58,59.37,58.51,58.94,1016349,1236.84,23750.0,82.51000213623047,1910.5999755859375,4489.72021484375
2023-08-15,58.94,60.15,58.15,59.94,1677357,1234.05,23815.0,80.98999786376953,1902.5,4437.85986328125
2023-08-16,59.37,60.79,59.37,60.72,2613481,1243.26,23965.0,79.37999725341797,1896.0999755859375,4404.330078125
2023-08-17,60.65,62.22,60.65,61.36,3708846,1233.48,23935.0,80.38999938964844,1884.0999755859375,4370.35986328125
2023-08-18,61.08,62.72,60.15,61.01,4252285,1177.99,23850.0,81.25,1886.0999755859375,4369.7099609375
2023-08-21,61.29,61.86,61.01,61.29,2461231,1179.76,23850.0,80.72000122070312,1893.300048828125,4399.77001953125
2023-08-22,61.58,61.72,59.22,61.72,2337900,1180.49,23850.0,80.3499984741211,1896.4000244140625,4387.5498046875
2023-08-23,61.65,61.93,60.44,61.72,1422837,1172.56,23850.0,78.88999938964844,1918.5,4436.009765625
2023-08-24,61.72,65.04,61.43,64.97,5269510,1189.39,23900.0,79.05000305175781,1918.199951171875,4376.31005859375
2023-08-25,64.61,65.69,64.32,65.4,2802665,1183.37,23900.0,79.83000183105469,1911.0999755859375,4405.7099609375
2023-08-28,66.41,68.07,65.69,67.86,2969885,1201.72,23975.0,80.0999984741211,1917.9000244140625,4433.31005859375
2023-08-29,67.86,67.86,66.99,67.57,1556447,1204.43,24080.0,81.16000366210938,1936.5,4497.6298828125
2023-08-30,67.28,70.89,67.21,69.74,2376554,1213.16,24180.0,81.62999725341797,1944.300048828125,4514.8701171875
2023-08-31,69.74,70.38,69.37,69.81,1409398,1224.05,24110.0,83.62999725341797,1938.199951171875,4507.66015625
2023-09-05,70.1,71.25,69.88,69.88,1448003,1234.98,24060.0,86.69000244140625,1926.199951171875,4496.830078125
2023-09-06,70.1,71.47,69.52,71.47,2503495,1245.5,24050.0,87.54000091552734,1918.0999755859375,4465.47998046875
2023-09-07,71.47,72.77,70.46,70.67,3257432,1243.14,24055.0,86.87000274658203,1917.5,4451.14013671875
2023-09-08,70.38,71.11,70.02,70.46,2122234,1241.48,24060.0,87.51000213623047,1918.4000244140625,4457.490234375
2023-09-11,71.25,71.83,68.8,70.31,5159148,1223.63,24055.0,87.29000091552734,1923.300048828125,4487.4599609375
2023-09-12,70.31,71.4,70.31,71.4,2687116,1245.44,24075.0,88.83999633789062,1911.300048828125,4461.89990234375
2023-09-13,71.4,71.47,70.31,70.75,2895387,1238.39,24100.0,88.5199966430664,1909.0999755859375,4467.43994140625
2023-09-14,70.75,70.75,68.94,69.23,2324353,1223.81,24080.0,90.16000366210938,1910.0,4505.10009765625
2023-09-15,69.3,70.6,68.8,70.38,2140173,1227.36,24220.0,90.7699966430664,1923.699951171875,4450.31982421875
2023-09-18,69.95,69.95,69.09,69.95,2030801,1211.81,24250.0,91.4800033569336,1931.5,4453.52978515625
2023-09-19,69.88,71.03,69.23,71.03,3588961,1211.5,24370.0,91.19999694824219,1932.0,4443.9501953125
2023-09-20,71.32,71.97,71.11,71.11,2449993,1226.11,24370.0,90.27999877929688,1945.5999755859375,4402.2001953125
2023-09-21,71.11,71.4,69.52,69.88,3422654,1212.74,24270.0,89.62999725341797,1919.199951171875,4330.0
2023-09-22,68.65,70.02,66.85,69.81,6867488,1193.05,24310.0,90.02999877929688,1925.4000244140625,4320.06005859375
2023-09-25,70.02,70.46,68.07,68.07,2102701,1153.2,24360.0,89.68000030517578,1916.5999755859375,4337.43994140625
2023-09-26,68.0,68.94,67.21,67.5,2159726,1137.96,24380.0,90.38999938964844,1900.4000244140625,4273.52978515625
2023-09-27,67.79,68.07,65.26,68.07,4516129,1153.85,24380.0,93.68000030517578,1871.5999755859375,4274.509765625
2023-09-28,67.93,68.07,65.98,67.86,1768685,1152.43,24385.0,91.70999908447266,1860.4000244140625,4299.7001953125
2023-09-29,67.86,68.51,66.99,66.99,1637648,1154.15,24385.0,90.79000091552734,1848.0999755859375,4288.0498046875
2023-10-02,67.43,67.71,66.41,67.28,1139848,1155.25,24280.0,88.81999969482422,1830.0,4288.39013671875
2023-10-03,66.56,67.5,66.05,66.56,2010673,1118.1,24340.0,89.2300033569336,1824.5999755859375,4229.4501953125
2023-10-04,65.91,67.43,65.91,66.78,1593917,1128.67,24385.0,84.22000122070312,1818.5,4263.75
2023-10-05,66.99,67.35,66.13,66.13,1370603,1113.89,24420.0,82.30999755859375,1816.5999755859375,4258.18994140625
2023-10-06,66.05,66.99,65.69,66.92,1149293,1128.54,24380.0,82.79000091552734,1830.199951171875,4308.5
2023-10-09,66.7,69.01,66.56,69.01,3660637,1137.36,24360.0,86.37999725341797,1849.5,4335.66015625
2023-10-10,69.66,70.17,68.87,69.52,3259197,1143.69,24370.0,85.97000122070312,1861.0,4358.240234375
2023-10-11,69.23,70.75,69.23,70.02,2361344,1150.81,24390.0,83.48999786376953,1872.800048828125,4376.9501953125
2023-10-12,70.02,70.6,69.3,69.59,1884002,1151.61,24440.0,82.91000366210938,1869.300048828125,4349.60986328125
2023-10-13,69.3,69.52,68.8,69.37,2364522,1154.73,24435.0,87.69000244140625,1927.4000244140625,4327.77978515625
2023-10-16,69.88,71.4,69.52,69.88,4979916,1141.42,24440.0,86.66000366210938,1921.0999755859375,4373.6298828125
2023-10-17,70.6,70.6,67.21,67.21,2422927,1121.65,24460.0,86.66000366210938,1922.699951171875,4373.2001953125
2023-10-18,68.51,68.51,65.69,67.14,6149090,1103.4,24490.0,88.31999969482422,1955.300048828125,4314.60009765625
2023-10-19,67.86,68.07,66.41,66.41,3033197,1087.85,24555.0,89.37000274658203,1968.4000244140625,4278.0
2023-10-20,66.78,67.14,65.04,67.06,2867958,1108.03,24550.0,88.75,1982.5,4224.16015625
2023-10-23,67.71,67.71,65.55,65.69,1975305,1093.53,24520.0,85.48999786376953,1976.300048828125,4217.0400390625
2023-10-24,66.7,66.7,65.55,66.41,1615528,1105.9,24590.0,83.73999786376953,1975.0,4247.68017578125
2023-10-25,66.27,66.92,65.62,65.62,1840166,1101.66,24550.0,85.38999938964844,1984.0999755859375,4186.77001953125
2023-10-26,63.74,64.9,62.08,62.66,5919549,1055.45,24560.0,83.20999908447266,1987.199951171875,4137.22998046875
2023-10-27,63.17,63.53,62.3,62.8,2039441,1060.62,24604.0,85.54000091552734,1988.5999755859375,4117.3701171875
2023-10-30,62.8,62.88,61.36,61.36,1873591,1042.4,24570.0,82.30999755859375,1996.199951171875,4166.81982421875
2023-10-31,61.43,61.58,59.92,59.92,3095467,1028.19,24558.0,81.0199966430664,1985.199951171875,4193.7998046875
2023-11-01,60.86,61.65,59.63,61.65,2178980,1039.66,24560.0,80.44000244140625,1978.800048828125,4237.85986328125
2023-11-02,62.37,64.25,62.01,64.25,2207208,1075.47,24585.0,82.45999908447266,1985.5999755859375,4317.77978515625
2023-11-03,64.25,64.39,62.8,62.8,4845587,1076.78,24570.0,80.51000213623047,1991.5,4358.33984375
2023-11-06,63.67,64.18,63.38,63.89,1212457,1089.66,24520.0,80.81999969482422,1981.5999755859375,4365.97998046875
2023-11-07,63.89,64.1,63.45,63.74,1343408,1080.29,24335.0,77.37000274658203,1966.800048828125,4378.3798828125
2023-11-08,63.67,66.85,63.53,66.85,2947501,1113.43,24310.0,75.33000183105469,1951.5,4382.77978515625
2023-11-09,66.41,67.35,66.27,66.78,2114138,1113.89,24370.0,75.73999786376953,1964.199951171875,4347.35009765625
2023-11-10,66.05,66.92,65.91,66.05,2409873,1101.68,24340.0,77.16999816894531,1932.5999755859375,4415.240234375
2023-11-13,66.13,66.41,65.33,65.98,1534993,1100.07,24315.0,78.26000213623047,1945.5,4411.5498046875
2023-11-14,66.41,67.43,65.91,66.85,2000413,1109.73,24381.0,78.26000213623047,1961.800048828125,4495.7001953125
2023-11-15,67.64,67.71,66.41,66.7,2420392,1122.5,24376.0,76.66000366210938,1960.0999755859375,4502.8798828125
2023-11-16,66.56,67.14,66.13,67.14,1908811,1125.53,24286.0,72.9000015258789,1983.9000244140625,4508.240234375
2023-11-17,67.43,67.5,65.4,65.69,3572003,1101.19,24288.0,75.88999938964844,1981.5999755859375,4514.02001953125
2023-11-20,65.04,66.85,64.32,65.48,1659285,1103.66,24250.0,77.5999984741211,1977.699951171875,4547.3798828125
2023-11-21,66.41,66.41,65.48,66.34,1462987,1110.46,24170.0,77.7699966430664,1999.300048828125,4538.18994140625
2023-11-22,66.34,67.21,66.34,67.14,3274558,1113.82,24130.0,77.0999984741211,1991.4000244140625,4556.6201171875
2023-11-23,67.35,67.64,65.55,65.55,2168399,1088.49,24205.0,77.0999984741211,1991.4000244140625,4556.6201171875
2023-11-24,65.55,66.41,65.11,65.84,2251338,1095.61,24240.0,75.54000091552734,2002.199951171875,4559.33984375
2023-11-27,65.98,65.98,65.04,65.48,1661825,1088.06,24260.0,74.86000061035156,2011.800048828125,4550.43017578125
2023-11-28,65.55,66.34,64.9,65.76,1092670,1095.43,24230.0,76.41000366210938,2039.699951171875,4554.89013671875
2023-11-29,66.13,66.41,65.76,66.2,804163,1102.8,24240.0,77.86000061035156,2047.0999755859375,4550.580078125
2023-11-30,65.98,67.64,65.91,66.34,1984701,1094.13,24260.0,75.95999908447266,2038.0999755859375,4567.7998046875
2023-12-01,66.56,67.06,65.91,66.7,1192386,1102.16,24250.0,74.06999969482422,2071.0,4594.6298828125
2023-12-04,66.85,67.86,66.85,67.57,3466947,1120.49,24270.0,73.04000091552734,2024.0999755859375,4569.77978515625
2023-12-05,67.71,69.16,67.64,68.44,3596254,1115.97,24250.0,72.31999969482422,2018.5,4567.18017578125
2023-12-06,68.58,68.87,67.93,68.58,1223469,1126.43,24266.0,69.37999725341797,2030.5,4549.33984375
2023-12-07,68.65,68.8,66.99,68.07,3765052,1121.49,24274.0,69.33999633789062,2029.9000244140625,4585.58984375
2023-12-08,68.07,68.65,67.5,68.0,1747729,1124.44,24275.0,71.2300033569336,1998.300048828125,4604.3701171875
2023-12-11,68.94,69.09,68.29,68.58,1567612,1125.5,24220.0,71.31999969482422,1978.0,4622.43994140625
2023-12-12,68.87,69.88,68.8,69.88,4090519,1127.63,24250.0,68.61000061035156,1977.800048828125,4643.7001953125
2023-12-13,70.31,70.31,68.72,68.72,2152046,1114.2,24260.0,69.47000122070312,1982.300048828125,4707.08984375
2023-12-14,69.16,69.59,68.72,69.45,1715423,1110.13,24279.0,71.58000183105469,2030.199951171875,4719.5498046875
2023-12-15,69.45,69.52,68.58,69.45,1477484,1102.3,24245.0,71.43000030517578,2021.0999755859375,4719.18994140625
2023-12-18,69.23,69.45,67.64,67.86,2269177,1091.88,24260.0,72.47000122070312,2026.300048828125,4740.56005859375
2023-12-19,67.79,68.29,67.57,68.29,1253010,1096.3,24350.0,73.44000244140625,2038.4000244140625,4768.3701171875
2023-12-20,68.07,68.58,67.93,68.36,1351472,1100.76,24350.0,74.22000122070312,2034.5,4698.35009765625
2023-12-21,68.29,68.65,67.86,68.65,1758872,1102.43,24335.0,73.88999938964844,2039.0999755859375,4746.75
2023-12-22,68.58,68.65,68.15,68.29,1276887,1103.06,24320.0,73.55999755859375,2057.10009765625,4754.6298828125
2023-12-25,68.51,69.45,68.44,69.3,2019931,1117.66,24235.0,73.55999755859375,2057.10009765625,4754.6298828125
2023-12-26,69.66,71.18,69.59,70.17,3364283,1122.25,24230.0,75.56999969482422,2058.199951171875,4774.75
2023-12-27,70.31,70.6,69.95,69.95,1359748,1121.99,24325.0,74.11000061035156,2081.89990234375,4781.580078125
2023-12-28,70.02,70.02,69.52,69.74,1199164,1128.93,24345.0,71.7699966430664,2073.89990234375,4783.35009765625
2023-12-29,69.74,70.02,69.37,69.37,1869204,1129.93,24235.0,71.6500015258789,2062.39990234375,4769.830078125
2024-01-02,69.95,69.95,69.09,69.23,1717109,1131.72,24260.0,70.37999725341797,2064.39990234375,4742.830078125
2024-01-03,69.01,69.66,68.87,69.52,1439581,1144.17,24325.0,72.69999694824219,2034.199951171875,4704.81005859375
2024-01-04,69.52,71.03,69.45,70.17,2978466,1150.72,24370.0,72.19000244140625,2042.300048828125,4688.68017578125
2024-01-05,70.24,70.38,69.66,70.31,1140908,1154.68,24360.0,73.80999755859375,2042.4000244140625,4697.240234375
2024-01-08,70.31,70.96,70.1,70.24,1446808,1160.19,24370.0,70.7699966430664,2026.5999755859375,4763.5400390625
2024-01-09,70.24,70.24,69.74,69.74,1213774,1158.59,24330.0,72.23999786376953,2026.4000244140625,4756.5
2024-01-10,69.81,69.95,68.22,68.36,3309732,1161.54,24360.0,71.37000274658203,2021.699951171875,4783.4501953125
2024-01-11,68.36,68.87,68.36,68.58,1373914,1162.22,24405.0,72.0199966430664,2014.300048828125,4780.240234375
2024-01-12,68.44,69.01,67.93,68.36,2602405,1154.7,24475.0,72.68000030517578,2046.699951171875,4783.830078125
2024-01-15,68.58,69.23,68.51,68.87,1315058,1154.12,24490.0,72.68000030517578,2046.699951171875,4783.830078125
2024-01-16,68.36,69.09,68.36,69.09,811904,1163.12,24470.0,72.4000015258789,2026.0,4765.97998046875
2024-01-17,69.01,69.3,68.58,69.09,1416305,1162.53,24500.0,72.55999755859375,2002.5999755859375,4739.2099609375
2024-01-18,69.09,69.3,68.72,69.01,1139263,1169.06,24500.0,74.08000183105469,2018.5999755859375,4780.93994140625
2024-01-19,69.3,69.95,69.09,69.52,1495663,1181.5,24545.0,73.41000366210938,2026.5,4839.81005859375
2024-01-22,69.88,69.88,69.16,69.59,1110387,1182.86,24540.0,75.19000244140625,2019.800048828125,4850.43017578125
2024-01-23,69.37,69.59,68.87,69.01,1482899,1177.5,24550.0,74.37000274658203,2023.699951171875,4864.60009765625
2024-01-24,69.16,69.16,68.51,68.58,1725114,1172.97,24565.0,75.08999633789062,2013.9000244140625,4868.5498046875
2024-01-25,68.65,69.09,68.44,68.65,847088,1170.37,24600.0,77.36000061035156,2016.9000244140625,4894.16015625
2024-01-26,68.94,69.45,68.8,69.23,927816,1175.67,24605.0,78.01000213623047,2016.800048828125,4890.97021484375
2024-01-29,69.23,69.37,68.8,69.23,1062382,1175.69,24595.0,76.77999877929688,2025.199951171875,4927.93017578125
2024-01-30,69.23,69.23,68.87,69.01,950876,1179.65,24530.0,77.81999969482422,2031.5,4924.97021484375
2024-01-31,69.01,69.3,68.94,69.09,1383416,1164.31,24395.0,75.8499984741211,2048.39990234375,4845.64990234375
2024-02-01,69.23,72.12,69.09,72.12,7803177,1173.02,24415.0,73.81999969482422,2053.0,4906.18994140625
2024-02-02,72.33,73.78,72.26,73.63,2885879,1172.55,24400.0,72.27999877929688,2036.0999755859375,4958.60986328125
2024-02-05,73.63,75.15,73.56,74.72,2701349,1186.06,24335.0,72.77999877929688,2025.699951171875,4942.81005859375
2024-02-06,74.79,75.8,74.28,75.15,1890491,1188.48,24370.0,73.30999755859375,2034.5,4954.22998046875
2024-02-07,75.58,75.8,75.0,75.73,2130668,1198.53,24355.0,73.86000061035156,2035.199951171875,4995.06005859375
2024-02-15,75.94,76.16,74.93,75.08,2254547,1202.5,24400.0,78.02999877929688,2002.0999755859375,5029.72998046875
2024-02-16,75.08,75.87,74.93,75.87,2070089,1209.7,24450.0,79.19000244140625,2011.5,5005.56982421875
2024-02-19,76.16,77.24,75.8,75.8,2037643,1224.97,24510.0,79.19000244140625,2011.5,5005.56982421875
2024-02-20,75.94,75.94,75.08,75.29,1848111,1230.06,24530.0,78.18000030517578,2027.5,4975.509765625
2024-02-21,75.08,77.17,74.72,76.45,3141692,1230.04,24525.0,77.91000366210938,2022.300048828125,4981.7998046875
2024-02-22,76.45,76.52,75.51,75.51,1722092,1227.31,24525.0,78.61000061035156,2019.699951171875,5087.02978515625
2024-02-23,76.16,77.03,74.57,75.0,4108378,1212.0,24590.0,76.48999786376953,2038.5999755859375,5088.7998046875
2024-02-26,75.0,77.96,74.72,77.96,4472548,1224.17,24630.0,77.58000183105469,2028.5,5069.52978515625
2024-02-27,78.33,79.05,77.53,77.89,2807162,1237.46,24660.0,78.87000274658203,2034.0,5078.18017578125
2024-02-28,77.96,78.33,76.74,78.33,3466729,1254.55,24625.0,78.54000091552734,2033.0,5069.759765625
2024-02-29,78.11,78.98,77.75,78.69,2829302,1252.73,24620.0,78.26000213623047,2045.699951171875,5096.27001953125
2024-03-01,78.83,80.42,78.76,79.99,4028406,1258.28,24640.0,79.97000122070312,2086.89990234375,5137.080078125
2024-03-04,80.13,80.71,79.99,80.42,3092985,1261.41,24640.0,78.73999786376953,2117.699951171875,5130.9501953125
2024-03-05,80.42,80.42,79.34,79.91,3390992,1269.98,24676.0,78.1500015258789,2133.5,5078.64990234375
2024-03-06,79.41,79.7,78.25,78.76,3710122,1262.73,24690.0,79.12999725341797,2150.300048828125,5104.759765625
2024-03-07,78.76,82.22,78.11,80.35,4044840,1268.46,24665.0,78.93000030517578,2158.0,5157.35986328125
2024-03-08,80.35,81.29,79.05,79.41,3122548,1247.35,24680.0,78.01000213623047,2178.60009765625,5123.68994140625
2024-03-11,79.41,81.94,79.41,79.41,3389872,1235.49,24640.0,77.93000030517578,2182.5,5117.93994140625
2024-03-12,79.41,81.94,79.41,80.78,2912964,1245.0,24635.0,77.55999755859375,2160.39990234375,5175.27001953125
2024-03-13,81.43,84.46,80.85,84.46,5125138,1270.51,24645.0,79.72000122070312,2175.39990234375,5165.31005859375
2024-03-14,85.54,85.54,83.52,84.46,3472473,1264.26,24675.0,81.26000213623047,2163.0,5150.47998046875
2024-03-15,84.32,84.32,82.66,83.74,3846741,1263.78,24690.0,81.04000091552734,2157.300048828125,5117.08984375
2024-03-18,83.6,83.6,80.2,81.57,5898676,1243.56,24720.0,82.72000122070312,2160.699951171875,5149.419921875
2024-03-19,81.57,81.57,80.2,80.85,3324749,1242.46,24715.0,83.47000122070312,2156.300048828125,5178.509765625
2024-03-20,81.07,83.02,80.2,82.66,3483551,1260.08,24740.0,81.68000030517578,2157.89990234375,5224.6201171875
2024-03-21,83.16,83.88,82.73,83.88,3762372,1276.42,24775.0,81.06999969482422,2182.39990234375,5241.52978515625
2024-03-22,83.96,83.96,82.66,82.95,2420313,1281.8,24785.0,80.62999725341797,2158.10009765625,5234.18017578125
2024-03-25,82.37,83.09,82.15,82.3,2799669,1267.86,24768.0,81.94999694824219,2174.800048828125,5218.18994140625
2024-03-26,82.3,83.38,82.01,83.02,1696761,1282.21,24740.0,81.62000274658203,2175.60009765625,5203.580078125
2024-03-27,82.8,83.23,82.37,83.16,1323812,1283.09,24770.0,81.3499984741211,2190.60009765625,5248.490234375
2024-03-28,83.67,84.75,83.23,84.53,2808951,1290.18,24785.0,83.16999816894531,2217.39990234375,5254.35009765625
2024-03-29,84.03,84.61,83.74,84.1,1346605,1284.09,24790.0,83.16999816894531,2217.39990234375,5254.35009765625
2024-04-01,83.74,84.89,83.16,84.32,1980689,1281.52,24810.0,83.70999908447266,2236.5,5243.77001953125
2024-04-02,83.31,84.46,83.31,84.46,2289100,1287.04,24795.0,85.1500015258789,2261.0,5205.81005859375
2024-04-03,83.81,84.46,83.09,83.09,2555654,1271.47,24900.0,85.43000030517578,2294.39990234375,5211.490234375
2024-04-04,83.02,83.6,82.3,82.3,2369065,1268.25,25000.0,86.58999633789062,2288.800048828125,5147.2099609375
2024-04-05,81.65,82.8,81.29,82.08,2764447,1255.11,24935.0,86.91000366210938,2325.699951171875,5204.33984375
2024-04-08,82.08,82.08,81.29,81.29,1957677,1250.35,24950.0,86.43000030517578,2331.699951171875,5202.39013671875
2024-04-09,81.29,81.72,81.21,81.57,1437679,1262.82,24960.0,85.2300033569336,2343.5,5209.91015625
2024-04-10,81.94,83.45,81.79,82.15,1795600,1258.56,24945.0,86.20999908447266,2329.60009765625,5160.64013671875
2024-04-11,81.94,83.31,81.79,82.95,1553032,1258.2,24935.0,85.0199966430664,2354.800048828125,5199.06005859375
2024-04-12,83.67,83.67,82.51,83.38,1371708,1276.6,24980.0,85.66000366210938,2356.199951171875,5123.41015625
2024-04-15,83.38,83.45,80.49,80.56,3709209,1216.61,25000.0,85.41000366210938,2365.800048828125,5061.81982421875
2024-04-16,80.85,81.72,80.49,81.57,3651849,1215.68,25180.0,85.36000061035156,2390.800048828125,5051.41015625
2024-04-17,81.65,81.65,80.56,80.71,1949454,1193.01,25280.0,82.69000244140625,2371.699951171875,5022.2099609375
2024-04-19,79.77,80.27,78.69,78.69,5373515,1174.85,25400.0,83.13999938964844,2398.39990234375,4967.22998046875
2024-04-22,79.41,80.42,78.61,79.63,2403688,1190.22,25440.0,82.8499984741211,2332.199951171875,5010.60009765625
2024-04-23,80.06,81.79,79.34,81.07,4041971,1177.4,25455.0,83.36000061035156,2327.699951171875,5070.5498046875
2024-04-24,82.01,86.7,81.72,86.7,10179208,1205.61,25440.0,82.80999755859375,2324.5,5071.6298828125
2024-04-25,88.43,92.4,88.0,88.94,5718864,1204.97,25405.0,83.56999969482422,2329.800048828125,5048.419921875
2024-04-26,88.79,90.53,88.22,88.94,3402188,1209.52,25350.0,83.8499984741211,2334.800048828125,5099.9599609375
2024-05-02,89.37,93.12,89.15,91.9,3477702,1216.36,25330.0,78.94999694824219,2299.199951171875,5064.2001953125
2024-05-03,92.47,92.69,90.67,90.89,3199400,1221.03,25390.0,78.11000061035156,2299.0,5127.7900390625
2024-05-06,91.32,92.11,89.88,92.11,2710850,1241.58,25400.0,78.4800033569336,2321.60009765625,5180.740234375
2024-05-07,92.4,95.0,91.83,94.78,3130425,1248.63,25370.0,78.37999725341797,2315.199951171875,5187.7001953125
2024-05-08,93.92,94.57,93.34,94.57,3024432,1250.46,25400.0,78.98999786376953,2313.60009765625,5187.669921875
2024-05-09,94.28,95.87,93.85,94.06,2208946,1248.64,25425.0,79.26000213623047,2332.10009765625,5214.080078125
2024-05-10,94.78,95.43,93.27,94.57,3797696,1244.7,25440.0,78.26000213623047,2367.300048828125,5222.68017578125
2024-05-13,94.78,94.93,92.98,93.63,1857811,1240.18,25450.0,79.12000274658203,2336.10009765625,5221.419921875
2024-05-14,93.85,95.07,93.56,94.21,2309312,1243.28,25453.0,78.0199966430664,2353.39990234375,5246.68017578125
2024-05-15,94.93,97.09,94.78,96.81,3659473,1254.39,25450.0,78.62999725341797,2388.699951171875,5308.14990234375
2024-05-16,97.89,99.12,96.88,97.74,3128143,1268.78,25445.0,79.2300033569336,2380.0,5297.10009765625
2024-05-17,97.74,98.18,96.52,97.09,2314616,1273.11,25431.0,80.05999755859375,2412.199951171875,5303.27001953125
2024-05-20,97.6,98.25,96.01,96.01,2020789,1277.58,25448.0,79.80000305175781,2433.89990234375,5308.1298828125
2024-05-21,96.73,98.18,96.37,98.18,3478265,1277.14,25452.0,79.26000213623047,2421.699951171875,5321.41015625
2024-05-22,99.55,100.85,98.25,99.62,4522916,1266.91,25461.0,77.56999969482422,2389.199951171875,5307.009765625
2024-05-23,99.26,99.48,97.46,99.26,3630410,1281.03,25464.0,76.87000274658203,2335.0,5267.83984375
2024-05-24,99.62,99.62,94.28,95.22,13398023,1261.93,25469.0,77.72000122070312,2332.5,5304.72021484375
2024-05-27,96.01,96.37,94.28,95.87,5172903,1267.68,25465.0,77.72000122070312,2332.5,5304.72021484375
2024-05-28,96.73,98.9,96.08,98.9,4632228,1281.73,25445.0,79.83000183105469,2355.199951171875,5306.0400390625
2024-05-29,98.97,99.77,97.31,97.96,5844515,1272.64,25448.0,79.2300033569336,2340.300048828125,5266.9501953125
2024-05-30,96.59,97.46,95.22,97.46,7273584,1266.32,25450.0,77.91000366210938,2342.89990234375,5235.47998046875
2024-05-31,97.46,98.76,96.59,97.17,2639516,1261.72,25450.0,76.98999786376953,2322.89990234375,5277.509765625
2024-06-03,97.46,99.33,97.24,98.83,7782256,1280.0,25440.0,74.22000122070312,2346.60009765625,5283.39990234375
2024-06-04,100.34,100.56,99.48,100.42,7019713,1283.52,25432.0,73.25,2325.5,5291.33984375
2024-06-05,101.07,104.6,100.85,101.14,6336780,1284.35,25410.0,74.06999969482422,2354.10009765625,5354.02978515625
2024-06-06,101.28,102.29,100.2,100.78,5222139,1283.56,25415.0,75.55000305175781,2370.300048828125,5352.9599609375
2024-06-07,101.79,102.51,101.43,102.51,3762372,1287.58,25420.0,75.52999877929688,2305.199951171875,5346.990234375
2024-06-10,103.59,104.67,103.23,103.95,3785656,1290.67,25400.0,77.73999786376953,2307.699951171875,5360.7900390625
2024-06-11,104.17,105.76,103.3,105.76,6340276,1284.41,25415.0,77.9000015258789,2307.5,5375.31982421875
2024-06-12,106.91,110.93,106.83,110.34,11246768,1300.19,25435.0,78.5,2336.0,5421.02978515625
2024-06-13,111.76,111.85,108.67,108.67,8167546,1301.51,25435.0,78.62000274658203,2300.199951171875,5433.740234375
2024-06-14,108.75,110.84,107.83,109.5,6425220,1279.91,25435.0,78.44999694824219,2331.39990234375,5431.60009765625
2024-06-17,109.5,109.84,107.42,107.67,4890848,1274.77,25450.0,80.33000183105469,2312.39990234375,5473.22998046875
2024-06-18,107.67,108.42,107.0,107.0,6694763,1279.5,25425.0,81.56999969482422,2330.39990234375,5487.02978515625
2024-06-19,107.0,111.01,105.83,109.92,9684926,1279.79,25445.0,81.56999969482422,2330.39990234375,5487.02978515625
2024-06-20,111.18,113.43,110.17,111.43,10482529,1282.3,25450.0,82.16999816894531,2353.800048828125,5473.169921875
2024-06-21,111.93,113.77,111.43,113.77,7663338,1282.02,25450.0,80.7300033569336,2316.39990234375,5464.6201171875
2024-06-24,112.85,113.27,110.34,110.42,13202385,1254.12,25425.0,81.62999725341797,2330.0,5447.8701171875
2024-06-25,109.5,109.59,107.5,108.67,13723703,1256.56,25455.0,80.83000183105469,2316.60009765625,5469.2998046875
2024-06-26,109.5,110.17,108.17,110.17,7158131,1261.24,25455.0,80.9000015258789,2299.199951171875,5477.89990234375
2024-06-27,109.76,112.1,109.34,111.01,6409612,1259.09,25465.0,81.73999786376953,2324.5,5482.8701171875
2024-06-28,111.01,111.01,109.0,109.09,6641381,1245.32,25455.0,81.54000091552734,2327.699951171875,5460.47998046875
2024-07-01,109.0,109.0,107.42,107.5,6386361,1254.56,25445.0,83.37999725341797,2327.60009765625,5475.08984375
2024-07-02,107.5,110.42,106.58,107.0,6735345,1269.79,25450.0,82.80999755859375,2323.0,5509.009765625
2024-07-03,109.09,111.01,108.75,109.5,7642345,1276.85,25450.0,83.87999725341797,2359.800048828125,5537.02001953125
2024-07-04,110.42,113.52,110.42,113.52,8129152,1279.89,25450.0,83.87999725341797,2359.800048828125,5537.02001953125
2024-07-05,113.77,116.78,113.77,115.94,7807749,1283.04,25450.0,83.16000366210938,2388.5,5567.18994140625
2024-07-08,115.77,116.69,114.94,116.69,5876745,1283.56,25412.0,82.33000183105469,2355.199951171875,5572.85009765625
2024-07-09,116.28,116.44,113.68,114.94,9689262,1293.71,25415.0,81.41000366210938,2360.10009765625,5576.97998046875
2024-07-10,113.68,114.52,112.01,112.01,6309470,1285.94,25413.0,82.0999984741211,2372.199951171875,5633.91015625
2024-07-11,112.1,113.18,110.76,111.18,6857179,1283.8,25415.0,82.62000274658203,2415.0,5584.5400390625
2024-07-12,110.51,113.68,110.51,111.85,3562395,1280.75,25420.0,82.20999908447266,2414.0,5615.35009765625
2024-07-15,111.59,112.68,110.59,110.93,3074934,1279.82,25410.0,81.91000366210938,2422.89990234375,5631.22021484375
2024-07-16,111.68,112.43,110.59,112.01,4007693,1281.18,25360.0,80.76000213623047,2462.39990234375,5667.2001953125
2024-07-17,112.01,112.1,108.59,110.26,6980219,1268.66,25375.0,82.8499984741211,2454.800048828125,5588.27001953125
2024-07-18,109.84,109.84,106.83,106.91,10828773,1274.44,25315.0,82.81999969482422,2451.800048828125,5544.58984375
2024-07-19,107.5,108.08,105.33,105.33,6581002,1264.78,25310.0,80.12999725341797,2395.5,5505.0
2024-07-22,105.33,105.33,102.98,103.74,6242427,1254.64,25300.0,79.77999877929688,2392.0,5564.41015625
2024-07-23,104.41,106.58,104.32,104.91,5323805,1231.81,25325.0,76.95999908447266,2404.60009765625,5555.740234375
2024-07-24,104.91,105.83,103.65,105.33,4160841,1238.47,25345.0,77.58999633789062,2413.300048828125,5427.1298828125
2024-07-25,103.82,104.91,103.74,104.49,2569074,1233.19,25350.0,78.27999877929688,2351.89990234375,5399.22021484375
2024-07-26,105.24,107.0,103.99,107.0,3959362,1242.11,25285.0,77.16000366210938,2380.0,5459.10009765625
2024-07-29,108.67,109.17,107.83,107.83,4867859,1246.6,25300.0,75.80999755859375,2377.300048828125,5463.5400390625
2024-07-30,107.83,108.25,106.16,107.0,2383126,1245.06,25275.0,74.7300033569336,2405.0,5436.43994140625
2024-07-31,106.41,107.5,105.83,107.5,2875191,1251.51,25275.0,77.91000366210938,2426.5,5522.2998046875
2024-08-01,108.33,108.42,103.74,104.32,6904015,1226.96,25235.0,76.30999755859375,2435.0,5446.68017578125
2024-08-02,102.07,104.32,101.15,102.98,9975015,1236.6,25215.0,73.5199966430664,2425.699951171875,5346.56005859375
2024-08-05,101.23,102.73,98.14,99.14,10450171,1188.07,25205.0,72.94000244140625,2401.699951171875,5186.330078125
2024-08-06,100.31,101.9,100.14,100.98,6748144,1210.28,25080.0,73.19999694824219,2389.10009765625,5240.02978515625
2024-08-07,101.15,101.98,100.48,101.98,2832328,1215.88,25130.0,75.2300033569336,2390.5,5199.5
2024-08-08,101.65,102.32,101.06,101.48,2663832,1208.32,25155.0,76.19000244140625,2422.199951171875,5319.31005859375
2024-08-09,102.32,106.08,101.98,106.08,5511755,1223.64,25135.0,76.83999633789062,2432.10009765625,5344.16015625
2024-08-12,106.08,108.84,105.49,108.67,6204408,1230.28,25090.0,80.05999755859375,2462.39990234375,5344.39013671875
2024-08-13,108.42,108.84,107.0,108.42,4110939,1230.42,25120.0,78.3499984741211,2466.699951171875,5434.43017578125
2024-08-14,109.25,109.92,108.25,108.25,2869469,1230.36,25115.0,76.9800033569336,2439.39990234375,5455.2099609375
2024-08-15,107.92,108.25,107.16,107.58,2266445,1223.56,25020.0,78.16000366210938,2453.10009765625,5543.22021484375
2024-08-16,107.92,109.5,107.92,109.17,5109223,1252.23,25035.0,76.6500015258789,2498.60009765625,5554.25
2024-08-19,109.59,109.84,108.67,109.09,2508560,1261.62,25050.0,74.37000274658203,2501.800048828125,5608.25
2024-08-20,109.25,110.76,109.25,109.92,3753490,1272.55,24960.0,74.04000091552734,2511.300048828125,5597.1201171875
2024-08-21,109.17,111.85,109.17,111.59,6137230,1284.05,24915.0,71.93000030517578,2508.39990234375,5620.85009765625
2024-08-22,112.01,112.43,111.59,111.85,3032995,1282.78,24930.0,73.01000213623047,2478.89990234375,5570.64013671875
2024-08-23,111.76,111.76,110.68,111.26,3064441,1285.32,24960.0,74.83000183105469,2508.39990234375,5634.60986328125
2024-08-26,111.43,111.59,109.92,109.92,2598875,1280.02,24965.0,77.41999816894531,2517.699951171875,5616.83984375
2024-08-27,109.92,110.84,109.0,110.76,2346895,1280.56,24860.0,75.52999877929688,2516.0,5625.7998046875
2024-08-28,111.18,112.43,111.09,111.43,2721387,1281.44,24820.0,74.5199966430664,2501.0,5592.18017578125
2024-08-29,111.01,111.85,110.51,111.76,2098979,1281.47,24855.0,75.91000366210938,2525.699951171875,5591.9599609375
2024-08-30,111.59,112.76,111.18,112.68,3327420,1283.87,24870.0,73.55000305175781,2493.800048828125,5648.39990234375
2024-09-04,111.18,111.18,109.92,111.18,4547807,1275.8,24860.0,69.19999694824219,2493.39990234375,5520.06982421875
2024-09-05,111.18,111.18,108.42,109.17,8071651,1268.21,24852.0,69.1500015258789,2511.39990234375,5503.41015625
2024-09-06,109.09,111.09,108.92,110.42,3829410,1273.96,24730.0,67.66999816894531,2493.5,5408.419921875
2024-09-09,109.34,110.26,108.75,109.76,2891093,1267.73,24600.0,68.70999908447266,2501.800048828125,5471.0498046875
2024-09-10,109.5,109.5,108.33,108.67,4203583,1255.23,24680.0,65.75,2512.300048828125,5495.52001953125
2024-09-11,108.67,109.76,108.5,109.17,3196732,1253.27,24660.0,67.30999755859375,2512.10009765625,5554.1298828125
2024-09-12,109.5,110.76,109.5,110.59,4124400,1256.35,24550.0,68.97000122070312,2551.199951171875,5595.759765625
2024-09-13,110.51,111.51,110.34,111.18,3191984,1251.71,24575.0,68.6500015258789,2581.300048828125,5626.02001953125
2024-09-16,110.17,111.18,109.59,109.59,1921844,1239.26,24530.0,70.08999633789062,2580.39990234375,5633.08984375
2024-09-17,109.67,111.09,109.67,111.09,2656869,1258.95,24530.0,71.19000244140625,2564.300048828125,5634.580078125
2024-09-18,111.51,113.02,111.09,112.51,5390349,1264.9,24620.0,70.91000366210938,2570.699951171875,5618.259765625
2024-09-19,112.85,113.52,112.26,113.02,5162767,1271.27,24600.0,71.94999694824219,2588.0,5713.64013671875
2024-09-20,113.94,114.52,112.85,113.1,3728818,1272.04,24565.0,71.91999816894531,2619.89990234375,5702.5498046875
2024-09-23,113.6,113.6,111.51,112.01,2449563,1268.48,24590.0,70.37000274658203,2626.5,5718.56982421875
2024-09-24,112.01,112.6,111.76,112.43,2017214,1276.99,24615.0,71.55999755859375,2651.199951171875,5732.93017578125
2024-09-25,112.26,112.68,111.68,112.68,4486319,1287.48,24590.0,69.69000244140625,2659.199951171875,5722.259765625
2024-09-26,112.85,112.85,111.93,112.26,2821536,1291.49,24580.0,67.66999816894531,2669.89990234375,5745.3701171875
2024-09-27,112.26,112.35,111.59,112.18,3358474,1290.92,24615.0,68.18000030517578,2644.300048828125,5738.169921875
2024-09-30,112.18,112.43,111.18,112.43,3037449,1287.94,24590.0,68.16999816894531,2636.10009765625,5762.47998046875
2024-10-01,112.6,113.85,112.6,113.6,4732079,1292.2,24555.0,69.83000183105469,2667.300048828125,5708.75
2024-10-02,112.51,113.6,112.51,113.18,1725815,1287.84,24595.0,70.0999984741211,2647.10009765625,5709.5400390625
2024-10-03,113.18,113.77,112.01,112.01,2306560,1278.1,24652.0,73.70999908447266,2657.10009765625,5699.93994140625
2024-10-04,112.26,112.68,111.59,112.1,1473158,1270.6,24745.0,74.37999725341797,2645.800048828125,5751.06982421875
2024-10-07,112.18,112.76,111.68,112.1,1336595,1269.93,24755.0,77.13999938964844,2644.800048828125,5695.93994140625
2024-10-08,112.1,112.93,111.68,111.85,2114750,1271.98,24840.0,73.56999969482422,2615.0,5751.1298828125
2024-10-09,112.26,113.52,112.26,113.18,2626409,1281.85,24835.0,73.23999786376953,2606.0,5792.0400390625
2024-10-10,113.52,118.7,113.52,118.45,9980507,1286.36,24830.0,75.8499984741211,2620.60009765625,5780.0498046875
2024-10-11,118.7,119.37,116.69,116.69,3824418,1288.39,24830.0,75.55999755859375,2657.60009765625,5815.02978515625
2024-10-14,117.95,118.11,114.6,115.02,5616349,1286.34,24800.0,73.83000183105469,2647.800048828125,5859.85009765625
2024-10-15,115.02,115.86,114.19,114.52,2869640,1281.08,24840.0,70.58000183105469,2661.39990234375,5815.259765625
2024-10-16,114.02,114.6,113.68,113.94,2762322,1279.48,24925.0,70.38999938964844,2674.0,5842.47021484375
2024-10-17,114.1,114.6,113.27,114.52,2584896,1286.52,24970.0,70.66999816894531,2691.0,5841.47021484375
2024-10-18,114.85,115.19,114.19,114.52,2175065,1285.46,25180.0,69.22000122070312,2713.699951171875,5864.669921875
2024-10-21,114.52,115.11,113.27,113.27,2688428,1279.77,25150.0,70.55999755859375,2723.10009765625,5853.97998046875
2024-10-22,113.43,113.43,111.18,111.26,6022016,1269.89,25285.0,72.08999633789062,2744.199951171875,5851.2001953125
2024-10-23,111.09,112.68,110.84,112.18,3019672,1270.9,25390.0,70.7699966430664,2714.39990234375,5797.419921875
2024-10-24,112.18,112.26,111.85,112.26,2281798,1257.41,25400.0,70.19000244140625,2734.89990234375,5809.85986328125
2024-10-25,112.26,112.51,111.68,112.01,1843711,1252.72,25385.0,71.77999877929688,2740.89990234375,5808.1201171875
2024-10-28,112.1,112.85,111.68,112.76,1509996,1254.77,25355.0,67.37999725341797,2742.89990234375,5823.52001953125
2024-10-29,113.18,113.27,112.68,113.18,2462885,1261.78,25345.0,67.20999908447266,2768.39990234375,5832.919921875
2024-10-30,113.18,113.6,113.02,113.6,1713550,1258.63,25295.0,68.61000061035156,2788.5,5813.669921875
2024-10-31,113.6,113.68,113.1,113.6,1244928,1264.48,25280.0,69.26000213623047,2738.300048828125,5705.4501953125
2024-11-01,112.85,112.85,111.68,112.51,2676189,1254.89,25270.0,69.48999786376953,2738.60009765625,5728.7998046875
2024-11-04,112.51,112.51,110.93,111.01,3188263,1244.71,25280.0,71.47000122070312,2736.10009765625,5712.68994140625
2024-11-05,111.18,112.01,110.59,110.84,1663185,1245.76,25310.0,71.98999786376953,2740.300048828125,5782.759765625
2024-11-06,111.26,112.51,111.18,112.51,1805646,1261.28,25330.0,71.69000244140625,2667.60009765625,5929.0400390625
2024-11-07,113.1,115.02,112.18,112.93,3579749,1259.75,25370.0,72.36000061035156,2698.39990234375,5973.10009765625
2024-11-08,113.77,114.35,112.93,113.52,2110766,1252.56,25350.0,70.37999725341797,2687.5,5995.5400390625
2024-11-11,114.1,116.61,113.68,115.61,5301235,1250.32,25260.0,68.04000091552734,2611.199951171875,6001.35009765625
2024-11-12,115.86,116.11,113.6,114.35,2921656,1244.82,25310.0,68.12000274658203,2600.0,5983.990234375
2024-11-13,114.27,115.44,113.77,115.19,3460835,1246.04,25340.0,68.43000030517578,2580.800048828125,5985.3798828125
2024-11-14,115.27,116.94,113.68,113.68,4743684,1231.89,25330.0,68.69999694824219,2568.199951171875,5949.169921875
2024-11-15,113.1,113.43,110.84,111.93,6574421,1218.57,25390.0,67.0199966430664,2565.699951171875,5870.6201171875
2024-11-18,112.01,112.51,110.76,112.01,3910975,1217.12,25380.0,69.16000366210938,2610.60009765625,5893.6201171875
2024-11-19,111.59,111.68,108.59,108.67,7652727,1205.15,25405.0,69.38999938964844,2627.10009765625,5916.97998046875
2024-11-20,108.67,110.68,105.91,110.68,8474055,1216.54,25395.0,68.87000274658203,2648.199951171875,5917.10986328125
2024-11-21,110.68,111.18,109.5,111.18,3183165,1228.33,25415.0,70.0999984741211,2672.10009765625,5948.7099609375
2024-11-22,111.09,112.35,110.76,111.93,2920914,1228.1,25415.0,71.23999786376953,2709.89990234375,5969.33984375
2024-11-25,112.01,112.01,111.34,111.93,1855059,1234.7,25417.0,68.94000244140625,2616.800048828125,5987.3701171875
2024-11-26,111.51,113.6,111.43,113.02,4182343,1242.13,25410.0,68.7699966430664,2620.300048828125,6021.6298828125
2024-11-27,113.02,116.78,113.02,116.11,9826373,1241.97,25405.0,68.72000122070312,2639.89990234375,5998.740234375
2024-11-28,116.53,117.03,115.61,116.53,4750858,1242.11,25375.0,68.72000122070312,2639.89990234375,5998.740234375
2024-11-29,116.53,121.54,116.19,120.62,11617080,1250.46,25358.0,68.0,2657.0,6032.3798828125
2024-12-02,121.46,122.89,119.19,119.69,6629554,1251.21,25344.0,68.0999984741211,2634.89990234375,6047.14990234375
2024-12-03,119.27,122.81,119.27,122.05,5115471,1249.83,25374.0,69.94000244140625,2644.699951171875,6049.8798828125
2024-12-04,122.05,123.14,120.2,120.79,5618586,1240.41,25395.0,68.54000091552734,2653.800048828125,6086.490234375
2024-12-05,121.21,125.0,120.87,125.0,4862983,1267.53,25400.0,68.30000305175781,2626.60009765625,6075.10986328125
2024-12-06,127.86,127.86,124.57,125.84,4554818,1270.14,25393.0,67.19999694824219,2638.60009765625,6090.27001953125
2024-12-09,125.58,125.84,122.98,123.73,4551406,1273.84,25375.0,68.37000274658203,2664.89990234375,6052.85009765625
2024-12-10,123.82,125.84,123.73,125.84,3603755,1272.07,25370.0,68.58999633789062,2697.60009765625,6034.91015625
2024-12-11,126.26,127.69,126.01,126.68,4828035,1268.86,25360.0,70.29000091552734,2733.800048828125,6084.18994140625
2024-12-12,127.86,127.86,125.58,126.43,4158310,1267.35,25380.0,70.0199966430664,2687.5,6051.25
2024-12-13,125.84,127.02,125.75,125.84,3387167,1262.57,25394.0,71.29000091552734,2656.0,6051.08984375
2024-12-16,125.92,126.76,125.84,126.17,3296592,1263.79,25400.0,70.70999908447266,2651.39990234375,6074.080078125
2024-12-17,126.34,126.68,124.32,124.57,5958677,1261.72,25385.0,70.08000183105469,2644.39990234375,6050.60986328125
2024-12-18,124.57,126.09,124.57,125.16,2927454,1266.0,25430.0,70.58000183105469,2636.5,5872.16015625
2024-12-19,123.99,125.42,123.9,124.66,4811922,1254.67,25445.0,69.91000366210938,2592.199951171875,5867.080078125
2024-12-20,125.0,126.76,124.83,125.84,3544255,1257.5,25450.0,69.45999908447266,2628.699951171875,5930.85009765625
2024-12-23,125.84,126.17,125.16,126.09,2520029,1262.76,25445.0,69.23999786376953,2612.300048828125,5974.06982421875
2024-12-24,126.26,126.93,125.75,126.6,2306686,1260.36,25440.0,70.0999984741211,2620.0,6040.0400390625
2024-12-25,126.76,127.27,126.6,126.93,2517969,1274.04,25425.0,70.0999984741211,2620.0,6040.0400390625
2024-12-26,127.1,127.44,125.5,126.09,2238343,1272.87,25420.0,69.62000274658203,2638.800048828125,6037.58984375
2024-12-27,125.84,126.17,125.16,125.92,2567003,1275.14,25425.0,70.5999984741211,2617.199951171875,5970.83984375
2024-12-30,125.75,126.93,125.0,126.68,1986819,1272.02,25445.0,70.98999786376953,2606.10009765625,5906.93994140625
2024-12-31,126.85,129.54,126.51,128.36,3612655,1266.78,25476.0,71.72000122070312,2629.199951171875,5881.6298828125
2025-01-02,128.36,128.53,126.34,127.94,3179535,1269.71,25480.0,73.12999725341797,2658.89990234375,5868.5498046875
2025-01-03,127.35,127.35,125.42,125.42,4342125,1254.59,25450.0,73.95999908447266,2645.0,5942.47021484375
2025-01-06,125.5,126.43,124.91,125.67,3472044,1246.35,25400.0,73.55999755859375,2638.39990234375,5975.3798828125
2025-01-07,125.84,127.35,125.84,126.34,3458671,1246.95,25370.0,74.25,2656.699951171875,5909.02978515625
2025-01-08,126.26,126.26,124.66,124.83,3886957,1251.02,25360.0,73.31999969482422,2664.5,5918.25
2025-01-09,124.83,125.58,124.57,125.25,1724571,1245.77,25370.0,73.91999816894531,2683.800048828125,5918.25
2025-01-10,125.25,125.5,123.9,123.99,2531304,1230.48,25375.0,76.56999969482422,2708.5,5827.0400390625
2025-01-13,122.98,125.0,121.8,124.24,3495883,1235.65,25360.0,78.81999969482422,2673.5,5836.22021484375
2025-01-14,124.24,124.57,122.13,122.13,2910614,1229.07,25390.0,77.5,2677.5,5842.91015625
2025-01-15,122.89,123.31,121.88,122.47,2849518,1236.18,25380.0,80.04000091552734,2712.5,5949.91015625
2025-01-16,123.06,123.73,122.22,123.31,3577267,1242.36,25375.0,78.68000030517578,2746.39990234375,5937.33984375
2025-01-17,123.4,126.34,122.89,125.42,3543613,1249.11,25370.0,77.87999725341797,2744.300048828125,5996.66015625
2025-01-20,125.42,126.6,124.74,126.26,2222776,1249.55,25300.0,77.87999725341797,2744.300048828125,5996.66015625
2025-01-21,126.68,127.44,125.42,126.17,2487666,1246.09,25315.0,75.88999938964844,2755.0,6049.240234375
2025-01-22,125.92,126.76,125.58,126.01,2791445,1242.53,25260.0,75.44000244140625,2767.60009765625,6086.3701171875
2025-01-23,126.34,131.31,126.26,129.88,7071025,1259.63,25050.0,74.62000274658203,2763.10009765625,6118.7099609375
2025-01-24,129.71,130.05,129.12,129.12,3663137,1265.05,25080.0,74.66000366210938,2777.300048828125,6101.240234375
2025-02-03,124.57,125.58,122.3,122.47,12782345,1253.03,25060.0,73.16000366210938,2833.89990234375,5994.56982421875
2025-02-04,122.89,123.73,122.3,123.06,5484258,1264.68,25280.0,72.69999694824219,2853.300048828125,6037.8798828125
2025-02-05,123.65,124.15,122.72,123.14,5215921,1269.61,25280.0,71.02999877929688,2871.60009765625,6061.47998046875
2025-02-06,123.73,123.99,122.55,123.31,3436430,1271.48,25145.0,70.61000061035156,2856.0,6083.56982421875
2025-02-07,123.31,123.48,122.72,122.98,3871195,1275.2,25260.0,71.0,2867.300048828125,6025.990234375
2025-02-10,122.47,122.47,119.52,119.52,7778331,1263.26,25290.0,72.31999969482422,2914.300048828125,6066.43994140625
2025-02-11,119.69,122.39,117.93,122.39,5374143,1268.45,25380.0,73.31999969482422,2912.5,6068.5
2025-02-12,122.55,122.64,121.46,122.05,1894041,1266.91,25530.0,71.37000274658203,2909.0,6051.97021484375
2025-02-13,122.05,122.05,120.11,120.45,2864744,1270.35,25550.0,71.29000091552734,2925.89990234375,6115.06982421875
2025-02-14,121.21,122.05,120.87,121.97,3258612,1276.08,25440.0,70.73999786376953,2883.60009765625,6114.6298828125
2025-02-17,122.05,122.05,120.7,120.87,2476462,1272.72,25370.0,70.73999786376953,2883.60009765625,6114.6298828125
2025-02-18,121.04,121.54,120.45,121.12,1670138,1278.14,25470.0,71.8499984741211,2931.60009765625,6129.580078125
2025-02-19,121.12,121.97,120.45,121.21,3035921,1288.56,25500.0,72.25,2919.39990234375,6144.14990234375
2025-02-20,121.38,121.71,120.37,120.37,3392942,1292.98,25515.0,72.56999969482422,2940.0,6117.52001953125
2025-02-21,120.2,120.28,119.1,119.52,5328132,1296.75,25500.0,70.4000015258789,2937.60009765625,6013.1298828125
2025-02-24,119.52,119.52,117.42,118.26,7522473,1304.56,25510.0,70.69999694824219,2947.89990234375,5983.25
2025-02-25,118.18,118.18,116.33,117.0,6832220,1303.16,25468.0,68.93000030517578,2904.5,5955.25
2025-02-26,117.08,119.36,116.92,119.36,3331505,1302.96,25520.0,68.62000274658203,2916.800048828125,5956.06005859375
2025-02-27,119.52,119.69,118.43,118.94,3433107,1307.8,25535.0,70.3499984741211,2883.199951171875,5861.56982421875
2025-02-28,117.93,118.77,117.0,118.09,4704828,1305.36,25520.0,69.76000213623047,2836.800048828125,5954.5
2025-03-03,118.26,119.02,118.09,118.26,2546980,1309.37,25530.0,68.37000274658203,2890.199951171875,5849.72021484375
2025-03-04,117.42,118.35,117.25,117.84,3480042,1311.91,25575.0,68.26000213623047,2909.60009765625,5778.14990234375
2025-03-05,117.84,117.93,117.08,117.08,2862185,1304.71,25540.0,66.30999755859375,2915.300048828125,5842.6298828125
2025-03-06,117.42,120.79,117.42,119.19,6428376,1318.22,25490.0,66.36000061035156,2916.60009765625,5738.52001953125
2025-03-07,119.27,120.11,118.77,119.02,2966941,1326.05,25485.0,67.04000091552734,2904.699951171875,5770.2001953125
2025-03-10,119.1,119.1,117.17,117.25,5343134,1330.28,25480.0,66.02999877929688,2891.0,5614.56005859375
2025-03-11,116.16,116.58,115.32,115.74,5801595,1332.54,25525.0,66.25,2912.89990234375,5572.06982421875
2025-03-12,115.91,116.75,114.39,114.39,6229823,1334.41,25450.0,67.68000030517578,2939.10009765625,5599.2998046875
2025-03-13,114.56,116.16,114.56,114.9,3630282,1326.27,25445.0,66.55000305175781,2984.300048828125,5521.52001953125
2025-03-14,114.14,114.73,110.1,110.6,16174178,1326.15,25490.0,67.18000030517578,2994.5,5638.93994140625
2025-03-17,110.77,111.19,109.09,109.42,6750806,1336.26,25500.0,67.58000183105469,3000.0,5675.1201171875
2025-03-18,109.51,111.28,109.42,109.42,5538119,1330.97,25510.0,66.9000015258789,3035.10009765625,5614.66015625
2025-03-19,109.51,109.93,103.95,104.88,18229064,1324.63,25510.0,67.16000366210938,3035.89990234375,5675.2900390625
2025-03-20,104.88,106.73,104.79,105.22,8231543,1323.93,25535.0,68.26000213623047,3040.0,5662.89013671875
2025-03-21,105.22,108.58,105.22,107.74,6450846,1321.88,25545.0,68.27999877929688,3018.199951171875,5667.56005859375
2025-03-24,108.16,108.83,107.15,108.58,5114180,1330.32,25585.0,69.11000061035156,3013.10009765625,5767.56982421875
2025-03-25,109.26,109.34,106.48,106.48,5662235,1331.92,25620.0,69.0,3023.699951171875,5776.64990234375
2025-03-26,106.48,106.48,103.28,103.53,9787345,1326.09,25600.0,69.6500015258789,3020.89990234375,5712.2001953125
2025-03-27,102.69,106.48,101.93,106.23,6486187,1323.81,25555.0,69.91999816894531,3060.199951171875,5693.31005859375
2025-03-28,106.14,106.39,104.37,104.37,2959445,1317.46,25560.0,69.36000061035156,3086.5,5580.93994140625
2025-03-31,103.87,103.87,101.85,101.85,5435725,1306.86,25550.0,71.4800033569336,3122.800048828125,5611.85009765625
2025-04-01,102.69,102.86,100.0,101.43,7866837,1317.33,25565.0,71.19999694824219,3118.89990234375,5633.06982421875
2025-04-02,102.02,102.94,101.68,102.69,3932911,1317.83,25620.0,71.70999908447266,3139.89990234375,5670.97021484375
2025-04-03,96.55,98.99,95.54,95.54,11536434,1229.84,25600.0,66.94999694824219,3097.0,5396.52001953125
2025-04-04,88.89,95.87,88.89,95.11,21606397,1210.67,25600.0,61.9900016784668,3012.0,5074.080078125
2025-04-08,89.22,90.91,88.47,88.47,16338312,1132.79,25780.0,59.58000183105469,2968.39990234375,4982.77001953125
2025-04-09,82.32,90.91,82.32,88.63,16920135,1094.3,25995.0,62.349998474121094,3056.5,5456.89990234375
2025-04-10,94.78,94.78,94.78,94.78,1009422,1168.34,25960.0,60.06999969482422,3155.199951171875,5268.0498046875
2025-04-11,98.48,99.74,96.21,99.74,19273397,1222.46,25720.0,61.5,3222.199951171875,5363.35986328125
2025-04-14,101.01,101.01,95.96,99.74,9243738,1241.44,25715.0,61.529998779296875,3204.800048828125,5405.97021484375
2025-04-15,97.72,98.48,95.7,97.64,7787164,1227.79,25824.0,61.33000183105469,3218.699951171875,5396.6298828125
2025-04-16,96.38,97.56,90.82,90.82,18073930,1210.3,25790.0,62.470001220703125,3326.60009765625,5275.7001953125
2025-04-17,88.38,93.68,88.3,92.08,8598000,1217.25,25830.0,64.68000030517578,3308.699951171875,5282.7001953125
2025-04-18,93.01,96.8,93.01,93.94,7503525,1219.12,25830.0,64.68000030517578,3308.699951171875,5282.7001953125
2025-04-21,94.27,94.69,92.59,94.02,4346403,1207.07,25830.0,63.08000183105469,3406.199951171875,5158.2001953125
2025-04-22,93.43,93.6,87.54,92.93,9157581,1197.13,25871.0,64.30999755859375,3400.800048828125,5287.759765625
2025-04-23,94.02,94.02,90.65,92.93,5722250,1211.0,25932.0,62.27000045776367,3276.300048828125,5375.85986328125
2025-04-24,93.85,95.7,93.09,94.27,7752762,1223.35,25965.0,62.790000915527344,3332.0,5484.77001953125
2025-04-25,94.27,94.61,92.76,94.61,5395660,1229.23,26026.0,63.02000045776367,3282.39990234375,5525.2099609375
2025-04-28,94.27,94.61,91.92,92.17,3871885,1226.8,26019.0,62.04999923706055,3332.5,5528.75
2025-04-29,92.25,93.01,91.83,92.08,2963086,1226.3,25970.0,60.41999816894531,3318.800048828125,5560.830078125
2025-05-05,92.17,92.34,89.98,91.41,7187087,1240.05,25980.0,57.130001068115234,3311.300048828125,5650.3798828125
2025-05-06,91.41,93.43,91.41,92.34,5700105,1241.95,25942.0,59.09000015258789,3411.39990234375,5606.91015625
2025-05-07,92.25,93.6,91.66,92.34,3939067,1250.37,25948.0,58.06999969482422,3381.39990234375,5631.27978515625
2025-05-08,92.93,96.46,91.75,96.21,12669001,1269.8,25953.0,59.90999984741211,3296.60009765625,5663.93994140625
2025-05-09,96.21,97.98,95.54,97.64,8515499,1267.3,25959.0,61.02000045776367,3335.39990234375,5659.91015625
2025-05-12,98.48,99.91,98.23,99.58,8737998,1283.26,25952.0,61.95000076293945,3220.0,5844.18994140625
2025-05-13,101.01,101.26,99.83,100.59,8585153,1293.43,25960.0,63.66999816894531,3240.300048828125,5886.5498046875
2025-05-14,101.01,106.31,101.01,106.31,12115033,1309.73,25951.0,63.150001525878906,3181.39990234375,5892.580078125
2025-05-15,106.48,106.81,104.04,105.22,7832064,1313.2,25924.0,61.619998931884766,3220.699951171875,5916.93017578125
2025-05-16,104.79,104.96,101.76,101.85,8039229,1301.39,25920.0,62.4900016784668,3182.0,5958.3798828125
2025-05-19,100.0,101.43,98.14,99.49,9942512,1296.29,25917.0,62.689998626708984,3228.89990234375,5963.60009765625
2025-05-20,98.31,100.42,98.31,100.33,7929467,1315.15,25932.0,62.560001373291016,3280.300048828125,5940.4599609375
2025-05-21,101.01,101.01,98.48,99.58,6040245,1323.05,25950.0,61.56999969482422,3309.300048828125,5844.60986328125
2025-05-22,98.57,98.99,97.3,98.31,6376715,1313.84,25950.0,61.20000076293945,3292.300048828125,5842.009765625
2025-05-23,98.23,99.15,97.64,98.57,4456672,1314.46,25973.0,61.529998779296875,3363.60009765625,5802.81982421875
2025-05-26,98.23,99.15,96.8,98.73,4039601,1332.51,25946.0,61.529998779296875,3363.60009765625,5802.81982421875
2025-05-27,98.82,100.5,98.82,100.16,5512819,1339.81,25897.0,60.88999938964844,3299.10009765625,5921.5400390625
2025-05-28,100.33,100.5,98.9,99.66,3948303,1341.87,25903.0,61.84000015258789,3293.60009765625,5888.5498046875
2025-05-29,100.16,100.16,98.57,98.57,2945136,1341.86,25950.0,60.939998626708984,3317.10009765625,5912.169921875
2025-05-30,99.32,99.49,98.06,98.06,4051804,1332.6,25996.0,60.790000915527344,3288.89990234375,5911.68994140625
2025-06-02,98.06,98.57,97.3,97.72,2932470,1336.3,26019.0,62.52000045776367,3370.60009765625,5935.93994140625
2025-06-03,98.23,99.32,97.89,98.82,3410333,1347.25,26022.0,63.40999984741211,3350.199951171875,5970.3701171875
2025-06-04,99.32,99.49,98.06,98.57,2883362,1345.74,26038.0,62.849998474121094,3373.5,5970.81005859375
2025-06-05,98.57,98.73,98.06,98.31,2311499,1342.09,26071.0,63.369998931884766,3350.699951171875,5939.2998046875
2025-06-06,98.31,98.31,96.8,96.8,5400395,1329.89,26056.0,64.58000183105469,3322.699951171875,6000.35986328125
2025-06-09,97.22,98.4,96.8,97.81,3064841,1310.57,26047.0,65.29000091552734,3332.10009765625,6005.8798828125
2025-06-10,98.48,98.82,97.39,97.39,3372461,1316.23,26025.0,64.9800033569336,3320.89990234375,6038.81005859375
2025-06-11,97.72,99.49,97.72,99.24,5756496,1315.2,25990.0,68.1500015258789,3321.300048828125,6022.240234375
2025-06-12,99.84,99.92,98.9,99.33,4162497,1322.99,26010.0,68.04000091552734,3380.89990234375,6045.259765625
2025-06-13,98.48,98.9,97.54,97.97,6182491,1315.49,26020.0,72.9800033569336,3431.199951171875,5976.97021484375
2025-06-16,97.71,101.7,97.63,101.02,8087673,1338.11,26050.0,71.7699966430664,3396.39990234375,6033.10986328125
2025-06-17,101.02,101.28,100.34,100.85,4613155,1347.69,26030.0,74.83999633789062,3386.60009765625,5982.72021484375
2025-06-18,100.85,101.45,98.82,99.33,6571082,1346.83,26072.0,75.13999938964844,3389.800048828125,5980.8701171875
2025-06-19,99.33,99.41,98.22,98.48,5416264,1352.04,26092.0,75.13999938964844,3389.800048828125,5980.8701171875
2025-06-20,98.56,99.24,98.31,98.56,4347313,1349.35,26123.0,74.93000030517578,3368.10009765625,5967.83984375
2025-06-23,98.05,98.73,97.2,98.39,4602132,1358.18,26119.0,68.51000213623047,3377.699951171875,6025.169921875
2025-06-24,98.73,99.33,98.73,98.9,4281302,1366.77,26190.0,64.37000274658203,3317.39990234375,6092.18017578125
2025-06-25,99.33,101.36,99.33,99.41,6014965,1366.75,26150.0,64.91999816894531,3327.10009765625,6092.16015625
2025-06-26,100.17,100.43,98.99,99.33,4141284,1365.67,26150.0,65.23999786376953,3333.5,6141.02001953125
2025-06-27,99.33,100.43,99.24,99.58,5273001,1371.44,26100.0,65.5199966430664,3273.699951171875,6173.06982421875
2025-06-30,100.09,101.45,99.84,100.34,6879228,1376.07,26090.0,65.11000061035156,3294.39990234375,6204.9501953125
2025-07-01,101.02,101.45,100.34,100.85,4621512,1377.84,26118.0,65.44999694824219,3336.699951171875,6198.009765625
2025-07-02,100.6,100.77,99.84,100.68,3672455,1384.59,26110.0,67.44999694824219,3348.0,6227.419921875
2025-07-03,100.6,101.7,100.0,100.17,6321182,1381.96,26150.0,67.0,3331.60009765625,6279.35009765625
2025-07-04,100.6,104.76,100.51,103.99,12854266,1386.97,26175.0,66.5,3332.5,6279.35009765625
2025-07-07,104.67,105.86,104.42,105.1,6403004,1402.06,26158.0,67.93000030517578,3332.199951171875,6229.97998046875
2025-07-08,105.35,106.71,105.27,105.69,8085628,1415.46,26120.0,68.33000183105469,3307.0,6225.52001953125
2025-07-09,105.95,106.03,103.83,104.25,12226586,1431.32,26110.0,68.37999725341797,3311.60009765625,6263.259765625
2025-07-10,105.1,106.37,104.84,105.18,5193049,1445.64,26138.0,66.56999969482422,3317.39990234375,6280.4599609375
2025-07-11,106.12,108.66,105.78,107.48,10762062,1457.76,26100.0,68.44999694824219,3356.0,6259.75
2025-07-14,107.98,108.58,106.12,107.9,6000215,1470.42,26108.0,66.9800033569336,3351.5,6268.56005859375
2025-07-15,107.48,108.49,106.97,106.97,5621345,1460.65,26100.0,66.5199966430664,3329.800048828125,6243.759765625
2025-07-16,107.56,107.82,106.2,107.22,5077050,1475.47,26120.0,66.37999725341797,3352.5,6263.7001953125
2025-07-17,107.56,109.6,106.97,107.82,8355437,1490.01,26140.0,67.54000091552734,3340.10009765625,6297.35986328125
2025-07-18,108.66,108.66,106.97,106.97,6512306,1497.28,26135.0,67.33999633789062,3353.0,6296.7900390625
2025-07-21,109.73,109.73,107.68,107.68,7612979,1485.05,26140.0,67.19999694824219,3401.89990234375,6305.60009765625
2025-07-22,107.68,109.53,106.12,109.44,6912737,1509.54,26130.0,66.20999908447266,3439.199951171875,6309.6201171875
2025-07-23,109.63,110.12,108.66,109.14,4825624,1512.31,26120.0,65.25,3394.10009765625,6358.91015625
2025-07-24,109.34,109.44,108.17,108.46,6455334,1521.02,26120.0,66.02999877929688,3371.0,6363.35009765625
2025-07-25,108.46,108.85,107.87,108.07,5163242,1531.13,26110.0,65.16000366210938,3334.0,6388.64013671875
2025-07-28,108.17,108.95,107.87,108.66,7635424,1557.42,26120.0,66.70999908447266,3309.10009765625,6389.77001953125
2025-07-29,108.66,108.95,103.48,103.48,16133144,1493.41,26165.0,69.20999908447266,3323.39990234375,6370.85986328125
2025-07-30,104.46,105.43,102.8,103.58,7517104,1507.63,26195.0,70.0,3295.800048828125,6362.89990234375
2025-07-31,103.58,104.36,101.33,101.53,8989001,1502.52,26200.0,69.26000213623047,3293.199951171875,6339.39013671875
2025-08-01,101.24,104.85,99.09,104.46,10935794,1495.21,26197.0,67.33000183105469,3347.699951171875,6238.009765625
2025-08-04,103.97,104.07,102.31,104.07,4637013,1528.19,26190.0,66.29000091552734,3374.39990234375,6329.93994140625
2025-08-05,104.46,106.12,102.51,103.29,11433392,1547.15,26174.0,65.16000366210938,3381.89990234375,6299.18994140625
2025-08-06,103.48,103.68,102.02,102.41,11864447,1573.71,26225.0,64.3499984741211,3380.0,6345.06005859375
2025-08-07,103.09,104.85,102.41,103.68,9589089,1581.81,26200.0,63.880001068115234,3400.300048828125,6340.0
2025-08-08,103.97,104.85,102.31,103.09,9207301,1584.95,26190.0,63.880001068115234,3439.10009765625,6389.4501953125
2025-08-11,103.38,106.9,102.8,103.87,10309903,1596.86,26200.0,63.959999084472656,3353.10009765625,6373.4501953125
2025-08-12,104.85,105.63,104.07,104.95,11035855,1608.22,26231.0,63.16999816894531,3348.89990234375,6445.759765625
2025-08-13,105.04,105.24,102.41,102.6,21892517,1611.6,26245.0,62.650001525878906,3358.699951171875,6466.580078125
2025-08-14,103.29,103.29,101.24,101.33,17948903,1640.69,26265.0,63.959999084472656,3335.199951171875,6468.5400390625
2025-08-15,101.33,102.31,98.89,98.99,18697086,1630.0,26230.0,62.79999923706055,3336.0,6449.7998046875
2025-08-18,98.99,100.55,97.62,98.11,11450410,1636.37,26240.0,63.41999816894531,3331.699951171875,6449.14990234375
2025-08-19,98.21,99.09,97.62,97.92,9198729,1654.2,26275.0,62.349998474121094,3313.39990234375,6411.3701171875
2025-08-20,97.72,97.92,95.18,95.38,20040979,1664.36,26290.0,63.209999084472656,3343.39990234375,6395.77978515625
2025-08-21,95.38,100.46,95.38,99.28,12663739,1688.0,26370.0,63.52000045776367,3336.89990234375,6370.169921875
2025-08-22,99.19,99.19,96.45,96.65,7246765,1645.47,26405.0,63.65999984741211,3374.39990234375,6466.91015625
2025-08-25,99.58,99.58,96.45,96.45,6761832,1614.03,26300.0,64.80000305175781,3373.800048828125,6439.31982421875
2025-08-26,96.45,97.62,95.57,97.62,5833293,1667.63,26300.0,63.25,3388.60009765625,6465.93994140625
2025-08-27,98.99,102.6,98.8,102.51,19471753,1672.78,26340.0,64.1500015258789,3404.60009765625,6481.39990234375
2025-08-28,102.6,102.6,100.36,102.02,6299351,1680.86,26374.0,64.5999984741211,3431.800048828125,6501.85986328125
2025-08-29,102.51,102.51,99.19,99.19,11117268,1682.21,26360.0,64.01000213623047,3473.699951171875,6460.259765625
2025-09-03,99.58,100.85,97.62,100.75,9772872,1681.3,26340.0,63.970001220703125,3593.199951171875,6448.259765625
2025-09-04,100.85,102.99,100.75,102.51,11059038,1696.29,26365.0,63.47999954223633,3565.800048828125,6502.080078125
2025-09-05,102.7,102.99,100.94,100.94,8835511,1666.97,26360.0,61.869998931884766,3613.199951171875,6481.5
2025-09-08,100.55,101.43,99.48,99.48,10622551,1624.53,26375.0,62.2599983215332,3638.10009765625,6495.14990234375
2025-09-09,99.58,100.55,98.6,99.67,6478341,1637.32,26385.0,62.630001068115234,3643.300048828125,6512.60986328125
2025-09-10,99.67,100.46,98.7,98.8,5512255,1643.26,26360.0,63.66999816894531,3643.60009765625,6532.0400390625
2025-09-11,98.8,100.46,98.11,99.58,7433193,1657.75,26370.0,62.369998931884766,3636.89990234375,6587.47021484375
2025-09-12,99.58,100.46,98.7,99.19,7498375,1667.26,26375.0,62.689998626708984,3649.39990234375,6584.2900390625
2025-09-15,99.48,101.04,99.09,99.48,14167008,1684.9,26355.0,63.29999923706055,3682.199951171875,6615.27978515625
2025-09-16,100.26,102.31,99.58,101.04,17583475,1680.9,26355.0,64.5199966430664,3688.89990234375,6606.759765625
2025-09-17,101.53,105.24,101.53,102.99,20083197,1670.97,26381.0,64.05000305175781,3681.800048828125,6600.35009765625
2025-09-18,103.48,103.77,100.55,100.55,8227572,1665.18,26340.0,63.56999969482422,3643.699951171875,6631.9599609375
2025-09-19,101.33,101.33,98.11,100.55,23557247,1658.62,26355.0,62.68000030517578,3671.5,6664.35986328125
2025-09-22,100.06,100.26,97.23,97.33,16326968,1634.45,26355.0,62.63999938964844,3740.699951171875,6693.75
2025-09-23,97.62,97.62,95.18,95.67,18365378,1635.26,26395.0,63.40999984741211,3780.60009765625,6656.919921875
2025-09-24,95.77,97.14,95.09,97.14,7459032,1657.46,26395.0,64.98999786376953,3732.10009765625,6637.97021484375
2025-09-25,97.14,97.14,95.57,95.67,8659161,1666.09,26395.0,64.9800033569336,3736.89990234375,6604.72021484375
2025-09-26,95.87,96.94,95.09,95.18,8115898,1660.7,26380.0,65.72000122070312,3775.300048828125,6643.7001953125
2025-09-29,95.48,95.48,93.23,93.23,10488698,1666.48,26385.0,63.45000076293945,3820.89990234375,6661.2099609375
2025-09-30,93.23,93.52,90.6,90.79,12086512,1661.7,26414.0,62.369998931884766,3840.800048828125,6688.4599609375
2025-10-01,90.99,92.25,89.23,91.18,7440061,1665.05,26425.0,61.779998779296875,3867.5,6711.2001953125
2025-10-02,90.69,91.18,89.81,89.91,7990319,1652.71,26405.0,60.47999954223633,3839.699951171875,6715.35009765625
2025-10-03,90.01,91.77,89.91,91.18,7702876,1645.82,26393.0,60.880001068115234,3880.800048828125,6715.7900390625
2025-10-06,92.06,93.62,91.28,93.23,6617245,1695.5,26375.0,61.689998626708984,3948.5,6740.27978515625
2025-10-07,93.72,94.01,92.94,93.23,6023461,1685.3,26340.0,61.72999954223633,3976.60009765625,6714.58984375
2025-10-08,93.23,94.6,92.25,92.25,5157890,1697.83,26340.0,62.54999923706055,4043.300048828125,6753.72021484375
2025-10-09,92.74,92.74,91.28,91.96,5741465,1716.47,26335.0,61.5099983215332,3946.300048828125,6735.10986328125
2025-10-10,91.96,94.21,91.57,93.82,8616495,1747.55,26346.0,58.900001525878906,3975.89990234375,6552.509765625
2025-10-13,92.65,92.65,91.47,91.77,7953799,1765.12,26310.0,59.4900016784668,4108.60009765625,6654.72021484375
2025-10-14,91.86,92.25,90.2,90.2,12713796,1761.06,26325.0,58.70000076293945,4138.7001953125,6644.31005859375
2025-10-15,90.4,90.89,87.37,87.47,18824893,1757.95,26343.0,58.27000045776367,4176.89990234375,6671.06005859375
2025-10-16,87.67,89.33,87.47,87.67,7973952,1766.85,26315.0,57.459999084472656,4280.2001953125,6629.06982421875
2025-10-17,87.96,89.33,86.01,86.01,8423276,1731.19,26310.0,57.540000915527344,4189.89990234375,6664.009765625
2025-10-20,86.2,89.62,84.93,84.93,14633215,1636.43,26337.0,57.52000045776367,4336.39990234375,6735.1298828125
2025-10-21,86.89,90.79,86.4,90.79,19571735,1663.43,26330.0,57.81999969482422,4087.699951171875,6735.35009765625
2025-10-22,92.94,96.65,92.74,94.7,18365820,1678.5,26333.0,58.5,4044.39990234375,6699.39990234375
2025-10-23,94.89,94.99,91.77,92.74,6673501,1687.06,26345.0,61.790000915527344,4125.5,6738.43994140625
2025-10-24,92.74,95.38,92.45,95.38,13797916,1683.18,26312.0,61.5,4118.39990234375,6791.68994140625
2025-10-27,96.65,97.33,94.01,95.67,12946379,1652.54,26280.0,61.310001373291016,4001.89990234375,6875.16015625
2025-10-28,96.26,99.77,96.26,99.77,20966367,1680.5,26280.0,60.150001525878906,3966.199951171875,6890.89013671875
2025-10-29,99.97,100.75,98.7,99.28,9344715,1685.83,26308.0,60.47999954223633,3983.699951171875,6890.58984375
2025-10-30,99.67,101.04,99.19,100.26,9758541,1669.57,26335.0,60.56999969482422,4001.300048828125,6822.33984375
2025-10-31,100.16,101.43,98.6,101.43,14854263,1639.65,26315.0,60.97999954223633,3982.199951171875,6840.2001953125
2025-11-03,101.33,103.77,101.04,102.51,21030571,1617.0,26310.0,61.04999923706055,4000.300048828125,6851.97021484375
2025-11-04,101.63,102.21,99.28,100.85,10662165,1651.98,26309.0,60.560001373291016,3947.699951171875,6771.5498046875
2025-11-05,99.38,99.58,97.23,98.5,11784047,1654.89,26295.0,59.599998474121094,3980.300048828125,6796.2900390625
2025-11-06,98.5,99.58,97.04,97.82,6781958,1642.64,26300.0,59.43000030517578,3979.89990234375,6720.31982421875
2025-11-07,97.14,99.38,97.14,98.6,5881390,1599.1,26285.0,59.75,3999.39990234375,6728.7998046875
2025-11-10,98.8,98.8,93.91,93.91,10115824,1580.54,26280.0,60.130001068115234,4111.7998046875,6832.43017578125
2025-11-11,94.5,95.57,93.82,93.82,6649987,1593.61,26270.0,61.040000915527344,4106.7998046875,6846.60986328125
2025-11-12,94.21,98.21,94.21,98.21,6649911,1631.86,26280.0,58.4900016784668,4204.39990234375,6850.919921875
2025-11-13,98.21,98.31,96.35,96.55,4774081,1631.44,26280.0,58.689998626708984,4186.89990234375,6737.490234375
2025-11-14,96.55,98.5,95.87,97.62,4713954,1635.46,26320.0,60.09000015258789,4087.60009765625,6734.10986328125
2025-11-17,98.21,99.38,98.21,98.6,5607991,1654.42,26325.0,59.90999984741211,4068.300048828125,6672.41015625
2025-11-18,98.6,98.7,96.45,97.62,6522460,1659.92,26335.0,60.7400016784668,4061.300048828125,6617.31982421875
2025-11-19,97.14,97.14,95.67,95.67,5191305,1649.0,26378.0,59.439998626708984,4077.699951171875,6642.16015625
2025-11-20,96.26,97.33,95.77,96.65,4608598,1655.99,26376.0,59.13999938964844,4056.5,6538.759765625
2025-11-21,95.67,98.8,95.48,98.4,7956420,1654.93,26366.0,58.060001373291016,4076.699951171875,6602.990234375
2025-11-24,98.31,98.7,97.23,97.82,5079550,1667.98,26349.0,58.84000015258789,4091.89990234375,6705.1201171875
2025-11-25,97.33,97.92,96.65,97.33,4510630,1660.36,26350.0,57.95000076293945,4139.2001953125,6765.8798828125
2025-11-26,97.43,97.82,96.55,96.65,5843562,1680.36,26343.0,58.650001525878906,4165.2001953125,6812.60986328125
2025-11-27,96.84,97.43,95.77,97.14,4796150,1684.32,26350.0,58.650001525878906,4165.2001953125,6812.60986328125
2025-11-28,96.75,97.04,94.79,94.79,6239769,1690.99,26372.0,58.54999923706055,4218.2998046875,6849.08984375
2025-12-01,95.58,96.37,94.79,95.29,3145177,1701.67,26330.0,59.31999969482422,4239.2998046875,6812.6298828125
2025-12-02,95.48,95.98,94.1,95.29,5590644,1717.06,26340.0,58.63999938964844,4186.60009765625,6829.3701171875
2025-12-03,95.68,95.68,94.69,95.29,6491714,1731.77,26340.0,58.95000076293945,4199.2998046875,6849.72021484375
2025-12-04,95.29,97.16,95.29,96.17,7409987,1737.24,26345.0,59.66999816894531,4211.7998046875,6857.1201171875
2025-12-05,96.17,96.17,94.79,94.89,5090389,1741.32,26340.0,60.08000183105469,4212.89990234375,6870.39990234375
2025-12-08,95.29,95.98,94.2,94.2,5307100,1753.74,26320.0,58.880001068115234,4187.2001953125,6846.509765625
2025-12-09,94.2,95.68,93.12,95.58,9995279,1747.17,26320.0,58.25,4206.7001953125,6840.509765625
2025-12-10,95.78,95.78,94.3,94.3,3909618,1718.98,26340.0,58.459999084472656,4196.39990234375,6886.68017578125
2025-12-11,94.6,95.29,94.3,94.69,5211998,1698.9,26355.0,57.599998474121094,4285.5,6901.0
2025-12-12,94.69,94.69,92.23,92.43,5546553,1646.89,26300.0,57.439998626708984,4300.10009765625,6827.41015625
2025-12-15,92.62,93.12,92.23,92.52,3544964,1646.01,26303.0,56.81999969482422,4306.7001953125,6816.509765625
2025-12-16,92.62,94.1,90.75,93.61,6319127,1679.18,26290.0,55.27000045776367,4304.5,6800.259765625
2025-12-17,93.12,94.99,93.12,94.6,4987508,1673.66,26310.0,55.939998626708984,4347.5,6721.43017578125
2025-12-18,94.2,94.3,92.62,93.12,4132572,1676.98,26300.0,56.150001525878906,4339.5,6774.759765625
2025-12-19,92.72,93.71,92.33,92.62,4506285,1704.31,26285.0,56.65999984741211,4361.39990234375,6834.5
2025-12-22,92.82,93.02,92.23,92.43,6169771,1751.03,26265.0,58.0099983215332,4444.60009765625,6878.490234375
2025-12-23,92.72,94.6,92.33,92.72,6027267,1772.15,26300.0,58.380001068115234,4482.7998046875,6909.7900390625
2025-12-24,92.82,92.92,91.83,92.33,3914048,1782.82,26326.0,58.349998474121094,4480.60009765625,6932.0498046875
2025-12-25,92.33,93.51,91.74,91.74,4583931,1742.85,26326.0,58.349998474121094,4480.60009765625,6932.0498046875
2025-12-26,91.44,91.74,89.76,91.24,6644428,1729.8,26277.0,56.7400016784668,4529.10009765625,6929.93994140625
2025-12-29,91.24,93.61,91.24,93.02,6316449,1754.84,26255.0,58.08000183105469,4325.10009765625,6905.740234375
2025-12-30,93.21,95.29,93.02,95.19,7290492,1766.9,26245.0,57.95000076293945,4370.10009765625,6896.240234375
2025-12-31,95.48,95.68,93.91,94.5,3098712,1784.49,26225.0,57.41999816894531,4325.60009765625,6845.5
2026-01-05,94.4,94.4,91.93,93.71,7052389,1788.4,26295.0,58.31999969482422,4436.89990234375,6902.0498046875
2026-01-06,93.41,93.51,92.33,92.72,5412460,1816.27,26269.0,57.130001068115234,4482.2001953125,6944.81982421875
2026-01-07,92.82,96.27,92.72,96.17,11454407,1861.58,26274.0,55.9900016784668,4449.2998046875,6920.93017578125
2026-01-08,96.77,96.77,95.19,95.19,5596578,1855.56,26271.0,57.7599983215332,4449.7001953125,6921.4599609375
2026-01-09,94.79,98.54,94.69,96.08,10078520,1867.9,26230.0,59.119998931884766,4490.2998046875,6966.27978515625
2026-01-12,96.67,98.15,96.67,98.15,9107218,1877.33,26225.0,59.5,4604.2998046875,6977.27001953125
2026-01-13,98.34,100.32,96.57,97.55,9442492,1902.93,26270.0,61.150001525878906,4589.2001953125,6963.740234375
2026-01-14,97.65,99.73,96.47,98.44,11927501,1894.44,26250.0,62.02000045776367,4626.2998046875,6926.60009765625
2026-01-15,98.44,100.32,97.06,97.16,7428671,1864.8,26230.0,59.189998626708984,4616.2998046875,6944.47021484375
2026-01-16,98.15,103.87,98.15,103.87,23987996,1879.13,26230.0,59.439998626708984,4588.39990234375,6940.009765625
2026-01-19,107.22,107.22,104.07,104.36,14761552,1896.59,26235.0,59.439998626708984,4588.39990234375,6940.009765625
2026-01-20,104.66,105.54,102.59,102.68,12255311,1893.78,26225.0,60.34000015258789,4759.60009765625,6796.85986328125
2026-01-21,101.8,105.05,99.73,103.57,14561573,1885.44,26264.0,60.619998931884766,4831.7998046875,6875.6201171875
2026-01-22,104.07,104.36,102.09,102.09,8120094,1882.73,26225.0,59.36000061035156,4908.7998046875,6913.35009765625
2026-01-23,102.19,103.18,99.63,99.63,9446869,1870.79,26267.0,61.06999969482422,4976.2001953125,6915.60986328125
2026-01-26,98.84,100.22,96.67,97.16,11219398,1843.72,26205.0,60.630001068115234,5079.7001953125,6950.22998046875
2026-01-27,98.25,101.11,97.75,100.71,10605437,1830.5,26181.0,62.38999938964844,5079.89990234375,6978.60009765625
2026-01-28,101.01,104.36,100.91,103.08,11978840,1802.91,26130.0,63.209999084472656,5301.60009765625,6978.02978515625
2026-01-29,103.57,105.74,102.29,104.66,14286613,1814.98,26020.0,65.41999816894531,5318.39990234375,6969.009765625
2026-01-30,104.95,104.95,102.49,103.08,10861254,1829.04,25950.0,65.20999908447266,4713.89990234375,6939.02978515625
2026-02-02,101.9,102.88,100.22,102.88,9362784,1806.5,25880.0,62.13999938964844,4622.5,6976.43994140625
2026-02-03,103.47,103.97,101.5,102.49,9116438,1813.4,25970.0,63.209999084472656,4903.7001953125,6917.81005859375
2026-02-04,101.7,102.09,100.12,100.51,11665250,1791.43,26000.0,65.13999938964844,4920.39990234375,6882.72021484375
2026-02-05,99.82,100.51,97.65,97.65,18118564,1782.56,25978.0,63.290000915527344,4861.39990234375,6798.39990234375
2026-02-06,96.67,98.64,95.38,96.27,9796115,1755.49,25940.0,63.54999923706055,4951.2001953125,6932.2998046875
2026-02-09,97.46,98.05,96.57,97.65,5123453,1754.82,25900.0,64.36000061035156,5050.89990234375,6964.81982421875
2026-02-10,98.54,98.54,95.98,96.47,6143120,1754.03,25860.0,63.959999084472656,5003.7998046875,6941.81005859375
2026-02-11,96.86,98.15,96.08,97.26,5525584,1796.85,25840.0,64.62999725341797,5071.60009765625,6941.47021484375
2026-02-12,97.65,97.85,97.06,97.46,4137993,1814.09,25950.0,62.84000015258789,4923.7001953125,6832.759765625
2026-02-13,96.77,97.16,94.99,94.99,18546292,1824.09,25910.0,62.88999938964844,5022.0,6836.169921875
2026-02-23,95.48,95.48,91.83,93.21,22701438,1860.14,25920.0,66.30999755859375,5204.7001953125,6837.75
2026-02-24,92.72,92.72,91.24,91.24,28627330,1867.62,26080.0,65.62999725341797,5155.7998046875,6890.06982421875
2026-02-25,90.95,91.24,87.79,87.89,47840750,1860.91,26180.0,65.41999816894531,5206.39990234375,6946.1298828125
2026-02-26,88.78,90.95,88.68,89.27,17593368,1879.64,26099.0,65.20999908447266,5176.5,6908.85986328125
2026-02-27,89.76,92.23,89.07,91.64,18758235,1880.33,26030.0,67.0199966430664,5230.5,6878.8798828125
2026-03-02,88.87,90.26,88.09,88.38,17330484,1846.1,26040.0,71.2300033569336,5294.39990234375,6881.6201171875
2026-03-03,88.87,89.66,85.82,85.82,16602632,1813.14,26160.0,74.55999755859375,5107.39990234375,6816.6298828125
2026-03-04,85.72,85.82,83.05,83.94,23868575,1818.27,26150.0,74.66000366210938,5120.2001953125,6869.5
2026-03-05,85.32,85.62,83.25,83.25,15982927,1808.51,26165.0,81.01000213623047,5065.2998046875,6830.7099609375
2026-03-06,83.25,83.45,80.39,80.49,23821524,1767.84,26210.0,90.9000015258789,5146.10009765625,6740.02001953125
2026-03-09,74.97,75.66,74.87,74.87,17766972,1652.79,26180.0,94.7699966430664,5091.5,6795.990234375
2026-03-10,75.36,78.52,75.36,78.42,21164561,1676.73,26245.0,83.44999694824219,5229.7001953125,6781.47998046875
2026-03-11,78.91,79.9,77.24,79.11,10701103,1728.34,26175.0,87.25,5167.39990234375,6775.7998046875
2026-03-12,77.73,78.12,76.45,76.64,12780458,1709.61,26190.0,95.7300033569336,5115.7998046875,6672.6201171875
2026-03-13,76.05,77.43,75.26,75.95,9078212,1696.24,26240.0,98.70999908447266,5052.5,6632.18994140625
2026-03-16,76.05,78.22,76.05,77.14,8696615,1693.21,26271.0,93.5,4994.0,6699.3798828125
2026-03-17,78.32,80.19,78.02,78.32,9265415,1710.29,26260.0,96.20999908447266,5001.0,6716.08984375
2026-03-18,78.91,79.11,77.04,77.53,6387339,1713.83,26280.0,96.31999969482422,4889.89990234375,6624.7001953125
2026-03-19,76.64,76.74,75.56,75.76,11647254,1699.13,26300.0,96.13999938964844,4600.7001953125,6606.490234375
2026-03-20,75.46,75.46,72.6,73.59,21498776,1647.81,26255.0,98.31999969482422,4570.39990234375,6506.47998046875
2026-03-23,72.7,75.07,70.63,72.11,13214004,1591.17,26285.0,88.12999725341797,4404.10009765625,6581.0
2026-03-24,74.47,74.87,73.09,74.37,5216113,1614.77,26339.0,92.3499984741211,4399.2998046875,6556.3701171875
2026-03-25,75.16,75.95,74.57,75.95,7459339,1658.19,26350.0,90.31999969482422,4549.7998046875,6591.89990234375
2026-03-26,75.95,75.95,73.19,73.19,9779895,1644.63,26341.0,94.4800033569336,4375.5,6477.16015625
2026-03-27,73.49,75.26,72.99,75.07,9105756,1672.8,26348.0,99.63999938964844,4492.0,6368.85009765625
2026-03-30,73.39,74.18,72.5,72.99,7850443,1662.54,26320.0,102.87999725341797,4526.0,6343.72021484375
2026-03-31,73.88,74.47,73.39,73.68,5661662,1674.49,26335.0,101.37999725341797,4647.60009765625,6528.52001953125
2026-04-01,74.87,75.26,73.98,74.28,8562763,1702.93,26323.0,100.12000274658203,4783.2001953125,6575.31982421875
2026-04-02,74.18,74.18,73.19,73.68,5253234,1694.82,26310.0,111.54000091552734,4651.5,6582.68994140625
2026-04-03,73.68,74.47,72.89,72.99,6367168,1684.04,26310.0,111.54000091552734,4651.5,6582.68994140625
2026-04-06,72.99,73.49,72.5,72.89,4621686,1674.99,26318.0,112.41000366210938,4656.7998046875,6611.830078125
2026-04-07,73.49,73.49,72.8,72.99,4738228,1677.54,26312.0,112.94999694824219,4657.10009765625,6616.85009765625
2026-04-08,74.97,78.02,74.08,78.02,14672698,1756.55,26305.0,94.41000366210938,4749.5,6782.81005859375
2026-04-09,78.02,78.12,77.04,77.24,6305834,1736.68,26304.0,97.87000274658203,4792.2001953125,6824.66015625
2026-04-10,77.53,77.93,76.25,76.64,6135566,1750.0,26320.0,96.56999969482422,4761.89990234375,6816.89013671875
2026-04-13,75.85,75.95,74.87,74.97,9589620,1758.96,26335.0,99.08000183105469,4742.39990234375,6886.240234375
2026-04-14,75.95,76.15,74.97,75.16,7119383,1775.65,26325.0,91.27999877929688,4825.0,6967.3798828125
2026-04-15,75.85,75.95,73.98,74.08,10094653,1800.65,26340.0,91.29000091552734,4800.0,7022.9501953125
2026-04-16,74.57,74.57,72.99,73.09,11361615,1819.83,26302.0,94.69000244140625,4785.39990234375,7041.27978515625
2026-04-17,73.98,76.94,73.88,74.97,12391576,1817.17,26300.0,83.8499984741211,4857.60009765625,7126.06005859375
2026-04-20,75.26,75.95,75.07,75.85,6906174,1837.11,26313.0,89.61000061035156,4806.60009765625,7109.14013671875
2026-04-21,75.95,76.35,74.08,74.08,7170992,1833.48,26308.0,92.12999725341797,4698.39990234375,7064.009765625
2026-04-22,74.47,74.47,73.09,73.59,8183660,1857.3,26325.0,92.95999908447266,4732.5,7137.89990234375
2026-04-23,73.98,74.97,73.09,73.29,8007390,1870.36,26320.0,95.8499984741211,4705.10009765625,7108.39990234375
2026-04-24,72.99,73.09,72.2,72.4,10525022,1853.29,26294.0,94.4000015258789,4722.2998046875,7165.080078125
2026-04-28,72.4,73.39,71.91,73.39,9542103,1875.84,26350.0,99.93000030517578,4591.5,7138.7998046875
2026-04-29,72.4,74.47,72.4,74.47,9185869,1854.1,26330.0,106.87999725341797,4545.2001953125,7135.9501953125
2026-05-04,73.88,74.08,72.6,72.7,8328235,1854.06,26355.0,106.41999816894531,4519.5,7200.75
2026-05-05,72.7,73.49,71.81,73.29,6864166,1874.85,26312.0,102.2699966430664,4555.7998046875,7259.22021484375
2026-05-06,73.19,73.19,72.01,72.3,9488402,1891.2,26280.0,95.08000183105469,4681.89990234375,7365.1201171875
2026-05-07,72.89,73.29,72.01,72.01,10219324,1909.01,26320.0,94.80999755859375,4699.7998046875,7337.10986328125
2026-05-08,72.2,72.3,70.92,70.92,13514337,1915.37,26260.0,95.41999816894531,4720.39990234375,7398.93017578125
2026-05-11,70.72,70.72,69.05,69.05,17004224,1895.5,26306.0,98.06999969482422,4718.7001953125,7412.83984375
2026-05-12,69.15,70.53,69.05,69.64,8577521,1901.1,26320.0,102.18000030517578,4677.60009765625,7400.9599609375
2026-05-13,69.64,70.53,69.05,69.74,11580539,1898.37,26299.0,101.0199966430664,4697.7001953125,7444.25
2026-05-14,70.13,74.28,70.03,72.89,21629725,1925.46,26317.0,101.16999816894531,4678.10009765625,7501.240234375
2026-05-15,73.19,73.19,71.71,71.91,6422714,1921.6,26340.0,105.41999816894531,4555.7998046875,7408.5
2026-05-18,71.91,74.28,71.02,73.88,18371934,1927.94,26350.0,108.66000366210938,4552.5,7403.0498046875
2026-05-19,73.98,74.77,73.29,73.49,11329616,1912.93,26327.0,107.7699966430664,4506.2998046875,7353.60986328125
2026-05-20,73.78,77.43,71.81,76.64,26047157,1913.23,26329.0,98.26000213623047,4531.2998046875,7432.97021484375
2026-05-21,76.64,76.84,74.67,75.46,11846629,1896.89,26355.0,96.3499984741211,4539.7998046875,7445.72021484375
2026-05-22,75.76,76.54,74.08,74.08,11705347,1877.13,26350.0,96.5999984741211,4521.0,7473.47021484375
2026-05-25,73.59,74.57,72.5,72.5,10480758,1886.03,26340.0,96.5999984741211,4521.0,7473.47021484375
2026-05-26,72.6,73.59,72.6,73.49,5124782,1884.18,26322.0,93.88999938964844,4500.39990234375,7519.1201171875
2026-05-27,73.49,74.28,72.11,72.6,9205891,1874.43,26294.0,88.68000030517578,4447.5,7520.35986328125
2026-05-28,72.8,73.1,71.2,71.2,10693258,1863.67,26273.0,88.9000015258789,4499.2998046875,7563.6298828125
2026-05-29,71.2,72.5,70.8,71.6,5471427,1863.49,26326.0,87.36000061035156,4560.5,7580.06005859375
2026-06-01,72.2,73.4,72.1,72.9,5994107,1844.54,26255.0,92.16000366210938,4475.2001953125,7599.9599609375
2026-06-02,73.0,75.6,73.0,74.8,17419530,1826.47,26265.0,93.76000213623047,4489.10009765625,7609.77978515625
2026-06-03,75.1,77.7,75.0,76.5,25354808,1819.01,26275.0,96.0199966430664,4436.7001953125,7553.68017578125
2026-06-04,76.7,77.2,75.8,76.1,11331159,1831.55,26290.0,93.04000091552734,4475.7998046875,7584.31005859375
2026-06-05,76.0,76.0,74.3,75.0,11249802,1838.9,26275.0,90.54000091552734,4337.10009765625,7383.740234375
2026-06-08,73.7,74.5,72.8,72.9,10952915,1790.53,26270.0,91.30000305175781,4335.89990234375,7405.72998046875
2026-06-09,73.4,74.2,72.6,73.7,7803771,1793.05,26285.0,88.19999694824219,4260.0,7386.64990234375
2026-06-10,73.5,74.5,73.5,74.2,4736000,1803.71,26270.0,90.02999877929688,4108.2001953125,7266.990234375
2026-06-11,73.9,73.9,73.1,73.1,3507300,1798.61,26265.0,87.70999908447266,4090.300048828125,7394.2998046875
2026-06-12,73.6,74.3,73.5,73.5,5688200,1791.65,26325.0,84.87999725341797,4215.0,7431.4599609375
2026-06-15,74.4,75.2,73.5,73.6,6422700,1799.31,26250.0,80.75,4328.0,7554.2900390625
2026-06-16,73.7,74.2,73.1,73.2,5819800,1807.94,26230.0,76.05000305175781,4330.89990234375,7511.35009765625
2026-06-17,73.3,73.4,72.2,72.3,10652200,1806.2,26240.0,76.79000091552734,4358.89990234375,7420.10009765625
2026-06-18,72.3,72.3,71.5,71.6,13665800,1830.47,26265.0,76.5999984741211,4224.10009765625,7500.580078125
2026-06-19,71.6,71.8,70.8,71.5,14295100,1824.53,26270.0,76.5999984741211,4224.10009765625,7500.580078125
2026-06-22,71.5,71.7,70.3,70.6,9260100,1857.91,26265.0,74.81999969482422,4181.89990234375,7472.7900390625
2026-06-23,70.9,71.8,70.7,70.8,5737500,1869.04,26315.0,73.20999908447266,4129.89990234375,7365.4599609375
2026-06-24,71.0,71.2,70.1,70.8,5968500,1878.02,26265.0,70.33999633789062,3990.300048828125,7358.22021484375
2026-06-25,71.0,71.7,70.8,71.0,6592100,1863.07,26330.0,71.91999816894531,4030.5,7357.490234375
2026-06-26,71.3,71.3,70.3,70.8,4333200,1871.91,26315.0,69.2300033569336,4078.699951171875,7354.02001953125
2026-06-29,70.7,70.8,70.2,70.4,4618200,1854.97,26245.0,70.75,4022.300048828125,7440.43017578125
2026-06-30,70.5,70.8,70.2,70.2,6075800,1860.01,26230.0,69.5,4022.89990234375,7499.35986328125
2026-07-01,70.4,73.2,70.3,72.9,11630500,1867.21,26255.0,68.58000183105469,4068.300048828125,7483.22998046875
2026-07-02,72.9,73.3,72.5,72.5,5690500,1866.35,26299.0,68.69000244140625,4112.7001953125,7483.240234375
2026-07-03,72.5,73.1,71.7,72.3,7490500,1862.08,26285.0,68.69000244140625,4112.7001953125,7483.240234375
2026-07-06,72.4,74.0,71.9,73.0,11200200,1843.5,26294.0,68.55000305175781,4155.10009765625,7537.43017578125
2026-07-07,73.0,73.7,72.5,73.2,4557200,1848.25,26299.0,70.44000244140625,4145.2998046875,7503.85009765625
2026-07-08,72.4,72.8,71.5,72.1,6741600,1853.7,26289.0,73.5199966430664,4070.89990234375,7482.7099609375
2026-07-09,71.8,73.0,71.7,72.1,4441900,1840.7,26294.0,72.08000183105469,4130.60009765625,7543.64013671875
2026-07-10,72.0,72.3,70.6,70.6,7937300,1828.34,26290.0,71.41000366210938,4104.10009765625,7575.39013671875
2026-07-13,70.3,71.3,70.2,70.5,7738400,1800.54,26261.0,78.13999938964844,3997.0,7515.33984375
2026-07-14,70.3,70.9,70.0,70.3,6626800,1806.63,26250.0,79.33999633789062,4061.10009765625,7543.58984375
2026-07-15,70.4,70.4,66.8,66.8,21271900,1782.12,26259.0,79.5999984741211,4044.0,7572.39990234375
2026-07-16,66.7,68.0,64.7,68.0,13030600,1804.24,26254.0,78.94999694824219,3985.60009765625,7533.77001953125
2026-07-17,68.3,68.4,67.0,67.0,3987800,1787.45,26251.0,82.48999786376953,4012.699951171875,7457.68994140625
2026-07-20,66.9,67.7,66.1,67.1,7346800,1743.51,26292.0,83.2300033569336,4010.300048828125,7443.27978515625
2026-07-21,66.5,67.9,64.8,64.8,7540400,1730.56,26290.0,84.91000366210938,4071.10009765625,7509.2001953125
2026-07-22,65.0,67.5,64.6,64.6,10060700,1668.53,26300.0,86.83000183105469,4146.89990234375,7498.9599609375
2026-07-23,65.0,65.7,64.2,64.7,6287300,1699.38,26305.0,92.19000244140625,4046.60009765625,7408.2998046875
2026-07-24,64.3,64.5,62.8,62.9,5804800,1686.11,26314.0,89.30999755859375,4067.60009765625,7411.97998046875
2026-07-27,63.1,63.7,62.2,62.2,4449500,1669.01,26300.0,82.61000061035156,4074.5,7413.18017578125
2026-07-28,61.9,63.7,61.5,63.0,5399400,1680.62,26313.0,79.26000213623047,4036.300048828125,7428.77978515625
2026-07-29,63.0,65.3,62.5,65.1,6114000,1704.68,26330.0,84.45999908447266,4034.699951171875,7316.14990234375
2026-07-30,65.2,67.2,64.8,67.0,7571500,1744.66,26321.0,83.58999633789062,4100.10009765625,7437.6298828125
2026-07-31,67.2,67.9,66.5,67.1,6253600,1735.78,26279.0,84.66999816894531,4049.10009765625,7489.72021484375
2026-08-03,67.4,71.7,67.3,71.7,16279100,1762.84,26291.0,80.33999633789062,4033.699951171875,7600.5
2026-08-04,72.4,73.3,71.3,71.5,6584300,1777.23,26286.0,75.7699966430664,4095.39990234375,7736.52001953125
2026-08-05,72.2,72.2,70.2,70.3,6877600,1776.46,26259.0,75.22000122070312,4245.7998046875,7723.5498046875
2026-08-06,70.4,71.4,70.4,70.7,4629700,1764.78,26249.0,77.29000091552734,4242.0,7709.9599609375
2026-08-07,71.1,71.7,70.3,70.8,4301800,1768.06,26234.0,78.18000030517578,4340.7001953125,7757.64013671875
2026-08-10,70.9,72.0,70.7,71.8,5252100,1776.77,26203.0,82.12999725341797,4361.7998046875,7753.10986328125
2026-08-11,71.6,73.1,71.0,71.2,6936800,1773.41,26150.0,83.19999694824219,4383.0,7728.2001953125
2026-08-12,71.2,71.9,70.6,70.8,3685600,1793.18,26130.0,83.2699966430664,4408.89990234375,7748.5
2026-08-13,71.0,71.3,69.2,69.2,7458000,1765.63,26049.0,81.25,4363.60009765625,7798.990234375
2026-08-14,69.3,69.6,68.0,68.3,7123800,1729.08,26070.0,82.4000015258789,4380.39990234375,7785.759765625
2026-08-17,68.4,69.4,68.4,68.8,4104500,1727.46,26147.0,84.5,4417.7998046875,7745.06005859375
2026-08-18,68.8,69.3,68.2,69.0,3383800,1732.02,26200.0,84.94000244140625,4366.0,7691.759765625
2026-08-19,69.0,69.2,68.6,68.9,1821000,1726.69,26175.0,85.83000183105469,4489.39990234375,7707.97998046875
2026-08-20,69.1,70.3,69.1,69.8,4468100,1734.24,26179.0,87.83000183105469,4516.2998046875,7641.16015625
2026-08-21,69.9,72.0,69.5,72.0,7035800,1768.12,26113.0,87.05999755859375,4624.10009765625,7674.3701171875
